{"1": {"neighbours": [5], "node_range": 1.0, "x": 4.785263, "y": 0.677767}, "2": {"neighbours": [4], "node_range": 1.0, "x": 2.69068, "y": 0.474501}, "3": {"neighbours": [5], "node_range": 1.0, "x": 4.210089, "y": 2.021462}, "4": {"neighbours": [2], "node_range": 1.0, "x": 2.306025, "y": 0.584553}, "5": {"neighbours": [1, 3], "node_range": 1.0, "x": 4.687159, "y": 1.646328}}