{"1": {"neighbours": [2], "node_range": 1.0, "x": 4.571074, "y": 0.716664}, "2": {"neighbours": [1], "node_range": 1.0, "x": 4.425792, "y": 0.528749}, "3": {"neighbours": [4, 5], "node_range": 1.0, "x": 1.815935, "y": 4.144142}, "4": {"neighbours": [3, 5], "node_range": 1.0, "x": 2.134039, "y": 3.422882}, "5": {"neighbours": [3, 4], "node_range": 1.0, "x": 1.939148, "y": 4.057062}}