{"1": {"neighbours": [4, 5], "node_range": 1.0, "x": 0.717849, "y": 0.657187}, "2": {"neighbours": [3], "node_range": 1.0, "x": 3.679625, "y": 3.195729}, "3": {"neighbours": [2], "node_range": 1.0, "x": 4.010547, "y": 3.740258}, "4": {"neighbours": [1, 5], "node_range": 1.0, "x": 1.05618, "y": 1.271657}, "5": {"neighbours": [1, 4], "node_range": 1.0, "x": 1.209036, "y": 0.559096}}