{"1": {"neighbours": [2, 3], "node_range": 1.0, "x": 2.501276, "y": 2.627373}, "2": {"neighbours": [1, 3], "node_range": 1.0, "x": 2.118496, "y": 3.207873}, "3": {"neighbours": [1, 2], "node_range": 1.0, "x": 2.248059, "y": 3.459238}, "4": {"neighbours": [5], "node_range": 1.0, "x": 1.574987, "y": 2.03057}, "5": {"neighbours": [4], "node_range": 1.0, "x": 0.842807, "y": 2.530465}}