{"1": {"neighbours": [3], "node_range": 2.0, "x": 4.473405, "y": 4.642494}, "2": {"neighbours": [4], "node_range": 2.0, "x": 3.198131, "y": 0.801649}, "3": {"neighbours": [1, 5], "node_range": 2.0, "x": 3.985418, "y": 4.393737}, "4": {"neighbours": [2], "node_range": 2.0, "x": 2.139275, "y": 0.175459}, "5": {"neighbours": [3], "node_range": 2.0, "x": 3.200716, "y": 2.81274}}