{"1": {"neighbours": [2, 4], "node_range": 2.0, "x": 3.436536, "y": 0.464211}, "2": {"neighbours": [1, 4], "node_range": 2.0, "x": 4.889968, "y": 0.985456}, "3": {"neighbours": [5], "node_range": 2.0, "x": 2.114288, "y": 2.502855}, "4": {"neighbours": [1, 2], "node_range": 2.0, "x": 4.632399, "y": 1.518463}, "5": {"neighbours": [3], "node_range": 2.0, "x": 2.107657, "y": 4.276922}}