{"1": {"neighbours": [5], "node_range": 2.0, "x": 4.649672, "y": 0.712918}, "2": {"neighbours": [3], "node_range": 2.0, "x": 4.711811, "y": 4.680628}, "3": {"neighbours": [2, 4], "node_range": 2.0, "x": 3.295623, "y": 3.462448}, "4": {"neighbours": [3], "node_range": 2.0, "x": 2.555773, "y": 2.912315}, "5": {"neighbours": [1], "node_range": 2.0, "x": 4.894224, "y": 1.038913}}