{"1": {"neighbours": [4], "node_range": 2.0, "x": 1.852708, "y": 4.767733}, "2": {"neighbours": [3, 5], "node_range": 2.0, "x": 0.037418, "y": 2.034719}, "3": {"neighbours": [2, 5], "node_range": 2.0, "x": 0.148928, "y": 0.822218}, "4": {"neighbours": [1, 5], "node_range": 2.0, "x": 2.360153, "y": 3.79121}, "5": {"neighbours": [2, 3, 4], "node_range": 2.0, "x": 1.350337, "y": 2.414901}}