{"1": {"neighbours": [3, 4], "node_range": 2.0, "x": 0.992385, "y": 3.086491}, "2": {"neighbours": [4, 5], "node_range": 2.0, "x": 1.617462, "y": 0.446847}, "3": {"neighbours": [1, 4], "node_range": 2.0, "x": 2.83761, "y": 3.549049}, "4": {"neighbours": [1, 2, 3], "node_range": 2.0, "x": 1.947205, "y": 2.346387}, "5": {"neighbours": [2], "node_range": 2.0, "x": 1.530746, "y": 0.137875}}