{"1": {"neighbours": [2, 3, 4, 5], "node_range": 3.0, "x": 2.790875, "y": 2.55453}, "2": {"neighbours": [1, 3, 4, 5], "node_range": 3.0, "x": 4.874045, "y": 4.251593}, "3": {"neighbours": [1, 2, 4, 5], "node_range": 3.0, "x": 3.407695, "y": 3.116603}, "4": {"neighbours": [1, 2, 3, 5], "node_range": 3.0, "x": 4.148685, "y": 1.869708}, "5": {"neighbours": [1, 2, 3, 4], "node_range": 3.0, "x": 3.312495, "y": 4.648456}}