{"1": {"neighbours": [3, 4, 5], "node_range": 3.0, "x": 3.56511, "y": 2.005833}, "2": {"neighbours": [3, 5], "node_range": 3.0, "x": 0.905608, "y": 0.522333}, "3": {"neighbours": [1, 2, 5], "node_range": 3.0, "x": 2.400462, "y": 0.642969}, "4": {"neighbours": [1], "node_range": 3.0, "x": 4.523841, "y": 4.410263}, "5": {"neighbours": [1, 2, 3], "node_range": 3.0, "x": 3.289781, "y": 1.004284}}