{"1": {"neighbours": [3, 4], "node_range": 3.0, "x": 3.842062, "y": 1.40034}, "2": {"neighbours": [3, 5], "node_range": 3.0, "x": 0.693141, "y": 3.003716}, "3": {"neighbours": [1, 2, 4, 5], "node_range": 3.0, "x": 1.493604, "y": 2.78959}, "4": {"neighbours": [1, 3, 5], "node_range": 3.0, "x": 2.9681, "y": 0.335585}, "5": {"neighbours": [2, 3, 4], "node_range": 3.0, "x": 0.813936, "y": 0.255074}}