{"1": {"neighbours": [2, 4], "node_range": 3.0, "x": 1.208594, "y": 4.128222}, "2": {"neighbours": [1, 3, 4, 5], "node_range": 3.0, "x": 3.551861, "y": 2.467404}, "3": {"neighbours": [2, 4, 5], "node_range": 3.0, "x": 3.832829, "y": 0.491539}, "4": {"neighbours": [1, 2, 3, 5], "node_range": 3.0, "x": 3.860032, "y": 2.80706}, "5": {"neighbours": [2, 3, 4], "node_range": 3.0, "x": 4.128339, "y": 2.53356}}