{"1": {"neighbours": [2, 4], "node_range": 3.0, "x": 1.502784, "y": 1.282314}, "2": {"neighbours": [1, 3, 4], "node_range": 3.0, "x": 1.879308, "y": 2.076432}, "3": {"neighbours": [2, 4, 5], "node_range": 3.0, "x": 2.333181, "y": 4.198294}, "4": {"neighbours": [1, 2, 3, 5], "node_range": 3.0, "x": 1.03792, "y": 3.756112}, "5": {"neighbours": [3, 4], "node_range": 3.0, "x": 3.452036, "y": 4.747257}}