{"1": {"neighbours": [2, 3, 4, 5], "node_range": 4.0, "x": 3.807817, "y": 2.03386}, "2": {"neighbours": [1, 4, 5], "node_range": 4.0, "x": 2.462845, "y": 4.258375}, "3": {"neighbours": [1, 5], "node_range": 4.0, "x": 4.377412, "y": 0.335264}, "4": {"neighbours": [1, 2, 5], "node_range": 4.0, "x": 1.582237, "y": 4.074858}, "5": {"neighbours": [1, 2, 3, 4], "node_range": 4.0, "x": 2.451815, "y": 1.695014}}