{"1": {"neighbours": [2, 3, 4, 5], "node_range": 4.0, "x": 0.12098, "y": 4.155545}, "2": {"neighbours": [1, 3, 4, 5], "node_range": 4.0, "x": 1.72248, "y": 4.347956}, "3": {"neighbours": [1, 2, 4, 5], "node_range": 4.0, "x": 2.591774, "y": 1.376982}, "4": {"neighbours": [1, 2, 3, 5], "node_range": 4.0, "x": 3.412663, "y": 4.542252}, "5": {"neighbours": [1, 2, 3, 4], "node_range": 4.0, "x": 2.769329, "y": 2.987665}}