{"1": {"neighbours": [2, 3, 4, 5], "node_range": 4.0, "x": 2.716458, "y": 2.820138}, "2": {"neighbours": [1, 4, 5], "node_range": 4.0, "x": 4.745614, "y": 3.017002}, "3": {"neighbours": [1], "node_range": 4.0, "x": 0.174036, "y": 2.832087}, "4": {"neighbours": [1, 2, 5], "node_range": 4.0, "x": 4.905903, "y": 0.550463}, "5": {"neighbours": [1, 2, 4], "node_range": 4.0, "x": 4.291073, "y": 3.159488}}