{"1": {"neighbours": [2, 3, 4], "node_range": 4.0, "x": 0.678813, "y": 1.561496}, "2": {"neighbours": [1, 4, 5], "node_range": 4.0, "x": 4.447841, "y": 2.835726}, "3": {"neighbours": [1, 4], "node_range": 4.0, "x": 0.505987, "y": 3.832984}, "4": {"neighbours": [1, 2, 3, 5], "node_range": 4.0, "x": 1.897122, "y": 2.512591}, "5": {"neighbours": [2, 4], "node_range": 4.0, "x": 4.609829, "y": 3.86209}}