{"1": {"neighbours": [2, 3, 4, 5], "node_range": 4.0, "x": 2.789227, "y": 1.528467}, "2": {"neighbours": [1, 3, 5], "node_range": 4.0, "x": 0.78718, "y": 0.198487}, "3": {"neighbours": [1, 2, 5], "node_range": 4.0, "x": 1.458375, "y": 0.116847}, "4": {"neighbours": [1], "node_range": 4.0, "x": 4.400436, "y": 3.793779}, "5": {"neighbours": [1, 2, 3], "node_range": 4.0, "x": 0.886013, "y": 0.300441}}