{"1": {"neighbours": [2, 3, 4, 5], "node_range": 5.0, "x": 3.721199, "y": 0.637723}, "2": {"neighbours": [1, 3, 4, 5], "node_range": 5.0, "x": 2.139001, "y": 1.941107}, "3": {"neighbours": [1, 2, 4, 5], "node_range": 5.0, "x": 4.909943, "y": 3.077789}, "4": {"neighbours": [1, 2, 3, 5], "node_range": 5.0, "x": 0.88222, "y": 3.377}, "5": {"neighbours": [1, 2, 3, 4], "node_range": 5.0, "x": 4.518855, "y": 3.209155}}