{"1": {"neighbours": [2, 3, 4, 5], "node_range": 5.0, "x": 1.588551, "y": 0.653742}, "2": {"neighbours": [1, 3, 4, 5], "node_range": 5.0, "x": 3.383617, "y": 1.702432}, "3": {"neighbours": [1, 2, 4, 5], "node_range": 5.0, "x": 0.733239, "y": 3.04666}, "4": {"neighbours": [1, 2, 3, 5], "node_range": 5.0, "x": 0.049199, "y": 0.480209}, "5": {"neighbours": [1, 2, 3, 4], "node_range": 5.0, "x": 0.799896, "y": 2.712158}}