{"1": {"neighbours": [2, 3, 4, 5], "node_range": 5.0, "x": 3.346339, "y": 2.822536}, "2": {"neighbours": [1, 3, 4, 5], "node_range": 5.0, "x": 4.674606, "y": 3.39467}, "3": {"neighbours": [1, 2, 4, 5], "node_range": 5.0, "x": 3.396387, "y": 2.221009}, "4": {"neighbours": [1, 2, 3, 5], "node_range": 5.0, "x": 2.408536, "y": 1.001268}, "5": {"neighbours": [1, 2, 3, 4], "node_range": 5.0, "x": 4.210141, "y": 1.1057}}