{"1": {"neighbours": [2, 3, 4, 5], "node_range": 5.0, "x": 2.276249, "y": 4.275601}, "2": {"neighbours": [1, 3, 4, 5], "node_range": 5.0, "x": 2.001077, "y": 1.330553}, "3": {"neighbours": [1, 2, 4], "node_range": 5.0, "x": 0.070708, "y": 1.192387}, "4": {"neighbours": [1, 2, 3, 5], "node_range": 5.0, "x": 4.116125, "y": 0.963602}, "5": {"neighbours": [1, 2, 4], "node_range": 5.0, "x": 4.917017, "y": 3.530414}}