{"1": {"neighbours": [2, 3, 4, 5], "node_range": 5.0, "x": 4.167992, "y": 1.212056}, "2": {"neighbours": [1, 3, 4, 5], "node_range": 5.0, "x": 1.558745, "y": 0.334821}, "3": {"neighbours": [1, 2, 4, 5], "node_range": 5.0, "x": 3.564846, "y": 3.353915}, "4": {"neighbours": [1, 2, 3, 5], "node_range": 5.0, "x": 0.270793, "y": 1.652506}, "5": {"neighbours": [1, 2, 3, 4], "node_range": 5.0, "x": 2.461944, "y": 2.147071}}