{"1": {"neighbours": [5, 23, 133], "node_range": 13.5, "x": 33.502507, "y": 2.090682}, "2": {"neighbours": [45, 77, 116], "node_range": 13.5, "x": 61.669389, "y": 147.150985}, "3": {"neighbours": [20, 84, 111, 119], "node_range": 13.5, "x": 37.060423, "y": 83.051795}, "4": {"neighbours": [67, 94, 121, 131], "node_range": 13.5, "x": 114.890238, "y": 97.015504}, "5": {"neighbours": [1, 58, 107, 126], "node_range": 13.5, "x": 44.883726, "y": 6.85208}, "6": {"neighbours": [59, 127, 134, 140], "node_range": 13.5, "x": 144.484304, "y": 70.504279}, "7": {"neighbours": [14, 42, 90], "node_range": 13.5, "x": 108.780804, "y": 117.765926}, "8": {"neighbours": [71, 86, 122], "node_range": 13.5, "x": 124.23677, "y": 44.739044}, "9": {"neighbours": [78, 103, 109], "node_range": 13.5, "x": 32.748557, "y": 58.72807}, "10": {"neighbours": [36, 137], "node_range": 13.5, "x": 112.663585, "y": 31.095906}, "11": {"neighbours": [13, 27, 120], "node_range": 13.5, "x": 77.031725, "y": 137.587009}, "12": {"neighbours": [47, 90, 117, 129, 138], "node_range": 13.5, "x": 96.86799, "y": 100.817398}, "13": {"neighbours": [11, 27, 29], "node_range": 13.5, "x": 80.218991, "y": 146.542785}, "14": {"neighbours": [7, 42, 90], "node_range": 13.5, "x": 105.634963, "y": 112.326343}, "15": {"neighbours": [141], "node_range": 13.5, "x": 77.815533, "y": 66.752968}, "16": {"neighbours": [24, 49, 54, 55, 56], "node_range": 13.5, "x": 51.946352, "y": 39.818102}, "17": {"neighbours": [60, 68, 80, 92, 149], "node_range": 13.5, "x": 43.345925, "y": 104.010194}, "18": {"neighbours": [25, 70, 72, 79], "node_range": 13.5, "x": 0.407295, "y": 36.775006}, "19": {"neighbours": [100, 129, 131], "node_range": 13.5, "x": 100.669036, "y": 87.369582}, "20": {"neighbours": [3, 50, 76, 102, 103, 111, 119], "node_range": 13.5, "x": 41.233029, "y": 77.305707}, "21": {"neighbours": [52, 136], "node_range": 13.5, "x": 17.182105, "y": 100.158247}, "22": {"neighbours": [75], "node_range": 13.5, "x": 96.212839, "y": 45.769178}, "23": {"neighbours": [1, 83, 125, 133], "node_range": 13.5, "x": 26.112899, "y": 12.725672}, "24": {"neighbours": [16, 56], "node_range": 13.5, "x": 51.101282, "y": 29.966598}, "25": {"neighbours": [18, 70], "node_range": 13.5, "x": 2.812919, "y": 42.477991}, "26": {"neighbours": [30, 101, 108], "node_range": 13.5, "x": 139.351825, "y": 138.951626}, "27": {"neighbours": [11, 13, 29, 43, 113, 123], "node_range": 13.5, "x": 89.761355, "y": 137.769875}, "28": {"neighbours": [31, 89, 106], "node_range": 13.5, "x": 128.260625, "y": 11.074879}, "29": {"neighbours": [13, 27, 123], "node_range": 13.5, "x": 91.393527, "y": 145.459355}, "30": {"neighbours": [26, 101, 108], "node_range": 13.5, "x": 137.027122, "y": 147.681417}, "31": {"neighbours": [28, 89, 106], "node_range": 13.5, "x": 136.936765, "y": 3.080966}, "32": {"neighbours": [105, 142, 148], "node_range": 13.5, "x": 31.93108, "y": 142.047202}, "33": {"neighbours": [57], "node_range": 13.5, "x": 111.131051, "y": 6.730368}, "34": {"neighbours": [96, 112, 126], "node_range": 13.5, "x": 69.031233, "y": 5.017908}, "35": {"neighbours": [104, 147], "node_range": 13.5, "x": 78.983447, "y": 43.397891}, "36": {"neighbours": [10, 137], "node_range": 13.5, "x": 121.975049, "y": 27.46499}, "37": {"neighbours": [44, 81], "node_range": 13.5, "x": 62.878826, "y": 131.767416}, "38": {"neighbours": [40, 61, 64, 93, 97], "node_range": 13.5, "x": 147.128138, "y": 31.35142}, "39": {"neighbours": [110], "node_range": 13.5, "x": 27.810133, "y": 36.409571}, "40": {"neighbours": [38, 61, 64, 93, 145], "node_range": 13.5, "x": 145.755959, "y": 39.622646}, "41": {"neighbours": [104, 147], "node_range": 13.5, "x": 65.218321, "y": 25.788649}, "42": {"neighbours": [7, 14], "node_range": 13.5, "x": 117.589068, "y": 117.726645}, "43": {"neighbours": [27, 113, 143], "node_range": 13.5, "x": 93.467205, "y": 129.267687}, "44": {"neighbours": [37, 81], "node_range": 13.5, "x": 63.357717, "y": 123.331762}, "45": {"neighbours": [2, 77, 116, 139], "node_range": 13.5, "x": 51.139688, "y": 141.036917}, "46": {"neighbours": [88], "node_range": 13.5, "x": 142.742783, "y": 121.179976}, "47": {"neighbours": [12, 117, 129, 138], "node_range": 13.5, "x": 86.549679, "y": 96.246125}, "48": {"neighbours": [138], "node_range": 13.5, "x": 75.338711, "y": 104.014762}, "49": {"neighbours": [16, 54, 55, 56, 110], "node_range": 13.5, "x": 50.461548, "y": 44.709812}, "50": {"neighbours": [20, 76, 99, 102, 119, 132], "node_range": 13.5, "x": 48.386425, "y": 68.843649}, "51": {"neighbours": [100, 141], "node_range": 13.5, "x": 92.343131, "y": 72.527783}, "52": {"neighbours": [21, 84, 136], "node_range": 13.5, "x": 19.094688, "y": 96.182121}, "53": {"neighbours": [62, 115], "node_range": 13.5, "x": 101.402281, "y": 18.2826}, "54": {"neighbours": [16, 49, 55, 56, 99], "node_range": 13.5, "x": 54.353074, "y": 46.693738}, "55": {"neighbours": [16, 49, 54, 56], "node_range": 13.5, "x": 61.359614, "y": 46.956103}, "56": {"neighbours": [16, 24, 49, 54, 55], "node_range": 13.5, "x": 53.499498, "y": 38.384712}, "57": {"neighbours": [33], "node_range": 13.5, "x": 112.644317, "y": 2.293391}, "58": {"neighbours": [5, 107, 125], "node_range": 13.5, "x": 43.620886, "y": 11.139747}, "59": {"neighbours": [6, 127, 134], "node_range": 13.5, "x": 142.633604, "y": 74.882113}, "60": {"neighbours": [17, 68, 80, 92, 149], "node_range": 13.5, "x": 44.587869, "y": 102.530127}, "61": {"neighbours": [38, 40, 64, 93, 97, 145], "node_range": 13.5, "x": 145.116484, "y": 31.872997}, "62": {"neighbours": [53, 115], "node_range": 13.5, "x": 97.308032, "y": 27.58086}, "63": {"neighbours": [73], "node_range": 13.5, "x": 94.305772, "y": 2.880479}, "64": {"neighbours": [38, 40, 61, 93, 97], "node_range": 13.5, "x": 148.758147, "y": 32.245433}, "65": {"neighbours": [127, 134], "node_range": 13.5, "x": 129.318621, "y": 77.217469}, "66": {"neighbours": [75], "node_range": 13.5, "x": 107.86164, "y": 55.876766}, "67": {"neighbours": [4, 94, 121], "node_range": 13.5, "x": 116.237986, "y": 102.896155}, "68": {"neighbours": [17, 60, 74, 80, 149], "node_range": 13.5, "x": 41.453732, "y": 112.849607}, "69": {"neighbours": [74, 80, 136], "node_range": 13.5, "x": 26.946874, "y": 111.60698}, "70": {"neighbours": [18, 25, 72, 79, 85], "node_range": 13.5, "x": 10.86374, "y": 33.407148}, "71": {"neighbours": [8, 86, 93, 122, 140, 145], "node_range": 13.5, "x": 134.415739, "y": 48.734366}, "72": {"neighbours": [18, 70, 79], "node_range": 13.5, "x": 0.645186, "y": 26.413889}, "73": {"neighbours": [63], "node_range": 13.5, "x": 90.882431, "y": 1.975714}, "74": {"neighbours": [68, 69, 80, 136], "node_range": 13.5, "x": 28.655669, "y": 109.006719}, "75": {"neighbours": [22, 66], "node_range": 13.5, "x": 99.141476, "y": 52.357698}, "76": {"neighbours": [20, 50, 99, 102, 103, 119, 132], "node_range": 13.5, "x": 46.203153, "y": 69.214224}, "77": {"neighbours": [2, 45, 116, 139], "node_range": 13.5, "x": 56.108934, "y": 145.415809}, "78": {"neighbours": [9, 103, 109, 110], "node_range": 13.5, "x": 32.846171, "y": 53.543793}, "79": {"neighbours": [18, 70, 72, 85], "node_range": 13.5, "x": 8.219662, "y": 29.552942}, "80": {"neighbours": [17, 60, 68, 69, 74, 149], "node_range": 13.5, "x": 38.905439, "y": 112.845019}, "81": {"neighbours": [37, 44], "node_range": 13.5, "x": 57.498781, "y": 126.766476}, "82": {"neighbours": [135, 150], "node_range": 13.5, "x": 62.225046, "y": 91.887178}, "83": {"neighbours": [23, 125, 133], "node_range": 13.5, "x": 18.511, "y": 18.064471}, "84": {"neighbours": [3, 52, 136], "node_range": 13.5, "x": 30.244052, "y": 90.771782}, "85": {"neighbours": [70, 79], "node_range": 13.5, "x": 14.751463, "y": 32.770217}, "86": {"neighbours": [8, 71, 87, 122, 140], "node_range": 13.5, "x": 125.544652, "y": 56.134961}, "87": {"neighbours": [86, 98, 122], "node_range": 13.5, "x": 120.745023, "y": 63.796597}, "88": {"neighbours": [46, 130], "node_range": 13.5, "x": 139.469493, "y": 108.367539}, "89": {"neighbours": [28, 31, 106],