{"1": {"neighbours": [73], "node_range": 13.5, "x": 27.339569, "y": 108.584906}, "2": {"neighbours": [14, 103], "node_range": 13.5, "x": 120.016015, "y": 43.547833}, "3": {"neighbours": [11, 75, 107, 139], "node_range": 13.5, "x": 91.554436, "y": 69.162045}, "4": {"neighbours": [54, 62, 88, 113, 135], "node_range": 13.5, "x": 120.230571, "y": 68.881817}, "5": {"neighbours": [24, 66, 67, 98, 121], "node_range": 13.5, "x": 123.060876, "y": 108.365075}, "6": {"neighbours": [39, 43, 57, 106, 145], "node_range": 13.5, "x": 16.572557, "y": 7.06645}, "7": {"neighbours": [34, 47, 86, 111], "node_range": 13.5, "x": 58.867733, "y": 149.032013}, "8": {"neighbours": [23, 69, 93, 99, 116], "node_range": 13.5, "x": 71.442698, "y": 25.876533}, "9": {"neighbours": [16, 81, 102, 138], "node_range": 13.5, "x": 48.87393, "y": 36.446497}, "10": {"neighbours": [13, 21, 31, 68, 133, 139], "node_range": 13.5, "x": 82.362447, "y": 83.984444}, "11": {"neighbours": [3, 25, 110], "node_range": 13.5, "x": 95.431295, "y": 58.172963}, "12": {"neighbours": [70], "node_range": 13.5, "x": 17.83955, "y": 86.040342}, "13": {"neighbours": [10, 31, 68, 133, 139], "node_range": 13.5, "x": 90.456951, "y": 86.073479}, "14": {"neighbours": [2, 103], "node_range": 13.5, "x": 118.728396, "y": 47.273514}, "15": {"neighbours": [29, 38, 51], "node_range": 13.5, "x": 94.381116, "y": 9.257649}, "16": {"neighbours": [9, 81, 108, 138], "node_range": 13.5, "x": 55.585994, "y": 25.115927}, "17": {"neighbours": [36, 60], "node_range": 13.5, "x": 145.314035, "y": 123.500863}, "18": {"neighbours": [95, 143], "node_range": 13.5, "x": 98.807958, "y": 149.79072}, "19": {"neighbours": [32, 82, 124], "node_range": 13.5, "x": 138.32006, "y": 52.643268}, "20": {"neighbours": [39, 106], "node_range": 13.5, "x": 2.381908, "y": 8.170485}, "21": {"neighbours": [10, 31, 68, 133], "node_range": 13.5, "x": 76.645877, "y": 84.350332}, "22": {"neighbours": [56, 77, 83, 100, 105], "node_range": 13.5, "x": 22.222614, "y": 41.260017}, "23": {"neighbours": [8, 29, 38, 51, 90, 93], "node_range": 13.5, "x": 80.279979, "y": 15.8923}, "24": {"neighbours": [5, 27, 66, 67, 98, 121], "node_range": 13.5, "x": 130.185015, "y": 100.663396}, "25": {"neighbours": [11, 54, 84, 113, 135], "node_range": 13.5, "x": 107.053414, "y": 60.51118}, "26": {"neighbours": [55, 101], "node_range": 13.5, "x": 73.131254, "y": 103.973509}, "27": {"neighbours": [24, 36, 66, 67, 98, 121], "node_range": 13.5, "x": 135.365296, "y": 99.875172}, "28": {"neighbours": [123, 137, 149], "node_range": 13.5, "x": 93.800839, "y": 42.7064}, "29": {"neighbours": [15, 23, 38, 51], "node_range": 13.5, "x": 90.531634, "y": 9.201071}, "30": {"neighbours": [110, 117, 142, 149], "node_range": 13.5, "x": 77.114485, "y": 47.851381}, "31": {"neighbours": [10, 13, 21, 68, 101, 133, 139], "node_range": 13.5, "x": 82.507931, "y": 86.358555}, "32": {"neighbours": [19, 88, 122, 124, 127], "node_range": 13.5, "x": 134.464095, "y": 63.101485}, "33": {"neighbours": [52, 59, 92, 119], "node_range": 13.5, "x": 122.188781, "y": 18.921966}, "34": {"neighbours": [7, 86], "node_range": 13.5, "x": 61.08049, "y": 142.991684}, "35": {"neighbours": [39, 48, 56, 78, 100, 118, 132], "node_range": 13.5, "x": 8.552964, "y": 27.305787}, "36": {"neighbours": [17, 27, 60, 66, 67], "node_range": 13.5, "x": 142.098424, "y": 111.103911}, "37": {"neighbours": [136], "node_range": 13.5, "x": 144.495225, "y": 14.147385}, "38": {"neighbours": [15, 23, 29, 51, 90], "node_range": 13.5, "x": 83.824677, "y": 6.900537}, "39": {"neighbours": [6, 20, 35, 43, 48, 78, 106, 118, 145], "node_range": 13.5, "x": 10.42486, "y": 14.248909}, "40": {"neighbours": [41, 77, 80, 83, 112], "node_range": 13.5, "x": 34.740822, "y": 50.085433}, "41": {"neighbours": [40, 80, 112], "node_range": 13.5, "x": 28.770595, "y": 58.466968}, "42": {"neighbours": [52, 58, 59, 76, 103, 119, 120], "node_range": 13.5, "x": 112.102876, "y": 30.101356}, "43": {"neighbours": [6, 39, 57, 106, 145], "node_range": 13.5, "x": 16.105317, "y": 2.614395}, "44": {"neighbours": [107, 114, 144, 147], "node_range": 13.5, "x": 73.118274, "y": 65.316543}, "45": {"neighbours": [91, 143], "node_range": 13.5, "x": 89.325817, "y": 131.102975}, "46": {"neighbours": [79, 148], "node_range": 13.5, "x": 14.29122, "y": 65.573651}, "47": {"neighbours": [7, 86, 111], "node_range": 13.5, "x": 46.48436, "y": 146.261519}, "48": {"neighbours": [35, 39, 56, 78, 100, 118, 132], "node_range": 13.5, "x": 6.034028, "y": 25.584344}, "49": {"neighbours": [89, 111], "node_range": 13.5, "x": 52.318048, "y": 132.478545}, "50": {"neighbours": [128], "node_range": 13.5, "x": 102.344553, "y": 92.565187}, "51": {"neighbours": [15, 23, 29, 38, 93], "node_range": 13.5, "x": 85.049535, "y": 17.303716}, "52": {"neighbours": [33, 42, 59, 76, 92, 119, 120], "node_range": 13.5, "x": 119.747906, "y": 24.856448}, "53": {"neighbours": [61], "node_range": 13.5, "x": 135.036137, "y": 132.858197}, "54": {"neighbours": [4, 25, 84, 113, 135], "node_range": 13.5, "x": 108.258906, "y": 71.399165}, "55": {"neighbours": [26, 91], "node_range": 13.5, "x": 73.155407, "y": 112.535501}, "56": {"neighbours": [22, 35, 48, 78, 100, 105, 132], "node_range": 13.5, "x": 11.132944, "y": 36.158178}, "57": {"neighbours": [6, 43, 65, 106, 145], "node_range": 13.5, "x": 24.342892, "y": 8.678344}, "58": {"neighbours": [42, 76, 92, 119], "node_range": 13.5, "x": 106.074349, "y": 18.619532}, "59": {"neighbours": [33, 42, 52, 119], "node_range": 13.5, "x": 123.862654, "y": 27.217415}, "60": {"neighbours": [17, 36, 67], "node_range": 13.5, "x": 142.316716, "y": 118.723583}, "61": {"neighbours": [53, 126, 140], "node_range": 13.5, "x": 132.538176, "y": 136.18206}, "62": {"neighbours": [4, 72, 135, 146], "node_range": 13.5, "x": 122.830058, "y": 81.480507}, "63": {"neighbours": [65], "node_range": 13.5, "x": 40.540791, "y": 12.919371}, "64": {"neighbours": [89, 96, 109], "node_range": 13.5, "x": 56.968385, "y": 114.096473}, "65": {"neighbours": [57, 63, 145], "node_range": 13.5, "x": 30.272833, "y": 7.011929}, "66": {"neighbours": [5, 24, 27, 36, 67, 98, 121], "node_range": 13.5, "x": 134.354388, "y": 104.890451}, "67": {"neighbours": [5, 24, 27, 36, 60, 66, 98], "node_range": 13.5, "x": 131.746665, "y": 111.40871}, "68": {"neighbours": [10, 13, 21, 31, 101, 133], "node_range": 13.5, "x": 80.779467, "y": 87.974477}, "69": {"neighbours": [8, 90, 93, 99, 108], "node_range": 13.5, "x": 65.798274, "y": 14.77537}, "70": {"neighbours": [12, 74, 134], "node_range": 13.5, "x": 26.736252, "y": 83.327708}, "71": {"neighbours": [97, 115], "node_range": 13.5, "x": 11.453084, "y": 131.110648}, "72": {"neighbours": [62, 122], "node_range": 13.5, "x": 129.337404, "y": 81.917902}, "73": {"neighbours": [1, 134, 150], "node_range": 13.5, "x": 35.189036, "y": 98.236394}, "74": {"neighbours": [70, 129, 134], "node_range": 13.5, "x": 35.11766, "y": 83.53109}, "75": {"neighbours": [3, 107, 114, 139, 144], "node_range": 13.5, "x": 86.677522, "y": 68.670457}, "76": {"neighbours": [42, 52, 58, 92, 119, 120], "node_range": 13.5, "x": 108.606899, "y": 25.357019}, "77": {"neighbours": [22, 40, 83], "node_range": 13.5, "x": 27.214518, "y": 44.624645}, "78": {"neighbours": [35, 39, 48, 56, 118], "node_range": 13.5, "x": 9.174489, "y": 22.902235}, "79": {"neighbours": [46, 94, 148], "node_range": 13.5, "x": 2.137024, "y": 64.874953}, "80": {"neighbours": [40, 41, 112, 130], "node_range": 13.5, "x": 36.059207, "y": 58.205424}, "81": {"neighbours": [9, 16, 99, 108, 138], "node_range": 13.5, "x": 56.916072, "y": 29.856478}, "82": {"neighbours": [19], "node_range": 13.5, "x": 144.693163, "y": 42.025746}, "83": {"neighbours": [22, 40, 77, 102], "node_range": 13.5, "x": 30.5037, "y": 41.712647}, "84": {"neighbours": [25, 54, 113, 135], "node_range": 13.5, "x": 108.630561, "y": 61.710309}, "85": {"neighbours": [141], "node_range": 13.5, "x": 60.891991, "y": 72.07097}, "86": {"neighbours": [7, 34, 47, 111], "node_range": 13.5, "x": 53.666125, "y": 149.31207},