{"1": {"neighbours": [9, 12, 96, 115, 135], "node_range": 13.5, "x": 109.204584, "y": 71.323055}, "2": {"neighbours": [5], "node_range": 13.5, "x": 139.808465, "y": 60.465432}, "3": {"neighbours": [25, 31, 50, 62], "node_range": 13.5, "x": 15.671429, "y": 111.612323}, "4": {"neighbours": [28, 30, 40, 63, 68, 70, 80, 114], "node_range": 13.5, "x": 54.873973, "y": 56.709567}, "5": {"neighbours": [2], "node_range": 13.5, "x": 141.586934, "y": 49.002342}, "6": {"neighbours": [37, 98, 140], "node_range": 13.5, "x": 16.465177, "y": 92.23792}, "7": {"neighbours": [29, 136], "node_range": 13.5, "x": 107.162326, "y": 1.284493}, "8": {"neighbours": [43, 48, 93], "node_range": 13.5, "x": 49.457299, "y": 14.455024}, "9": {"neighbours": [1, 16, 78, 90, 104, 115, 149], "node_range": 13.5, "x": 116.319632, "y": 82.407304}, "10": {"neighbours": [121], "node_range": 13.5, "x": 100.679588, "y": 94.697036}, "11": {"neighbours": [58, 91, 108], "node_range": 13.5, "x": 38.386528, "y": 38.340422}, "12": {"neighbours": [1, 74, 87, 106, 115, 121, 122], "node_range": 13.5, "x": 97.846657, "y": 76.664938}, "13": {"neighbours": [34, 46, 71, 88], "node_range": 13.5, "x": 93.865963, "y": 141.070051}, "14": {"neighbours": [107], "node_range": 13.5, "x": 141.94616, "y": 133.189272}, "15": {"neighbours": [60, 73, 119, 132, 147], "node_range": 13.5, "x": 28.438478, "y": 135.971186}, "16": {"neighbours": [9, 59, 78, 90, 104, 149], "node_range": 13.5, "x": 120.539674, "y": 80.437654}, "17": {"neighbours": [45, 51, 67, 79, 139], "node_range": 13.5, "x": 131.295096, "y": 123.390949}, "18": {"neighbours": [42, 82], "node_range": 13.5, "x": 80.648592, "y": 122.09683}, "19": {"neighbours": [24, 65, 83, 127], "node_range": 13.5, "x": 61.733002, "y": 93.856988}, "20": {"neighbours": [56, 109], "node_range": 13.5, "x": 82.965817, "y": 6.980296}, "21": {"neighbours": [36, 57, 59], "node_range": 13.5, "x": 135.934218, "y": 81.668374}, "22": {"neighbours": [53, 86, 101, 148], "node_range": 13.5, "x": 124.72951, "y": 39.798607}, "23": {"neighbours": [54, 97, 124], "node_range": 13.5, "x": 3.537958, "y": 40.962492}, "24": {"neighbours": [19, 83, 142], "node_range": 13.5, "x": 71.643669, "y": 97.414045}, "25": {"neighbours": [3, 27, 31, 50], "node_range": 13.5, "x": 20.22217, "y": 111.963283}, "26": {"neighbours": [27], "node_range": 13.5, "x": 39.026132, "y": 116.567618}, "27": {"neighbours": [25, 26, 50], "node_range": 13.5, "x": 31.357901, "y": 114.326409}, "28": {"neighbours": [4, 30, 40, 63, 68, 70, 80, 114], "node_range": 13.5, "x": 55.72133, "y": 53.59917}, "29": {"neighbours": [7, 136], "node_range": 13.5, "x": 110.083105, "y": 0.160902}, "30": {"neighbours": [4, 28, 40, 49, 63, 68, 80, 114], "node_range": 13.5, "x": 58.966619, "y": 57.178068}, "31": {"neighbours": [3, 25, 62, 81], "node_range": 13.5, "x": 7.6137, "y": 114.104552}, "32": {"neighbours": [61, 80, 102, 112, 129], "node_range": 13.5, "x": 63.267893, "y": 34.873027}, "33": {"neighbours": [70, 114, 137], "node_range": 13.5, "x": 39.56224, "y": 60.517231}, "34": {"neighbours": [13, 38, 71, 76, 88, 128], "node_range": 13.5, "x": 96.073472, "y": 129.063275}, "35": {"neighbours": [100], "node_range": 13.5, "x": 144.503168, "y": 27.739307}, "36": {"neighbours": [21], "node_range": 13.5, "x": 145.769992, "y": 89.62209}, "37": {"neighbours": [6, 98, 140], "node_range": 13.5, "x": 12.697343, "y": 86.753345}, "38": {"neighbours": [34, 64, 71, 76, 128, 134], "node_range": 13.5, "x": 106.470389, "y": 129.27071}, "39": {"neighbours": [92, 113, 119, 133, 150], "node_range": 13.5, "x": 51.95501, "y": 133.462374}, "40": {"neighbours": [4, 28, 30, 70, 77], "node_range": 13.5, "x": 53.263342, "y": 66.44775}, "41": {"neighbours": [44, 138], "node_range": 13.5, "x": 8.616865, "y": 73.835653}, "42": {"neighbours": [18, 82], "node_range": 13.5, "x": 74.742886, "y": 128.057436}, "43": {"neighbours": [8, 48, 93, 116], "node_range": 13.5, "x": 42.331075, "y": 12.081555}, "44": {"neighbours": [41, 138], "node_range": 13.5, "x": 7.468282, "y": 63.175079}, "45": {"neighbours": [17, 51, 67], "node_range": 13.5, "x": 126.286274, "y": 133.335793}, "46": {"neighbours": [13, 88], "node_range": 13.5, "x": 87.834438, "y": 146.581387}, "47": {"neighbours": [132, 147], "node_range": 13.5, "x": 13.878293, "y": 146.376518}, "48": {"neighbours": [8, 43], "node_range": 13.5, "x": 50.05332, "y": 11.709005}, "49": {"neighbours": [30, 63, 68, 89], "node_range": 13.5, "x": 69.407206, "y": 51.459049}, "50": {"neighbours": [3, 25, 27, 110], "node_range": 13.5, "x": 23.876833, "y": 107.960346}, "51": {"neighbours": [17, 45, 67, 79], "node_range": 13.5, "x": 123.63223, "y": 127.4112}, "52": {"neighbours": [69, 85, 101, 125, 148], "node_range": 13.5, "x": 110.521406, "y": 33.957713}, "53": {"neighbours": [22, 86, 101, 148], "node_range": 13.5, "x": 122.872162, "y": 45.27478}, "54": {"neighbours": [23, 97, 120, 124], "node_range": 13.5, "x": 7.367067, "y": 40.052045}, "55": {"neighbours": [59, 117, 126, 139], "node_range": 13.5, "x": 135.018139, "y": 100.283342}, "56": {"neighbours": [20, 109, 141], "node_range": 13.5, "x": 71.692446, "y": 3.568403}, "57": {"neighbours": [21], "node_range": 13.5, "x": 140.011947, "y": 76.92254}, "58": {"neighbours": [11, 91, 108, 116], "node_range": 13.5, "x": 42.777852, "y": 30.608566}, "59": {"neighbours": [16, 21, 55, 104, 149], "node_range": 13.5, "x": 129.847017, "y": 90.162697}, "60": {"neighbours": [15, 73, 119, 147], "node_range": 13.5, "x": 31.024121, "y": 140.992084}, "61": {"neighbours": [32, 102, 112, 129], "node_range": 13.5, "x": 64.346403, "y": 32.092336}, "62": {"neighbours": [3, 31, 81], "node_range": 13.5, "x": 4.456003, "y": 111.391613}, "63": {"neighbours": [4, 28, 30, 49, 66, 68, 80], "node_range": 13.5, "x": 62.317765, "y": 54.585308}, "64": {"neighbours": [38, 75, 128], "node_range": 13.5, "x": 111.047003, "y": 120.400976}, "65": {"neighbours": [19], "node_range": 13.5, "x": 50.807976, "y": 99.800055}, "66": {"neighbours": [63, 68, 95], "node_range": 13.5, "x": 70.813235, "y": 65.059709}, "67": {"neighbours": [17, 45, 51, 79], "node_range": 13.5, "x": 126.174316, "y": 129.221949}, "68": {"neighbours": [4, 28, 30, 49, 63, 66], "node_range": 13.5, "x": 68.060303, "y": 54.75146}, "69": {"neighbours": [52], "node_range": 13.5, "x": 106.695927, "y": 43.920169}, "70": {"neighbours": [4, 28, 33, 40, 114, 137], "node_range": 13.5, "x": 43.383364, "y": 57.567084}, "71": {"neighbours": [13, 34, 38, 88, 128, 134], "node_range": 13.5, "x": 104.88155, "y": 137.157393}, "72": {"neighbours": [76], "node_range": 13.5, "x": 94.929961, "y": 108.129675}, "73": {"neighbours": [15, 60, 132, 147], "node_range": 13.5, "x": 25.293787, "y": 137.978283}, "74": {"neighbours": [12, 87, 106, 122], "node_range": 13.5, "x": 88.008691, "y": 72.556885}, "75": {"neighbours": [64], "node_range": 13.5, "x": 109.863573, "y": 111.420911}, "76": {"neighbours": [34, 38, 72, 128], "node_range": 13.5, "x": 96.519569, "y": 121.465303}, "77": {"neighbours": [40, 105, 111, 127], "node_range": 13.5, "x": 48.451304, "y": 78.066056}, "78": {"neighbours": [9, 16, 90, 104, 115, 149], "node_range": 13.5, "x": 116.256018, "y": 91.180821}, "79": {"neighbours": [17, 51, 67, 117, 139], "node_range": 13.5, "x": 127.494206, "y": 115.886016}, "80": {"neighbours": [4, 28, 30, 32, 63, 91, 112, 129], "node_range": 13.5, "x": 55.891637, "y": 44.075521}, "81": {"neighbours": [31, 62], "node_range": 13.5, "x": 4.968955, "y": 122.728734}, "82": {"neighbours": [18, 42], "node_range": 13.5, "x": 77.79732, "y": 131.747996}, "83": {"neighbours": [19, 24], "node_range": 13.5, "x": 64.588729, "y": 104.995923}, "84": {"neighbours": [123, 146], "node_range": 13.5, "x": 7.542702, "y": 6.036279}, "85": {"neighbours": [52, 118], "node_range": 13.5, "x": 101.095584, "y": 30.271793}, "86": {"neighbours": [22, 53, 101, 148], "node_range": 13.5, "x": 123.022612, "y": 42.138821}, "87": {"neighbours": [12, 74, 106, 122], "node_range": 13.5, "x": 93.33531, "y": 68.234821},