{"1": {"neighbours": [47, 56, 64, 113, 114], "node_range": 13.5, "x": 133.383204, "y": 117.423156}, "2": {"neighbours": [46], "node_range": 13.5, "x": 1.357067, "y": 36.562138}, "3": {"neighbours": [13, 39], "node_range": 13.5, "x": 65.735357, "y": 11.058596}, "4": {"neighbours": [107, 148], "node_range": 13.5, "x": 59.414387, "y": 58.469782}, "5": {"neighbours": [71, 122, 133], "node_range": 13.5, "x": 95.428422, "y": 26.932496}, "6": {"neighbours": [75, 105], "node_range": 13.5, "x": 68.509817, "y": 96.188197}, "7": {"neighbours": [68, 72, 91, 118, 124, 147], "node_range": 13.5, "x": 78.270904, "y": 66.8842}, "8": {"neighbours": [9, 11, 27, 121], "node_range": 13.5, "x": 42.051371, "y": 87.074155}, "9": {"neighbours": [8, 11, 105], "node_range": 13.5, "x": 50.507476, "y": 97.074954}, "10": {"neighbours": [22, 94, 108, 123], "node_range": 13.5, "x": 43.305106, "y": 133.140409}, "11": {"neighbours": [8, 9, 81], "node_range": 13.5, "x": 43.285333, "y": 94.959095}, "12": {"neighbours": [95, 126], "node_range": 13.5, "x": 99.459691, "y": 142.447531}, "13": {"neighbours": [3, 101, 136], "node_range": 13.5, "x": 57.336397, "y": 13.335104}, "14": {"neighbours": [39], "node_range": 13.5, "x": 82.347578, "y": 0.53466}, "15": {"neighbours": [96, 99], "node_range": 13.5, "x": 98.255973, "y": 84.829618}, "16": {"neighbours": [128], "node_range": 13.5, "x": 5.825486, "y": 122.823144}, "17": {"neighbours": [20, 59, 70, 143], "node_range": 13.5, "x": 106.975451, "y": 54.661569}, "18": {"neighbours": [90], "node_range": 13.5, "x": 23.566271, "y": 147.704352}, "19": {"neighbours": [80, 84, 93, 112, 115], "node_range": 13.5, "x": 108.216558, "y": 10.05634}, "20": {"neighbours": [17], "node_range": 13.5, "x": 102.09744, "y": 65.445537}, "21": {"neighbours": [73, 139], "node_range": 13.5, "x": 55.274619, "y": 124.834054}, "22": {"neighbours": [10, 123], "node_range": 13.5, "x": 43.910292, "y": 145.663079}, "23": {"neighbours": [28, 63, 70, 85], "node_range": 13.5, "x": 117.551073, "y": 38.677346}, "24": {"neighbours": [36, 97, 101, 117, 137], "node_range": 13.5, "x": 44.109823, "y": 20.014152}, "25": {"neighbours": [36, 130, 131, 135], "node_range": 13.5, "x": 31.889165, "y": 37.303619}, "26": {"neighbours": [29, 45, 106, 111], "node_range": 13.5, "x": 13.31575, "y": 62.243026}, "27": {"neighbours": [8, 49, 100], "node_range": 13.5, "x": 36.838637, "y": 77.501636}, "28": {"neighbours": [23, 38], "node_range": 13.5, "x": 124.717841, "y": 44.957169}, "29": {"neighbours": [26, 40, 45, 106, 111], "node_range": 13.5, "x": 18.445714, "y": 53.104176}, "30": {"neighbours": [65, 134], "node_range": 13.5, "x": 3.194408, "y": 142.30308}, "31": {"neighbours": [53, 57, 77, 82], "node_range": 13.5, "x": 16.567162, "y": 98.900918}, "32": {"neighbours": [33, 74], "node_range": 13.5, "x": 145.320491, "y": 1.735442}, "33": {"neighbours": [32, 74], "node_range": 13.5, "x": 141.514761, "y": 9.030175}, "34": {"neighbours": [116, 139], "node_range": 13.5, "x": 65.702231, "y": 142.587953}, "35": {"neighbours": [116], "node_range": 13.5, "x": 76.412495, "y": 121.198596}, "36": {"neighbours": [24, 25, 131, 135, 137], "node_range": 13.5, "x": 35.209172, "y": 29.730771}, "37": {"neighbours": [83], "node_range": 13.5, "x": 149.802322, "y": 81.234858}, "38": {"neighbours": [28, 103], "node_range": 13.5, "x": 129.506198, "y": 49.309789}, "39": {"neighbours": [3, 14], "node_range": 13.5, "x": 72.303724, "y": 2.808789}, "40": {"neighbours": [29, 45, 89], "node_range": 13.5, "x": 27.45172, "y": 58.489006}, "41": {"neighbours": [101, 119, 136], "node_range": 13.5, "x": 44.561239, "y": 0.447655}, "42": {"neighbours": [79, 144], "node_range": 13.5, "x": 125.87569, "y": 67.656798}, "43": {"neighbours": [103], "node_range": 13.5, "x": 144.159353, "y": 45.538875}, "44": {"neighbours": [49, 52, 110, 121], "node_range": 13.5, "x": 59.248505, "y": 78.526958}, "45": {"neighbours": [26, 29, 40, 106], "node_range": 13.5, "x": 17.368636, "y": 65.015598}, "46": {"neighbours": [2], "node_range": 13.5, "x": 0.19392, "y": 35.838434}, "47": {"neighbours": [1, 56, 60, 86, 109, 114, 138], "node_range": 13.5, "x": 140.49472, "y": 106.627043}, "48": {"neighbours": [54], "node_range": 13.5, "x": 144.241059, "y": 25.959429}, "49": {"neighbours": [27, 44, 52, 110, 121], "node_range": 13.5, "x": 48.874035, "y": 72.325261}, "50": {"neighbours": [71, 78], "node_range": 13.5, "x": 80.043743, "y": 15.07929}, "51": {"neighbours": [69, 142], "node_range": 13.5, "x": 93.322836, "y": 110.472533}, "52": {"neighbours": [44, 49, 110, 121], "node_range": 13.5, "x": 59.475827, "y": 80.423104}, "53": {"neighbours": [31, 82, 87], "node_range": 13.5, "x": 15.279096, "y": 87.63748}, "54": {"neighbours": [48], "node_range": 13.5, "x": 134.588031, "y": 26.287056}, "55": {"neighbours": [57, 58], "node_range": 13.5, "x": 19.75909, "y": 117.163447}, "56": {"neighbours": [1, 47, 64, 102, 114], "node_range": 13.5, "x": 137.852105, "y": 118.594141}, "57": {"neighbours": [31, 55, 77, 81], "node_range": 13.5, "x": 22.817458, "y": 104.867745}, "58": {"neighbours": [55, 94, 108, 132], "node_range": 13.5, "x": 28.691808, "y": 124.992979}, "59": {"neighbours": [17, 70, 85, 129, 143], "node_range": 13.5, "x": 102.026197, "y": 44.973744}, "60": {"neighbours": [47, 61, 109, 138], "node_range": 13.5, "x": 136.141975, "y": 98.451886}, "61": {"neighbours": [60, 67, 109], "node_range": 13.5, "x": 125.327653, "y": 100.031485}, "62": {"neighbours": [76, 124], "node_range": 13.5, "x": 73.141059, "y": 51.318514}, "63": {"neighbours": [23, 85], "node_range": 13.5, "x": 110.782745, "y": 29.816452}, "64": {"neighbours": [1, 56, 102, 114], "node_range": 13.5, "x": 136.183067, "y": 129.486117}, "65": {"neighbours": [30, 128, 134], "node_range": 13.5, "x": 8.879156, "y": 137.148767}, "66": {"neighbours": [89, 148], "node_range": 13.5, "x": 44.097615, "y": 44.615745}, "67": {"neighbours": [61], "node_range": 13.5, "x": 115.167741, "y": 92.591692}, "68": {"neighbours": [7, 91, 118, 147], "node_range": 13.5, "x": 74.735326, "y": 76.32933}, "69": {"neighbours": [51, 149], "node_range": 13.5, "x": 100.909548, "y": 113.458208}, "70": {"neighbours": [17, 23, 59, 85, 143], "node_range": 13.5, "x": 106.484068, "y": 43.998857}, "71": {"neighbours": [5, 50, 76, 78, 133], "node_range": 13.5, "x": 82.119221, "y": 27.234949}, "72": {"neighbours": [7, 91, 124, 125, 147], "node_range": 13.5, "x": 81.78405, "y": 63.950009}, "73": {"neighbours": [21], "node_range": 13.5, "x": 52.174655, "y": 120.348015}, "74": {"neighbours": [32, 33], "node_range": 13.5, "x": 141.506677, "y": 11.950216}, "75": {"neighbours": [6], "node_range": 13.5, "x": 73.128388, "y": 98.625019}, "76": {"neighbours": [62, 71, 145], "node_range": 13.5, "x": 78.488337, "y": 38.923258}, "77": {"neighbours": [31, 57], "node_range": 13.5, "x": 17.304592, "y": 102.46795}, "78": {"neighbours": [50, 71, 98, 120], "node_range": 13.5, "x": 73.761119, "y": 22.763868}, "79": {"neighbours": [42, 144], "node_range": 13.5, "x": 122.045516, "y": 69.496818}, "80": {"neighbours": [19, 84, 93, 112, 115], "node_range": 13.5, "x": 108.37419, "y": 4.661949}, "81": {"neighbours": [11, 57, 82], "node_range": 13.5, "x": 33.149013, "y": 97.384689}, "82": {"neighbours": [31, 53, 81, 100], "node_range": 13.5, "x": 24.524449, "y": 90.64696}, "83": {"neighbours": [37, 138], "node_range": 13.5, "x": 146.497697, "y": 84.132651}, "84": {"neighbours": [19, 80, 112, 115], "node_range": 13.5, "x": 103.693708, "y": 2.104077}, "85": {"neighbours": [23, 59, 63, 70], "node_range": 13.5, "x": 109.907998, "y": 39.280216}, "86": {"neighbours": [47, 109, 138], "node_range": 13.5, "x": 149.623125, "y": 102.382218}, "87": {"neighbours": [53, 100, 146], "node_range": 13.5, "x": 12.888195, "y": 79.283182}, "88": {"neighbours": [103], "node_range": 13.5, "x": 142.496815, "y": 63.660015}, "89": {"neighbours": [40, 66, 148], "node_range": 13.5, "x": 39.440603, "y": 56.020902}, "90": {"neighbours": [18], "node_range": 13.5, "x": 21.722264, "y": 141.556907},