{"1": {"neighbours": [131], "node_range": 15.0, "x": 26.043318, "y": 0.371988}, "2": {"neighbours": [9, 32, 38, 148], "node_range": 15.0, "x": 47.269566, "y": 34.496654}, "3": {"neighbours": [44, 52, 67, 142], "node_range": 15.0, "x": 109.714145, "y": 114.867943}, "4": {"neighbours": [108], "node_range": 15.0, "x": 37.541539, "y": 113.398157}, "5": {"neighbours": [63, 101, 103], "node_range": 15.0, "x": 37.005813, "y": 147.821547}, "6": {"neighbours": [70, 71, 78, 120, 121, 125], "node_range": 15.0, "x": 111.23932, "y": 44.674911}, "7": {"neighbours": [19, 33, 64, 73, 86], "node_range": 15.0, "x": 9.814878, "y": 85.458857}, "8": {"neighbours": [14, 39, 47, 57, 59, 83, 84, 91, 92, 100, 109, 147], "node_range": 15.0, "x": 137.198238, "y": 10.538359}, "9": {"neighbours": [2, 32, 38, 148], "node_range": 15.0, "x": 50.602708, "y": 30.222224}, "10": {"neighbours": [22, 82, 112, 119, 128, 139], "node_range": 15.0, "x": 8.408721, "y": 41.609661}, "11": {"neighbours": [18, 104, 105, 116], "node_range": 15.0, "x": 144.141594, "y": 109.482149}, "12": {"neighbours": [56], "node_range": 15.0, "x": 72.088889, "y": 111.495009}, "13": {"neighbours": [27, 66, 88, 98], "node_range": 15.0, "x": 64.265039, "y": 36.588929}, "14": {"neighbours": [8, 39, 47, 57, 59, 83, 91, 92, 100, 109, 147], "node_range": 15.0, "x": 134.023767, "y": 8.940667}, "15": {"neighbours": [76, 135], "node_range": 15.0, "x": 66.580486, "y": 134.523575}, "16": {"neighbours": [54, 65, 74, 75, 129, 140], "node_range": 15.0, "x": 84.184225, "y": 76.029705}, "17": {"neighbours": [62, 72, 85, 134], "node_range": 15.0, "x": 135.819743, "y": 139.468482}, "18": {"neighbours": [11, 105], "node_range": 15.0, "x": 139.175207, "y": 97.258319}, "19": {"neighbours": [7, 33, 73], "node_range": 15.0, "x": 9.06023, "y": 77.067074}, "20": {"neighbours": [136], "node_range": 15.0, "x": 101.412886, "y": 7.559869}, "21": {"neighbours": [28, 44, 52, 85, 104, 116, 142], "node_range": 15.0, "x": 128.646903, "y": 122.449373}, "22": {"neighbours": [10, 112, 119, 128], "node_range": 15.0, "x": 10.877044, "y": 54.762786}, "23": {"neighbours": [27, 66, 88, 98, 113], "node_range": 15.0, "x": 77.6278, "y": 51.652238}, "24": {"neighbours": [39, 100, 136], "node_range": 15.0, "x": 116.518854, "y": 9.514217}, "25": {"neighbours": [42], "node_range": 15.0, "x": 11.088705, "y": 10.466981}, "26": {"neighbours": [113, 130], "node_range": 15.0, "x": 90.716716, "y": 29.577778}, "27": {"neighbours": [13, 23, 66, 88, 98], "node_range": 15.0, "x": 67.632795, "y": 42.908797}, "28": {"neighbours": [21, 44, 52, 67, 137, 142, 143], "node_range": 15.0, "x": 117.558498, "y": 131.179596}, "29": {"neighbours": [50, 64], "node_range": 15.0, "x": 11.503713, "y": 108.525425}, "30": {"neighbours": [96, 97], "node_range": 15.0, "x": 66.734132, "y": 12.430045}, "31": {"neighbours": [127, 150], "node_range": 15.0, "x": 145.491583, "y": 60.690329}, "32": {"neighbours": [2, 9, 38], "node_range": 15.0, "x": 38.834988, "y": 29.357293}, "33": {"neighbours": [7, 19, 73], "node_range": 15.0, "x": 14.032602, "y": 78.209004}, "34": {"neighbours": [82, 139], "node_range": 15.0, "x": 17.225591, "y": 25.097111}, "35": {"neighbours": [37, 43, 143], "node_range": 15.0, "x": 92.489743, "y": 124.845811}, "36": {"neighbours": [56, 89, 129, 141, 144], "node_range": 15.0, "x": 84.865015, "y": 100.640597}, "37": {"neighbours": [35, 43, 137, 143], "node_range": 15.0, "x": 96.092716, "y": 121.684488}, "38": {"neighbours": [2, 9, 32, 148], "node_range": 15.0, "x": 44.325722, "y": 37.275736}, "39": {"neighbours": [8, 14, 24, 47, 59, 91, 100, 136, 147], "node_range": 15.0, "x": 127.842201, "y": 9.3031}, "40": {"neighbours": [45, 79], "node_range": 15.0, "x": 58.65214, "y": 103.513771}, "41": {"neighbours": [61, 122], "node_range": 15.0, "x": 50.361187, "y": 79.881907}, "42": {"neighbours": [25], "node_range": 15.0, "x": 9.839329, "y": 10.803175}, "43": {"neighbours": [35, 37, 89], "node_range": 15.0, "x": 92.718168, "y": 114.160847}, "44": {"neighbours": [3, 21, 28, 52, 67, 116, 142], "node_range": 15.0, "x": 121.99233, "y": 117.954796}, "45": {"neighbours": [40, 79], "node_range": 15.0, "x": 60.752722, "y": 100.792744}, "46": {"neighbours": [115, 122], "node_range": 15.0, "x": 49.820188, "y": 58.54903}, "47": {"neighbours": [8, 14, 39, 57, 59, 83, 84, 91, 92, 100, 109, 147], "node_range": 15.0, "x": 141.533389, "y": 14.772291}, "48": {"neighbours": [51, 58, 133], "node_range": 15.0, "x": 12.139734, "y": 146.98036}, "49": {"neighbours": [87, 90, 96, 117, 145], "node_range": 15.0, "x": 44.380106, "y": 1.793409}, "50": {"neighbours": [29, 64], "node_range": 15.0, "x": 12.722028, "y": 109.832785}, "51": {"neighbours": [48, 58, 133, 146], "node_range": 15.0, "x": 10.461251, "y": 136.796585}, "52": {"neighbours": [3, 21, 28, 44, 67, 85, 137, 142], "node_range": 15.0, "x": 118.225992, "y": 125.756346}, "53": {"neighbours": [77, 99, 118, 127], "node_range": 15.0, "x": 140.369619, "y": 42.72133}, "54": {"neighbours": [16, 93], "node_range": 15.0, "x": 70.984668, "y": 76.652343}, "55": {"neighbours": [78, 81, 121, 132], "node_range": 15.0, "x": 111.612773, "y": 61.203198}, "56": {"neighbours": [12, 36], "node_range": 15.0, "x": 74.547355, "y": 108.835817}, "57": {"neighbours": [8, 14, 47, 59, 84, 91, 92, 100, 109, 147], "node_range": 15.0, "x": 142.19393, "y": 19.057332}, "58": {"neighbours": [48, 51], "node_range": 15.0, "x": 6.329248, "y": 148.184576}, "59": {"neighbours": [8, 14, 39, 47, 57, 83, 84, 91, 92, 100, 109, 147], "node_range": 15.0, "x": 136.845638, "y": 10.705549}, "60": {"neighbours": [110], "node_range": 15.0, "x": 25.984298, "y": 55.489719}, "61": {"neighbours": [41, 122], "node_range": 15.0, "x": 53.935733, "y": 78.436073}, "62": {"neighbours": [17, 72, 85, 134], "node_range": 15.0, "x": 134.987801, "y": 139.243263}, "63": {"neighbours": [5, 94, 101, 103], "node_range": 15.0, "x": 41.08642, "y": 141.968613}, "64": {"neighbours": [7, 29, 50, 73, 106, 108], "node_range": 15.0, "x": 17.480377, "y": 98.297824}, "65": {"neighbours": [16, 74, 75, 129, 140, 149], "node_range": 15.0, "x": 87.252527, "y": 75.871973}, "66": {"neighbours": [13, 23, 27, 88, 98], "node_range": 15.0, "x": 71.348727, "y": 44.100861}, "67": {"neighbours": [3, 28, 44, 52, 137, 142, 143], "node_range": 15.0, "x": 111.808728, "y": 119.869697}, "68": {"neighbours": [74, 89, 95, 129, 140, 141, 149], "node_range": 15.0, "x": 95.00809, "y": 88.717479}, "69": {"neighbours": [114, 132, 138], "node_range": 15.0, "x": 121.872774, "y": 84.789921}, "70": {"neighbours": [6, 71, 99, 118, 124, 125], "node_range": 15.0, "x": 125.823842, "y": 46.988066}, "71": {"neighbours": [6, 70, 123, 125], "node_range": 15.0, "x": 118.847059, "y": 35.025533}, "72": {"neighbours": [17, 62, 85, 134], "node_range": 15.0, "x": 145.158245, "y": 130.057091}, "73": {"neighbours": [7, 19, 33, 64], "node_range": 15.0, "x": 17.314962, "y": 84.117416}, "74": {"neighbours": [16, 65, 68, 75, 81, 140, 149], "node_range": 15.0, "x": 99.065839, "y": 74.472448}, "75": {"neighbours": [16, 65, 74, 81, 140, 149], "node_range": 15.0, "x": 92.846043, "y": 72.202973}, "76": {"neighbours": [15, 135], "node_range": 15.0, "x": 70.815492, "y": 131.956706}, "77": {"neighbours": [53], "node_range": 15.0, "x": 149.775629, "y": 34.534356}, "78": {"neighbours": [6, 55, 102, 120, 121, 125, 126], "node_range": 15.0, "x": 102.110074, "y": 50.440217}, "79": {"neighbours": [40, 45, 93], "node_range": 15.0, "x": 60.325633, "y": 94.51824}, "80": {"neighbours": [137], "node_range": 15.0, "x": 106.401676, "y": 146.391826}, "81": {"neighbours": [55, 74, 75, 132, 149], "node_range": 15.0, "x": 105.308414, "y": 68.162596}, "82": {"neighbours": [10, 34, 112, 119, 139], "node_range": 15.0, "x": 11.007602, "y": 38.536557}, "83": {"neighbours": [8, 14, 47, 59, 91], "node_range": 15.0, "x": 144.336037, "y": 3.317916}, "84": {"neighbours": [8, 47, 57, 59, 91, 92, 100, 109, 147], "node_range": 15.0, "x": 135.876947, "y": 24.872088},