{"1": {"neighbours": [60, 71, 101, 140], "node_range": 15.0, "x": 0.419063, "y": 21.498349}, "2": {"neighbours": [12, 74, 98], "node_range": 15.0, "x": 60.963297, "y": 96.171829}, "3": {"neighbours": [11, 20, 104, 107, 128, 137], "node_range": 15.0, "x": 64.184709, "y": 31.030476}, "4": {"neighbours": [149], "node_range": 15.0, "x": 130.382387, "y": 147.871449}, "5": {"neighbours": [64, 96, 117, 135], "node_range": 15.0, "x": 122.752949, "y": 30.43893}, "6": {"neighbours": [57, 133], "node_range": 15.0, "x": 146.752153, "y": 58.157499}, "7": {"neighbours": [13, 80, 81], "node_range": 15.0, "x": 22.862949, "y": 78.927692}, "8": {"neighbours": [28, 45, 90, 116], "node_range": 15.0, "x": 140.298962, "y": 133.557293}, "9": {"neighbours": [37, 44, 48, 84, 94, 129], "node_range": 15.0, "x": 107.640122, "y": 134.756431}, "10": {"neighbours": [27, 58, 67, 100], "node_range": 15.0, "x": 21.880254, "y": 57.587212}, "11": {"neighbours": [3, 20, 62, 78, 97, 107, 128, 142], "node_range": 15.0, "x": 61.934026, "y": 42.472706}, "12": {"neighbours": [2, 74, 103, 108], "node_range": 15.0, "x": 49.151335, "y": 105.391722}, "13": {"neighbours": [7, 30, 127], "node_range": 15.0, "x": 11.147372, "y": 75.939293}, "14": {"neighbours": [47, 73], "node_range": 15.0, "x": 33.750012, "y": 20.791099}, "15": {"neighbours": [40, 55, 65, 86, 125, 131], "node_range": 15.0, "x": 81.535884, "y": 80.071206}, "16": {"neighbours": [39, 60, 87, 101], "node_range": 15.0, "x": 7.66421, "y": 6.589397}, "17": {"neighbours": [80, 93, 144], "node_range": 15.0, "x": 49.038126, "y": 78.093557}, "18": {"neighbours": [31, 61, 69, 75, 111], "node_range": 15.0, "x": 77.838709, "y": 134.480369}, "19": {"neighbours": [39, 47], "node_range": 15.0, "x": 28.43391, "y": 3.220175}, "20": {"neighbours": [3, 11, 78, 104, 107, 128, 137], "node_range": 15.0, "x": 63.237404, "y": 34.209603}, "21": {"neighbours": [63], "node_range": 15.0, "x": 36.143543, "y": 148.214854}, "22": {"neighbours": [74, 103, 108, 143], "node_range": 15.0, "x": 53.493243, "y": 120.686294}, "23": {"neighbours": [43, 56, 76, 126, 136, 139, 145], "node_range": 15.0, "x": 24.104557, "y": 116.317406}, "24": {"neighbours": [32, 34, 52], "node_range": 15.0, "x": 119.658823, "y": 96.030467}, "25": {"neighbours": [96, 117, 133], "node_range": 15.0, "x": 133.782509, "y": 42.273886}, "26": {"neighbours": [53, 86, 89, 131, 142], "node_range": 15.0, "x": 64.981217, "y": 67.351256}, "27": {"neighbours": [10, 30, 85, 100], "node_range": 15.0, "x": 8.910548, "y": 54.711212}, "28": {"neighbours": [8, 45, 49, 90, 116], "node_range": 15.0, "x": 133.664996, "y": 125.578305}, "29": {"neighbours": [59, 92], "node_range": 15.0, "x": 105.716161, "y": 6.967622}, "30": {"neighbours": [13, 27], "node_range": 15.0, "x": 8.003529, "y": 64.262116}, "31": {"neighbours": [18, 61, 106, 111, 113, 143, 150], "node_range": 15.0, "x": 64.230723, "y": 137.011301}, "32": {"neighbours": [24, 34, 52], "node_range": 15.0, "x": 126.526942, "y": 104.735819}, "33": {"neighbours": [42, 73], "node_range": 15.0, "x": 52.914696, "y": 13.753116}, "34": {"neighbours": [24, 32, 52, 72, 114, 118], "node_range": 15.0, "x": 130.564175, "y": 96.147284}, "35": {"neighbours": [70, 96, 141], "node_range": 15.0, "x": 137.556553, "y": 19.274793}, "36": {"neighbours": [46, 54, 123, 145], "node_range": 15.0, "x": 1.381286, "y": 117.468666}, "37": {"neighbours": [9, 48, 94, 129], "node_range": 15.0, "x": 104.27596, "y": 140.85375}, "38": {"neighbours": [50, 66, 99, 104, 132, 137], "node_range": 15.0, "x": 83.357646, "y": 25.906178}, "39": {"neighbours": [16, 19, 87], "node_range": 15.0, "x": 15.955712, "y": 2.741007}, "40": {"neighbours": [15, 55, 125], "node_range": 15.0, "x": 83.225926, "y": 91.288322}, "41": {"neighbours": [58, 82, 134, 148], "node_range": 15.0, "x": 25.546661, "y": 33.384078}, "42": {"neighbours": [33, 121], "node_range": 15.0, "x": 63.71054, "y": 6.746261}, "43": {"neighbours": [23, 46, 123, 126, 145], "node_range": 15.0, "x": 18.674126, "y": 124.820431}, "44": {"neighbours": [9, 48, 49, 84, 88], "node_range": 15.0, "x": 110.824162, "y": 125.882257}, "45": {"neighbours": [8, 28, 90, 116], "node_range": 15.0, "x": 147.855625, "y": 122.267189}, "46": {"neighbours": [36, 43, 54, 77, 123], "node_range": 15.0, "x": 5.541558, "y": 130.01908}, "47": {"neighbours": [14, 19], "node_range": 15.0, "x": 35.495092, "y": 9.714607}, "48": {"neighbours": [9, 37, 44, 69, 84, 94, 129], "node_range": 15.0, "x": 101.717964, "y": 136.026935}, "49": {"neighbours": [28, 44], "node_range": 15.0, "x": 124.110406, "y": 127.796366}, "50": {"neighbours": [38, 66, 95, 99, 109, 115, 132], "node_range": 15.0, "x": 94.877247, "y": 30.258013}, "51": {"neighbours": [111, 130], "node_range": 15.0, "x": 70.837305, "y": 114.304012}, "52": {"neighbours": [24, 32, 34, 72, 114, 118], "node_range": 15.0, "x": 133.324012, "y": 96.032997}, "53": {"neighbours": [26, 86, 98, 131, 144], "node_range": 15.0, "x": 65.949205, "y": 78.188238}, "54": {"neighbours": [36, 46, 123, 145], "node_range": 15.0, "x": 2.015359, "y": 117.179564}, "55": {"neighbours": [15, 40, 86, 131], "node_range": 15.0, "x": 80.622135, "y": 81.657116}, "56": {"neighbours": [23, 76, 83, 112, 122, 126, 139], "node_range": 15.0, "x": 24.566234, "y": 102.946779}, "57": {"neighbours": [6, 124, 147], "node_range": 15.0, "x": 136.43011, "y": 62.229594}, "58": {"neighbours": [10, 41, 67, 82, 100, 148], "node_range": 15.0, "x": 24.631165, "y": 43.246949}, "59": {"neighbours": [29, 64, 132], "node_range": 15.0, "x": 99.501408, "y": 14.525098}, "60": {"neighbours": [1, 16, 71, 87, 101, 140], "node_range": 15.0, "x": 5.105092, "y": 20.574625}, "61": {"neighbours": [18, 31, 106, 111, 113, 150], "node_range": 15.0, "x": 68.525912, "y": 133.385187}, "62": {"neighbours": [11, 89, 97, 142], "node_range": 15.0, "x": 59.1258, "y": 53.421409}, "63": {"neighbours": [21], "node_range": 15.0, "x": 28.69068, "y": 138.861511}, "64": {"neighbours": [5, 59, 135], "node_range": 15.0, "x": 112.219321, "y": 21.759735}, "65": {"neighbours": [15, 79, 102, 125, 146], "node_range": 15.0, "x": 90.230715, "y": 70.056722}, "66": {"neighbours": [38, 50, 99, 104, 132], "node_range": 15.0, "x": 83.707841, "y": 20.962745}, "67": {"neighbours": [10, 58], "node_range": 15.0, "x": 30.731487, "y": 56.374429}, "68": {"neighbours": [147], "node_range": 15.0, "x": 110.225525, "y": 49.811326}, "69": {"neighbours": [18, 48, 75], "node_range": 15.0, "x": 90.093523, "y": 129.974461}, "70": {"neighbours": [35, 141], "node_range": 15.0, "x": 130.814642, "y": 7.823304}, "71": {"neighbours": [1, 60, 101, 105, 140], "node_range": 15.0, "x": 5.663632, "y": 28.752773}, "72": {"neighbours": [34, 52, 114, 118, 124], "node_range": 15.0, "x": 132.933496, "y": 85.073269}, "73": {"neighbours": [14, 33, 134], "node_range": 15.0, "x": 43.518466, "y": 22.783714}, "74": {"neighbours": [2, 12, 22, 103, 108], "node_range": 15.0, "x": 56.864202, "y": 108.015528}, "75": {"neighbours": [18, 69, 111], "node_range": 15.0, "x": 84.441974, "y": 129.31107}, "76": {"neighbours": [23, 56, 83, 112, 122, 126, 139], "node_range": 15.0, "x": 23.27452, "y": 103.284885}, "77": {"neighbours": [46, 91], "node_range": 15.0, "x": 4.989627, "y": 143.161942}, "78": {"neighbours": [11, 20, 104, 128], "node_range": 15.0, "x": 73.939764, "y": 44.46973}, "79": {"neighbours": [65, 102], "node_range": 15.0, "x": 86.096164, "y": 57.47933}, "80": {"neighbours": [7, 17, 81, 83, 93], "node_range": 15.0, "x": 34.582567, "y": 81.643269}, "81": {"neighbours": [7, 80, 83, 93, 122], "node_range": 15.0, "x": 29.450693, "y": 85.960235}, "82": {"neighbours": [41, 58, 148], "node_range": 15.0, "x": 25.113174, "y": 35.20813}, "83": {"neighbours": [56, 76, 80, 81, 93, 112, 122], "node_range": 15.0, "x": 30.314631, "y": 92.266695}, "84": {"neighbours": [9, 44, 48, 88], "node_range": 15.0, "x": 108.469915, "y": 125.183195}, "85": {"neighbours": [27, 100, 105], "node_range": 15.0, "x": 8.133222, "y": 45.647956}, "86": {"neighbours": [15, 26, 53, 55, 98, 131],