{"1": {"neighbours": [7, 15, 47, 141], "node_range": 15.0, "x": 87.333741, "y": 99.296314}, "2": {"neighbours": [16, 32, 51, 95, 118, 133], "node_range": 15.0, "x": 58.72072, "y": 12.2015}, "3": {"neighbours": [33, 47, 84, 92, 108], "node_range": 15.0, "x": 94.769358, "y": 116.777241}, "4": {"neighbours": [9, 16, 41, 90], "node_range": 15.0, "x": 37.88873, "y": 0.750578}, "5": {"neighbours": [11, 18, 28, 60, 82, 127], "node_range": 15.0, "x": 3.209557, "y": 130.1348}, "6": {"neighbours": [27, 38, 54, 81, 98, 105, 137, 149], "node_range": 15.0, "x": 118.653074, "y": 16.13218}, "7": {"neighbours": [1, 71], "node_range": 15.0, "x": 92.756057, "y": 86.45691}, "8": {"neighbours": [37, 50, 121, 144], "node_range": 15.0, "x": 39.253283, "y": 60.543244}, "9": {"neighbours": [4, 41, 90], "node_range": 15.0, "x": 33.816177, "y": 2.224244}, "10": {"neighbours": [88, 130], "node_range": 15.0, "x": 50.212948, "y": 142.142147}, "11": {"neighbours": [5, 18, 28, 60, 82, 127], "node_range": 15.0, "x": 1.843844, "y": 137.497082}, "12": {"neighbours": [109, 139], "node_range": 15.0, "x": 99.829611, "y": 143.538127}, "13": {"neighbours": [22, 48, 115, 132], "node_range": 15.0, "x": 7.611568, "y": 83.696749}, "14": {"neighbours": [56, 123], "node_range": 15.0, "x": 16.420333, "y": 9.147892}, "15": {"neighbours": [1, 47, 124, 141], "node_range": 15.0, "x": 77.157867, "y": 109.978628}, "16": {"neighbours": [2, 4, 32, 41, 51, 90, 118], "node_range": 15.0, "x": 46.419947, "y": 10.489067}, "17": {"neighbours": [36, 46, 53, 59, 104, 131], "node_range": 15.0, "x": 56.11028, "y": 84.975597}, "18": {"neighbours": [5, 11, 28, 60, 82], "node_range": 15.0, "x": 0.712209, "y": 143.538354}, "19": {"neighbours": [121, 134], "node_range": 15.0, "x": 22.565307, "y": 56.195274}, "20": {"neighbours": [40, 73, 113, 145], "node_range": 15.0, "x": 134.428007, "y": 128.364384}, "21": {"neighbours": [30, 34, 93, 111, 116, 143, 146], "node_range": 15.0, "x": 123.792086, "y": 69.130613}, "22": {"neighbours": [13, 89, 115], "node_range": 15.0, "x": 6.468938, "y": 70.334083}, "23": {"neighbours": [80, 126], "node_range": 15.0, "x": 121.855604, "y": 102.869212}, "24": {"neighbours": [34, 65, 117, 143], "node_range": 15.0, "x": 99.327542, "y": 64.812993}, "25": {"neighbours": [27, 77, 97, 114, 149], "node_range": 15.0, "x": 108.777743, "y": 34.083554}, "26": {"neighbours": [36, 46, 53, 74, 99, 135], "node_range": 15.0, "x": 45.747787, "y": 96.665287}, "27": {"neighbours": [6, 25, 98, 107, 119, 149], "node_range": 15.0, "x": 119.968335, "y": 30.896347}, "28": {"neighbours": [5, 11, 18, 60, 82, 127], "node_range": 15.0, "x": 2.780999, "y": 138.796919}, "29": {"neighbours": [97, 101, 140], "node_range": 15.0, "x": 87.408849, "y": 38.281699}, "30": {"neighbours": [21, 34, 93, 111, 116, 143, 146], "node_range": 15.0, "x": 116.451897, "y": 75.947949}, "31": {"neighbours": [35, 52, 120, 150], "node_range": 15.0, "x": 48.224119, "y": 31.905585}, "32": {"neighbours": [2, 16, 51, 79, 95, 118, 133], "node_range": 15.0, "x": 60.109903, "y": 5.551248}, "33": {"neighbours": [3, 47, 84, 92, 108], "node_range": 15.0, "x": 94.911849, "y": 120.037892}, "34": {"neighbours": [21, 24, 30, 65, 93, 116, 143, 146], "node_range": 15.0, "x": 111.043727, "y": 62.344256}, "35": {"neighbours": [31, 96, 103, 142], "node_range": 15.0, "x": 34.838315, "y": 31.608863}, "36": {"neighbours": [17, 26, 46, 53, 74, 131, 135], "node_range": 15.0, "x": 43.992739, "y": 92.987208}, "37": {"neighbours": [8, 50, 144], "node_range": 15.0, "x": 39.307717, "y": 65.912358}, "38": {"neighbours": [6, 44, 54, 58, 85, 100, 137], "node_range": 15.0, "x": 129.923804, "y": 10.304783}, "39": {"neighbours": [78, 124], "node_range": 15.0, "x": 68.746718, "y": 122.668305}, "40": {"neighbours": [20, 73, 113, 139, 145], "node_range": 15.0, "x": 120.191112, "y": 130.188848}, "41": {"neighbours": [4, 9, 16, 90], "node_range": 15.0, "x": 35.59787, "y": 3.057544}, "42": {"neighbours": [87, 106], "node_range": 15.0, "x": 141.23514, "y": 82.966458}, "43": {"neighbours": [84, 145], "node_range": 15.0, "x": 110.830586, "y": 116.885532}, "44": {"neighbours": [38, 54, 85, 107, 119, 137, 138, 149], "node_range": 15.0, "x": 135.473392, "y": 23.794073}, "45": {"neighbours": [49, 55, 76, 83, 129], "node_range": 15.0, "x": 23.593715, "y": 102.023787}, "46": {"neighbours": [17, 26, 36, 53, 104, 131, 135], "node_range": 15.0, "x": 56.101294, "y": 90.899896}, "47": {"neighbours": [1, 3, 15, 33, 84, 108], "node_range": 15.0, "x": 91.935704, "y": 109.164746}, "48": {"neighbours": [13, 129, 132], "node_range": 15.0, "x": 2.035221, "y": 97.131065}, "49": {"neighbours": [45, 76, 83, 129], "node_range": 15.0, "x": 21.588636, "y": 98.144761}, "50": {"neighbours": [8, 37, 144], "node_range": 15.0, "x": 42.032855, "y": 60.763103}, "51": {"neighbours": [2, 16, 32, 118], "node_range": 15.0, "x": 53.181567, "y": 3.551608}, "52": {"neighbours": [31, 120, 150], "node_range": 15.0, "x": 50.08732, "y": 38.674003}, "53": {"neighbours": [17, 26, 36, 46, 74, 131, 135], "node_range": 15.0, "x": 47.814231, "y": 94.107418}, "54": {"neighbours": [6, 38, 44, 58, 85, 98, 137, 149], "node_range": 15.0, "x": 130.699329, "y": 19.488104}, "55": {"neighbours": [45, 83, 86, 99, 112, 148], "node_range": 15.0, "x": 28.606385, "y": 114.569117}, "56": {"neighbours": [14, 62, 123], "node_range": 15.0, "x": 11.970637, "y": 19.681819}, "57": {"neighbours": [63, 77, 107], "node_range": 15.0, "x": 121.155729, "y": 48.987377}, "58": {"neighbours": [38, 54, 85, 100, 137], "node_range": 15.0, "x": 133.710392, "y": 4.795725}, "59": {"neighbours": [17, 69, 72, 104], "node_range": 15.0, "x": 68.373325, "y": 77.643376}, "60": {"neighbours": [5, 11, 18, 28, 82, 127], "node_range": 15.0, "x": 7.931091, "y": 136.86448}, "61": {"neighbours": [87, 128], "node_range": 15.0, "x": 144.101891, "y": 67.380645}, "62": {"neighbours": [56, 67, 103, 123, 125], "node_range": 15.0, "x": 13.575592, "y": 27.590114}, "63": {"neighbours": [57, 70, 119, 128], "node_range": 15.0, "x": 132.735825, "y": 51.64956}, "64": {"neighbours": [110], "node_range": 15.0, "x": 87.697408, "y": 10.009213}, "65": {"neighbours": [24, 34, 77, 114, 143], "node_range": 15.0, "x": 104.237685, "y": 57.510008}, "66": {"neighbours": [106, 122, 136], "node_range": 15.0, "x": 148.518698, "y": 97.259207}, "67": {"neighbours": [62, 96, 103, 125, 134, 142], "node_range": 15.0, "x": 20.877315, "y": 39.633617}, "68": {"neighbours": [73, 113], "node_range": 15.0, "x": 122.347599, "y": 145.096902}, "69": {"neighbours": [59, 72, 75], "node_range": 15.0, "x": 63.642683, "y": 66.218269}, "70": {"neighbours": [63, 128], "node_range": 15.0, "x": 145.235393, "y": 45.25149}, "71": {"neighbours": [7, 117], "node_range": 15.0, "x": 87.966878, "y": 82.223395}, "72": {"neighbours": [59, 69, 75], "node_range": 15.0, "x": 68.442232, "y": 70.561586}, "73": {"neighbours": [20, 40, 68, 102, 113, 145], "node_range": 15.0, "x": 130.722336, "y": 137.03662}, "74": {"neighbours": [26, 36, 53], "node_range": 15.0, "x": 35.81832, "y": 92.489491}, "75": {"neighbours": [69, 72], "node_range": 15.0, "x": 71.416404, "y": 61.156801}, "76": {"neighbours": [45, 49, 83, 129], "node_range": 15.0, "x": 19.280136, "y": 102.533602}, "77": {"neighbours": [25, 57, 65, 114], "node_range": 15.0, "x": 113.430901, "y": 47.316116}, "78": {"neighbours": [39, 130, 147], "node_range": 15.0, "x": 65.798982, "y": 133.243275}, "79": {"neighbours": [32, 95, 118, 133], "node_range": 15.0, "x": 68.79563, "y": 0.944321}, "80": {"neighbours": [23, 126], "node_range": 15.0, "x": 123.726336, "y": 100.71327}, "81": {"neighbours": [6, 98, 105], "node_range": 15.0, "x": 111.526025, "y": 11.683876}, "82": {"neighbours": [5, 11, 18, 28, 60, 127], "node_range": 15.0, "x": 6.213813, "y": 143.141672}, "83": {"neighbours": [45, 49, 55, 76, 86, 112, 129], "node_range": 15.0, "x": 24.395542, "y": 107.266858}, "84": {"neighbours": [3, 33, 43, 47], "node_range": 15.0, "x": 101.428329, "y": 107.374046},