{"1": {"neighbours": [17, 45, 50, 104, 150], "node_range": 15.0, "x": 109.806428, "y": 13.142964}, "2": {"neighbours": [24, 64, 70, 101], "node_range": 15.0, "x": 51.216219, "y": 132.294252}, "3": {"neighbours": [32, 97, 123, 129, 136], "node_range": 15.0, "x": 96.979325, "y": 114.966199}, "4": {"neighbours": [41, 113, 147], "node_range": 15.0, "x": 147.105099, "y": 59.65402}, "5": {"neighbours": [15, 36, 83, 103, 108, 143], "node_range": 15.0, "x": 39.968233, "y": 19.546035}, "6": {"neighbours": [40, 72, 145], "node_range": 15.0, "x": 81.371199, "y": 70.341061}, "7": {"neighbours": [18, 38, 66, 89, 95, 133], "node_range": 15.0, "x": 17.962666, "y": 25.272072}, "8": {"neighbours": [90, 105, 110], "node_range": 15.0, "x": 31.65163, "y": 58.803167}, "9": {"neighbours": [63], "node_range": 15.0, "x": 20.533002, "y": 111.830587}, "10": {"neighbours": [17, 50, 140, 150], "node_range": 15.0, "x": 97.273274, "y": 22.280505}, "11": {"neighbours": [23, 110], "node_range": 15.0, "x": 15.161735, "y": 44.718986}, "12": {"neighbours": [49, 107, 115], "node_range": 15.0, "x": 28.541378, "y": 129.921487}, "13": {"neighbours": [36, 100], "node_range": 15.0, "x": 39.787109, "y": 3.088638}, "14": {"neighbours": [91, 106], "node_range": 15.0, "x": 129.161181, "y": 113.434904}, "15": {"neighbours": [5, 81, 83, 103, 143], "node_range": 15.0, "x": 53.313747, "y": 22.939647}, "16": {"neighbours": [21, 25, 47, 80, 117, 130, 140], "node_range": 15.0, "x": 72.933574, "y": 21.122008}, "17": {"neighbours": [1, 10, 33, 50, 150], "node_range": 15.0, "x": 104.126458, "y": 26.415078}, "18": {"neighbours": [7, 38, 66, 89, 95, 133], "node_range": 15.0, "x": 13.800282, "y": 27.50034}, "19": {"neighbours": [31, 35, 52, 109], "node_range": 15.0, "x": 76.515576, "y": 45.844819}, "20": {"neighbours": [111, 112, 141], "node_range": 15.0, "x": 49.819021, "y": 111.699463}, "21": {"neighbours": [16, 47, 54, 80, 117, 119, 140], "node_range": 15.0, "x": 78.66904, "y": 8.128644}, "22": {"neighbours": [71], "node_range": 15.0, "x": 7.464324, "y": 4.632681}, "23": {"neighbours": [11, 65, 76, 99], "node_range": 15.0, "x": 6.589091, "y": 49.690958}, "24": {"neighbours": [2, 64, 70, 101, 131], "node_range": 15.0, "x": 53.782775, "y": 137.115718}, "25": {"neighbours": [16, 52, 130], "node_range": 15.0, "x": 66.592607, "y": 33.100246}, "26": {"neighbours": [39, 60, 123, 146], "node_range": 15.0, "x": 112.478707, "y": 135.234043}, "27": {"neighbours": [68, 78, 118, 121, 142], "node_range": 15.0, "x": 116.929603, "y": 69.138833}, "28": {"neighbours": [67], "node_range": 15.0, "x": 147.838684, "y": 41.475323}, "29": {"neighbours": [63, 94], "node_range": 15.0, "x": 1.873924, "y": 114.061246}, "30": {"neighbours": [53, 65, 93, 99, 105, 128], "node_range": 15.0, "x": 6.935277, "y": 71.252552}, "31": {"neighbours": [19, 33, 35, 85, 109], "node_range": 15.0, "x": 86.432804, "y": 45.403512}, "32": {"neighbours": [3, 88, 97, 136], "node_range": 15.0, "x": 99.967505, "y": 105.143871}, "33": {"neighbours": [17, 31, 43, 85, 109, 114], "node_range": 15.0, "x": 94.604151, "y": 37.682463}, "34": {"neighbours": [39], "node_range": 15.0, "x": 126.280797, "y": 141.720528}, "35": {"neighbours": [19, 31, 52, 109], "node_range": 15.0, "x": 75.411077, "y": 47.974631}, "36": {"neighbours": [5, 13, 83, 100, 103, 143], "node_range": 15.0, "x": 38.085854, "y": 15.819107}, "37": {"neighbours": [46, 51, 59, 74, 144], "node_range": 15.0, "x": 75.061575, "y": 135.580161}, "38": {"neighbours": [7, 18, 66, 95], "node_range": 15.0, "x": 22.203404, "y": 15.320434}, "39": {"neighbours": [26, 34, 60, 123, 146], "node_range": 15.0, "x": 115.431176, "y": 134.084816}, "40": {"neighbours": [6, 72, 145], "node_range": 15.0, "x": 86.854267, "y": 63.979605}, "41": {"neighbours": [4, 102, 147], "node_range": 15.0, "x": 138.479504, "y": 57.259309}, "42": {"neighbours": [78, 145], "node_range": 15.0, "x": 99.780192, "y": 74.084129}, "43": {"neighbours": [33, 75, 79, 85, 114, 124], "node_range": 15.0, "x": 105.124089, "y": 44.660382}, "44": {"neighbours": [48, 77, 122], "node_range": 15.0, "x": 61.360199, "y": 62.08364}, "45": {"neighbours": [1, 54, 119, 150], "node_range": 15.0, "x": 101.346402, "y": 3.451877}, "46": {"neighbours": [37, 59, 74, 144], "node_range": 15.0, "x": 76.605924, "y": 144.213543}, "47": {"neighbours": [16, 21, 54, 80, 117, 140], "node_range": 15.0, "x": 75.020738, "y": 10.41424}, "48": {"neighbours": [44, 77, 90, 122], "node_range": 15.0, "x": 53.688075, "y": 54.086001}, "49": {"neighbours": [12, 63, 73], "node_range": 15.0, "x": 14.228127, "y": 130.160729}, "50": {"neighbours": [1, 10, 17, 150], "node_range": 15.0, "x": 103.647881, "y": 21.633002}, "51": {"neighbours": [37, 132], "node_range": 15.0, "x": 77.398581, "y": 123.152333}, "52": {"neighbours": [19, 25, 35, 77, 122], "node_range": 15.0, "x": 66.88241, "y": 44.48579}, "53": {"neighbours": [30, 65, 76, 99], "node_range": 15.0, "x": 1.753932, "y": 65.202038}, "54": {"neighbours": [21, 45, 47, 80, 117, 119], "node_range": 15.0, "x": 86.811189, "y": 1.798797}, "55": {"neighbours": [70, 101, 131], "node_range": 15.0, "x": 42.059187, "y": 148.772132}, "56": {"neighbours": [116, 139, 149], "node_range": 15.0, "x": 128.178656, "y": 29.758422}, "57": {"neighbours": [86, 132], "node_range": 15.0, "x": 73.51874, "y": 102.561686}, "58": {"neighbours": [67, 138, 148], "node_range": 15.0, "x": 147.796468, "y": 14.733345}, "59": {"neighbours": [37, 46, 74, 144], "node_range": 15.0, "x": 75.263442, "y": 143.687351}, "60": {"neighbours": [26, 39, 123, 129, 146], "node_range": 15.0, "x": 109.385956, "y": 130.142666}, "61": {"neighbours": [98, 126], "node_range": 15.0, "x": 61.713247, "y": 84.731831}, "62": {"neighbours": [81], "node_range": 15.0, "x": 58.314502, "y": 0.477871}, "63": {"neighbours": [9, 29, 49, 94], "node_range": 15.0, "x": 10.720797, "y": 117.222501}, "64": {"neighbours": [2, 24, 132], "node_range": 15.0, "x": 60.955833, "y": 126.741763}, "65": {"neighbours": [23, 30, 53, 76, 99], "node_range": 15.0, "x": 5.541552, "y": 57.322107}, "66": {"neighbours": [7, 18, 38, 89, 95], "node_range": 15.0, "x": 16.823908, "y": 18.25282}, "67": {"neighbours": [28, 58, 139], "node_range": 15.0, "x": 148.338885, "y": 26.623012}, "68": {"neighbours": [27, 121, 147], "node_range": 15.0, "x": 130.432699, "y": 70.140831}, "69": {"neighbours": [106], "node_range": 15.0, "x": 141.678766, "y": 97.766574}, "70": {"neighbours": [2, 24, 55, 101, 107, 131], "node_range": 15.0, "x": 49.088945, "y": 137.520953}, "71": {"neighbours": [22], "node_range": 15.0, "x": 4.458139, "y": 8.886929}, "72": {"neighbours": [6, 40, 84, 86, 145], "node_range": 15.0, "x": 84.291017, "y": 77.189602}, "73": {"neighbours": [49], "node_range": 15.0, "x": 8.165027, "y": 140.115545}, "74": {"neighbours": [37, 46, 59, 144], "node_range": 15.0, "x": 74.962439, "y": 138.897671}, "75": {"neighbours": [43, 79, 102, 114, 116, 142, 149], "node_range": 15.0, "x": 120.053714, "y": 44.128181}, "76": {"neighbours": [23, 53, 65, 99], "node_range": 15.0, "x": 4.143814, "y": 55.448812}, "77": {"neighbours": [44, 48, 52, 90, 122], "node_range": 15.0, "x": 56.695714, "y": 52.703365}, "78": {"neighbours": [27, 42, 120, 127], "node_range": 15.0, "x": 109.363179, "y": 79.035441}, "79": {"neighbours": [43, 75, 102, 114, 116, 142], "node_range": 15.0, "x": 116.355438, "y": 44.179806}, "80": {"neighbours": [16, 21, 47, 54, 117], "node_range": 15.0, "x": 75.53197, "y": 7.50326}, "81": {"neighbours": [15, 62, 103, 143], "node_range": 15.0, "x": 53.122252, "y": 11.956636}, "82": {"neighbours": [87, 112], "node_range": 15.0, "x": 34.525409, "y": 97.811678}, "83": {"neighbours": [5, 15, 36, 103, 108, 137, 143], "node_range": 15.0, "x": 39.335226, "y": 21.718666}, "84": {"neighbours": [72, 86, 88, 145], "node_range": 15.0, "x": 88.104386, "y": 86.334672}, "85": {"neighbours": [31, 33, 43, 109], "node_range": 15.0, "x": 91.794809, "y": 40.487223}, "86": {"neighbours": [57, 72, 84], "node_range": 15.0, "x": 78.186079, "y": 88.556929},