{"1": {"neighbours": [69, 71, 77, 80, 86, 117, 125], "node_range": 15.0, "x": 148.330716, "y": 27.948413}, "2": {"neighbours": [13, 46, 51, 70, 72, 79], "node_range": 15.0, "x": 111.934648, "y": 42.88493}, "3": {"neighbours": [52, 98, 123], "node_range": 15.0, "x": 73.30503, "y": 84.027458}, "4": {"neighbours": [35, 42, 74, 92, 103, 119], "node_range": 15.0, "x": 113.783068, "y": 96.869722}, "5": {"neighbours": [26], "node_range": 15.0, "x": 67.680752, "y": 119.72592}, "6": {"neighbours": [38, 44, 47, 56, 102, 142], "node_range": 15.0, "x": 78.553621, "y": 38.060887}, "7": {"neighbours": [50, 59, 118, 121], "node_range": 15.0, "x": 16.627429, "y": 59.473607}, "8": {"neighbours": [99, 122, 136, 143], "node_range": 15.0, "x": 137.118317, "y": 63.891875}, "9": {"neighbours": [21, 78, 94, 107], "node_range": 15.0, "x": 148.591588, "y": 128.978938}, "10": {"neighbours": [28, 41, 95], "node_range": 15.0, "x": 12.405283, "y": 10.937999}, "11": {"neighbours": [43, 76, 88, 92, 119, 133], "node_range": 15.0, "x": 119.208005, "y": 112.975625}, "12": {"neighbours": [57, 67, 74, 88, 89, 119, 129], "node_range": 15.0, "x": 103.057933, "y": 107.842827}, "13": {"neighbours": [2, 46, 70, 79, 113], "node_range": 15.0, "x": 111.455989, "y": 32.217122}, "14": {"neighbours": [25, 66], "node_range": 15.0, "x": 71.938155, "y": 148.648455}, "15": {"neighbours": [63, 138], "node_range": 15.0, "x": 4.077124, "y": 90.302377}, "16": {"neighbours": [23, 37], "node_range": 15.0, "x": 29.226708, "y": 130.28207}, "17": {"neighbours": [59, 101, 104], "node_range": 15.0, "x": 23.531492, "y": 75.370887}, "18": {"neighbours": [135, 148], "node_range": 15.0, "x": 40.083934, "y": 5.91108}, "19": {"neighbours": [131, 140], "node_range": 15.0, "x": 46.869222, "y": 35.007208}, "20": {"neighbours": [95, 140], "node_range": 15.0, "x": 23.783955, "y": 22.679855}, "21": {"neighbours": [9, 78, 94, 107], "node_range": 15.0, "x": 147.153776, "y": 129.327648}, "22": {"neighbours": [33, 65, 100, 134], "node_range": 15.0, "x": 46.485711, "y": 112.540432}, "23": {"neighbours": [16, 33, 54], "node_range": 15.0, "x": 36.474115, "y": 133.762102}, "24": {"neighbours": [38, 68, 114], "node_range": 15.0, "x": 72.883244, "y": 20.613761}, "25": {"neighbours": [14, 26, 49, 66, 126], "node_range": 15.0, "x": 62.878712, "y": 138.106664}, "26": {"neighbours": [5, 25, 49, 66, 126], "node_range": 15.0, "x": 62.650516, "y": 125.789208}, "27": {"neighbours": [73, 83, 141], "node_range": 15.0, "x": 105.414686, "y": 7.632697}, "28": {"neighbours": [10, 41], "node_range": 15.0, "x": 1.272303, "y": 16.041135}, "29": {"neighbours": [68, 85, 114], "node_range": 15.0, "x": 87.778628, "y": 13.941662}, "30": {"neighbours": [36, 106], "node_range": 15.0, "x": 87.245293, "y": 143.780817}, "31": {"neighbours": [34, 111, 116, 130], "node_range": 15.0, "x": 135.007185, "y": 8.717353}, "32": {"neighbours": [108, 147], "node_range": 15.0, "x": 7.219061, "y": 39.26984}, "33": {"neighbours": [22, 23, 134], "node_range": 15.0, "x": 45.365073, "y": 126.335284}, "34": {"neighbours": [31, 116], "node_range": 15.0, "x": 146.68107, "y": 3.815356}, "35": {"neighbours": [4, 42, 84, 92, 103, 137], "node_range": 15.0, "x": 122.212864, "y": 86.914456}, "36": {"neighbours": [30, 48, 106], "node_range": 15.0, "x": 92.14042, "y": 139.077361}, "37": {"neighbours": [16, 55], "node_range": 15.0, "x": 23.882781, "y": 124.243555}, "38": {"neighbours": [6, 24, 56, 68, 85, 102, 114], "node_range": 15.0, "x": 83.272356, "y": 28.583273}, "39": {"neighbours": [55, 112, 115], "node_range": 15.0, "x": 5.697971, "y": 129.034631}, "40": {"neighbours": [61, 81, 82, 98, 123, 128], "node_range": 15.0, "x": 52.984654, "y": 84.017447}, "41": {"neighbours": [10, 28, 95], "node_range": 15.0, "x": 9.797467, "y": 10.946912}, "42": {"neighbours": [4, 35, 103, 137], "node_range": 15.0, "x": 118.805105, "y": 85.327944}, "43": {"neighbours": [11, 88, 133, 146], "node_range": 15.0, "x": 118.156114, "y": 120.361061}, "44": {"neighbours": [6, 47, 56, 70, 79, 113], "node_range": 15.0, "x": 93.163536, "y": 40.665021}, "45": {"neighbours": [58, 71, 80, 97, 125, 130], "node_range": 15.0, "x": 132.720856, "y": 24.595146}, "46": {"neighbours": [2, 13, 51, 58, 97], "node_range": 15.0, "x": 118.723243, "y": 31.076775}, "47": {"neighbours": [6, 44, 56], "node_range": 15.0, "x": 83.404014, "y": 50.375744}, "48": {"neighbours": [36, 89, 91, 129], "node_range": 15.0, "x": 93.119426, "y": 126.213535}, "49": {"neighbours": [25, 26, 66, 126], "node_range": 15.0, "x": 62.778272, "y": 133.920526}, "50": {"neighbours": [7, 75, 101, 118], "node_range": 15.0, "x": 25.692043, "y": 51.701844}, "51": {"neighbours": [2, 46, 72], "node_range": 15.0, "x": 120.786192, "y": 44.547993}, "52": {"neighbours": [3, 60, 82, 98, 128], "node_range": 15.0, "x": 69.391219, "y": 76.332401}, "53": {"neighbours": [60, 81, 128, 144, 150], "node_range": 15.0, "x": 63.575442, "y": 61.756204}, "54": {"neighbours": [23], "node_range": 15.0, "x": 38.210695, "y": 143.66731}, "55": {"neighbours": [37, 39, 112, 115], "node_range": 15.0, "x": 9.316368, "y": 127.775845}, "56": {"neighbours": [6, 38, 44, 47, 102], "node_range": 15.0, "x": 85.200391, "y": 43.244693}, "57": {"neighbours": [12, 67, 74, 89, 96, 124, 129], "node_range": 15.0, "x": 93.94888, "y": 100.81223}, "58": {"neighbours": [45, 46, 97, 125, 130], "node_range": 15.0, "x": 127.608999, "y": 24.492669}, "59": {"neighbours": [7, 17, 118, 121], "node_range": 15.0, "x": 15.924005, "y": 66.093782}, "60": {"neighbours": [52, 53, 98, 128, 150], "node_range": 15.0, "x": 72.375715, "y": 65.770024}, "61": {"neighbours": [40, 82, 123], "node_range": 15.0, "x": 54.756263, "y": 90.516654}, "62": {"neighbours": [72, 99, 122, 136, 143], "node_range": 15.0, "x": 115.702032, "y": 60.877397}, "63": {"neighbours": [15, 90], "node_range": 15.0, "x": 13.213214, "y": 95.772175}, "64": {"neighbours": [65, 90, 120], "node_range": 15.0, "x": 31.488197, "y": 103.746685}, "65": {"neighbours": [22, 64, 90], "node_range": 15.0, "x": 34.84843, "y": 109.080943}, "66": {"neighbours": [14, 25, 26, 49, 126], "node_range": 15.0, "x": 66.160831, "y": 139.259426}, "67": {"neighbours": [12, 57, 89, 124, 129], "node_range": 15.0, "x": 90.893621, "y": 109.439918}, "68": {"neighbours": [24, 29, 38, 114], "node_range": 15.0, "x": 74.648723, "y": 18.306426}, "69": {"neighbours": [1, 71, 77, 80, 86, 87, 117, 125], "node_range": 15.0, "x": 142.520849, "y": 36.873358}, "70": {"neighbours": [2, 13, 44, 79, 113], "node_range": 15.0, "x": 103.742818, "y": 41.036843}, "71": {"neighbours": [1, 45, 69, 80, 86, 117, 125, 130], "node_range": 15.0, "x": 145.96547, "y": 23.813563}, "72": {"neighbours": [2, 51, 62, 99, 122, 136, 143], "node_range": 15.0, "x": 115.864328, "y": 55.743074}, "73": {"neighbours": [27, 83, 111, 141], "node_range": 15.0, "x": 119.923265, "y": 7.929244}, "74": {"neighbours": [4, 12, 57, 92, 96, 119, 129], "node_range": 15.0, "x": 106.30083, "y": 103.155674}, "75": {"neighbours": [50, 108, 118, 140], "node_range": 15.0, "x": 23.941149, "y": 40.99881}, "76": {"neighbours": [11, 78, 92, 93, 110, 132, 133], "node_range": 15.0, "x": 133.16671, "y": 108.395786}, "77": {"neighbours": [1, 69, 80, 86, 87, 117, 125], "node_range": 15.0, "x": 146.57845, "y": 38.976513}, "78": {"neighbours": [9, 21, 76, 93, 133], "node_range": 15.0, "x": 136.889393, "y": 119.747084}, "79": {"neighbours": [2, 13, 44, 70, 113], "node_range": 15.0, "x": 104.034176, "y": 40.437958}, "80": {"neighbours": [1, 45, 69, 71, 77, 86, 97, 117, 125], "node_range": 15.0, "x": 139.304572, "y": 34.140513}, "81": {"neighbours": [40, 53, 82, 98, 128, 144, 150], "node_range": 15.0, "x": 55.382239, "y": 69.319652}, "82": {"neighbours": [40, 52, 61, 81, 98, 123, 128, 144, 150], "node_range": 15.0, "x": 59.6992, "y": 77.184324}, "83": {"neighbours": [27, 73, 111, 141], "node_range": 15.0, "x": 111.161796, "y": 11.411385}, "84": {"neighbours": [35, 110, 132, 137], "node_range": 15.0, "x": 133.445161, "y": 92.24295},