{"1": {"neighbours": [16, 33, 75, 99, 135], "node_range": 18.0, "x": 145.801218, "y": 64.624866}, "2": {"neighbours": [14, 15, 46, 63, 94, 96, 123, 127, 130], "node_range": 18.0, "x": 18.183784, "y": 130.132811}, "3": {"neighbours": [5, 19, 67], "node_range": 18.0, "x": 9.977464, "y": 31.445521}, "4": {"neighbours": [6, 9, 12, 57, 101, 129, 133], "node_range": 18.0, "x": 41.255422, "y": 47.616868}, "5": {"neighbours": [3, 19], "node_range": 18.0, "x": 0.919615, "y": 20.922132}, "6": {"neighbours": [4, 24, 56, 57, 61, 90, 97, 116, 133, 150], "node_range": 18.0, "x": 39.393106, "y": 30.455308}, "7": {"neighbours": [30, 43, 44, 114, 119], "node_range": 18.0, "x": 115.076486, "y": 19.26744}, "8": {"neighbours": [27, 48], "node_range": 18.0, "x": 64.230419, "y": 143.950067}, "9": {"neighbours": [4, 126], "node_range": 18.0, "x": 53.317591, "y": 48.393748}, "10": {"neighbours": [87, 96, 127], "node_range": 18.0, "x": 43.074081, "y": 127.999449}, "11": {"neighbours": [34, 39, 98, 117, 122, 125, 137], "node_range": 18.0, "x": 65.000398, "y": 70.421444}, "12": {"neighbours": [4, 29, 35, 68, 85, 101, 129, 148], "node_range": 18.0, "x": 32.812381, "y": 61.790409}, "13": {"neighbours": [17, 81, 93, 98, 137, 142], "node_range": 18.0, "x": 90.649361, "y": 84.140462}, "14": {"neighbours": [2, 15, 46, 63, 94, 96, 127], "node_range": 18.0, "x": 21.301092, "y": 122.972938}, "15": {"neighbours": [2, 14, 63, 94], "node_range": 18.0, "x": 5.054918, "y": 127.810503}, "16": {"neighbours": [1, 33, 75, 135], "node_range": 18.0, "x": 144.454455, "y": 62.145743}, "17": {"neighbours": [13, 66, 81, 93, 142], "node_range": 18.0, "x": 86.92048, "y": 99.742635}, "18": {"neighbours": [40, 47, 80, 138, 140], "node_range": 18.0, "x": 140.026078, "y": 128.288126}, "19": {"neighbours": [3, 5, 73, 97], "node_range": 18.0, "x": 15.099027, "y": 26.568276}, "20": {"neighbours": [24, 56, 126, 150], "node_range": 18.0, "x": 59.130139, "y": 31.085988}, "21": {"neighbours": [32, 38, 55, 60, 83, 109, 145], "node_range": 18.0, "x": 109.99811, "y": 106.12938}, "22": {"neighbours": [27, 72, 95, 108, 124], "node_range": 18.0, "x": 88.971561, "y": 148.712852}, "23": {"neighbours": [31, 44, 114, 119], "node_range": 18.0, "x": 109.004514, "y": 1.108448}, "24": {"neighbours": [6, 20, 56, 61, 90, 126, 143, 150], "node_range": 18.0, "x": 50.408739, "y": 23.790202}, "25": {"neighbours": [50, 51, 60, 71, 99, 111, 112, 118], "node_range": 18.0, "x": 134.871258, "y": 96.061466}, "26": {"neighbours": [46, 58, 123, 127, 130], "node_range": 18.0, "x": 33.640192, "y": 147.488908}, "27": {"neighbours": [8, 22, 48, 95, 108], "node_range": 18.0, "x": 76.815844, "y": 145.995225}, "28": {"neighbours": [41, 74, 79, 102, 131, 136, 143], "node_range": 18.0, "x": 64.096478, "y": 6.284628}, "29": {"neighbours": [12, 49, 68, 84, 85, 92, 106, 129, 148], "node_range": 18.0, "x": 19.977772, "y": 68.426251}, "30": {"neighbours": [7, 43], "node_range": 18.0, "x": 125.713658, "y": 20.947444}, "31": {"neighbours": [23, 41, 44, 119], "node_range": 18.0, "x": 94.755955, "y": 8.204677}, "32": {"neighbours": [21, 38, 47, 55, 60, 83, 105, 109, 111, 115, 145, 147], "node_range": 18.0, "x": 117.685846, "y": 110.200093}, "33": {"neighbours": [1, 16, 59, 75, 78, 135], "node_range": 18.0, "x": 140.658019, "y": 58.828377}, "34": {"neighbours": [11, 36, 39, 98, 117, 137], "node_range": 18.0, "x": 79.425349, "y": 64.789477}, "35": {"neighbours": [12, 68, 85, 101, 129, 148], "node_range": 18.0, "x": 39.250715, "y": 70.236663}, "36": {"neighbours": [34, 39, 82, 117], "node_range": 18.0, "x": 76.053799, "y": 50.068121}, "37": {"neighbours": [45, 52, 53, 54, 65, 76, 132], "node_range": 18.0, "x": 109.125338, "y": 56.402025}, "38": {"neighbours": [21, 32, 47, 55, 71, 83, 105, 111, 115, 138, 145, 147], "node_range": 18.0, "x": 124.398053, "y": 116.100545}, "39": {"neighbours": [11, 34, 36, 98, 117, 122], "node_range": 18.0, "x": 68.316062, "y": 64.801926}, "40": {"neighbours": [18, 47, 80, 110, 115, 138, 140, 144, 147], "node_range": 18.0, "x": 126.649768, "y": 134.710842}, "41": {"neighbours": [28, 31, 79, 131, 136], "node_range": 18.0, "x": 81.473238, "y": 5.7698}, "42": {"neighbours": [78, 100, 120, 134], "node_range": 18.0, "x": 144.27983, "y": 39.591345}, "43": {"neighbours": [7, 30, 120], "node_range": 18.0, "x": 128.241112, "y": 22.463417}, "44": {"neighbours": [7, 23, 31, 114, 119], "node_range": 18.0, "x": 111.327431, "y": 4.791505}, "45": {"neighbours": [37, 52, 107, 132], "node_range": 18.0, "x": 113.158481, "y": 41.373152}, "46": {"neighbours": [2, 14, 26, 58, 63, 96, 123, 127, 130], "node_range": 18.0, "x": 25.738545, "y": 136.4634}, "47": {"neighbours": [18, 32, 38, 40, 55, 105, 115, 138, 145, 147], "node_range": 18.0, "x": 125.391572, "y": 120.39135}, "48": {"neighbours": [8, 27, 89], "node_range": 18.0, "x": 62.695688, "y": 137.038809}, "49": {"neighbours": [29, 68, 84, 88, 92, 106, 148], "node_range": 18.0, "x": 13.087486, "y": 79.473019}, "50": {"neighbours": [25, 99, 112, 118], "node_range": 18.0, "x": 147.521649, "y": 84.479984}, "51": {"neighbours": [25, 54, 59, 60, 99, 111], "node_range": 18.0, "x": 125.523144, "y": 84.466813}, "52": {"neighbours": [37, 45, 53, 76, 132], "node_range": 18.0, "x": 116.010853, "y": 50.387965}, "53": {"neighbours": [37, 52, 54, 59, 65, 75, 76, 132], "node_range": 18.0, "x": 117.993996, "y": 64.656535}, "54": {"neighbours": [37, 51, 53, 59, 76, 132], "node_range": 18.0, "x": 116.184844, "y": 71.771186}, "55": {"neighbours": [21, 32, 38, 47, 60, 83, 105, 109, 111, 115, 145, 147], "node_range": 18.0, "x": 115.238763, "y": 112.757692}, "56": {"neighbours": [6, 20, 24, 57, 61, 90, 97, 116, 126, 133, 150], "node_range": 18.0, "x": 42.871576, "y": 29.474138}, "57": {"neighbours": [4, 6, 56, 97, 129, 133], "node_range": 18.0, "x": 33.853828, "y": 40.413712}, "58": {"neighbours": [26, 46, 123], "node_range": 18.0, "x": 38.210347, "y": 148.863567}, "59": {"neighbours": [33, 51, 53, 54, 75, 132, 135], "node_range": 18.0, "x": 127.162881, "y": 67.801926}, "60": {"neighbours": [21, 25, 32, 51, 55, 83, 111, 145], "node_range": 18.0, "x": 118.098665, "y": 96.66255}, "61": {"neighbours": [6, 24, 56, 73, 77, 90, 97, 116], "node_range": 18.0, "x": 35.162091, "y": 17.394441}, "62": {"neighbours": [64, 70, 103, 139], "node_range": 18.0, "x": 36.407036, "y": 105.023609}, "63": {"neighbours": [2, 14, 15, 46, 94, 96, 123, 127, 130], "node_range": 18.0, "x": 14.841106, "y": 130.803949}, "64": {"neighbours": [62, 70, 103, 139], "node_range": 18.0, "x": 38.639463, "y": 109.47699}, "65": {"neighbours": [37, 53, 76, 82, 132], "node_range": 18.0, "x": 100.798159, "y": 60.372932}, "66": {"neighbours": [17, 69, 81, 109], "node_range": 18.0, "x": 88.9225, "y": 115.320721}, "67": {"neighbours": [3], "node_range": 18.0, "x": 11.94617, "y": 44.453574}, "68": {"neighbours": [12, 29, 35, 49, 85, 92, 101, 106, 129, 148], "node_range": 18.0, "x": 22.41375, "y": 67.56424}, "69": {"neighbours": [66, 95, 105, 108, 109, 124], "node_range": 18.0, "x": 94.939373, "y": 124.169496}, "70": {"neighbours": [62, 64, 103, 128, 139], "node_range": 18.0, "x": 32.412015, "y": 107.66966}, "71": {"neighbours": [25, 38, 111], "node_range": 18.0, "x": 137.788842, "y": 105.6593}, "72": {"neighbours": [22, 95, 108, 124, 144, 146], "node_range": 18.0, "x": 99.890118, "y": 143.745276}, "73": {"neighbours": [19, 61, 77, 90, 91, 97, 116], "node_range": 18.0, "x": 28.911316, "y": 15.539254}, "74": {"neighbours": [28, 102, 136, 143], "node_range": 18.0, "x": 61.40999, "y": 3.312139}, "75": {"neighbours": [1, 16, 33, 53, 59, 135], "node_range": 18.0, "x": 133.432219, "y": 63.429222}, "76": {"neighbours": [37, 52, 53, 54, 65, 132], "node_range": 18.0, "x": 107.928635, "y": 66.022972}, "77": {"neighbours": [61, 73, 90, 91, 97, 116], "node_range": 18.0, "x": 36.456252, "y": 9.308409}, "78": {"neighbours": [33, 42, 120, 134], "node_range": 18.0, "x": 136.301521, "y": 41.716291}, "79": {"neighbours": [28, 41, 131, 136], "node_range": 18.0, "x": 77.209954,