{"1": {"neighbours": [40, 41, 77, 96, 97, 100, 103, 123, 124, 141, 149], "node_range": 18.0, "x": 80.935097, "y": 100.528813}, "2": {"neighbours": [79, 99, 148], "node_range": 18.0, "x": 102.207833, "y": 16.718747}, "3": {"neighbours": [28, 33, 34, 48, 49, 81, 83, 92, 95, 138], "node_range": 18.0, "x": 27.698777, "y": 85.961887}, "4": {"neighbours": [14, 22, 86, 98, 139, 140], "node_range": 18.0, "x": 35.540504, "y": 3.384997}, "5": {"neighbours": [64, 142, 145, 146], "node_range": 18.0, "x": 136.042206, "y": 44.383299}, "6": {"neighbours": [18, 39, 62, 66, 70, 84, 85, 125, 136], "node_range": 18.0, "x": 31.076543, "y": 129.83581}, "7": {"neighbours": [14, 22, 36, 42, 44, 47, 51, 61, 86, 87, 98, 128, 139, 150], "node_range": 18.0, "x": 18.312678, "y": 18.850104}, "8": {"neighbours": [26, 29, 53, 61, 82, 112, 127, 150], "node_range": 18.0, "x": 27.522565, "y": 40.724834}, "9": {"neighbours": [34, 39, 66, 70, 133], "node_range": 18.0, "x": 37.42995, "y": 109.922012}, "10": {"neighbours": [11, 37, 50, 111, 115, 134], "node_range": 18.0, "x": 74.813585, "y": 141.462038}, "11": {"neighbours": [10, 37, 50, 57, 111, 115, 129, 134], "node_range": 18.0, "x": 85.024575, "y": 140.364934}, "12": {"neighbours": [62, 66], "node_range": 18.0, "x": 8.783617, "y": 112.948427}, "13": {"neighbours": [19, 56, 69, 75, 137], "node_range": 18.0, "x": 75.02146, "y": 42.195147}, "14": {"neighbours": [4, 7, 22, 36, 42, 44, 51, 61, 86, 87, 98, 139], "node_range": 18.0, "x": 28.300466, "y": 12.679471}, "15": {"neighbours": [24], "node_range": 18.0, "x": 117.581262, "y": 31.336983}, "16": {"neighbours": [17, 89, 101, 122, 130], "node_range": 18.0, "x": 101.381089, "y": 60.675656}, "17": {"neighbours": [16, 19, 69, 101, 110, 130, 137, 143], "node_range": 18.0, "x": 86.094348, "y": 67.440011}, "18": {"neighbours": [6, 35, 85], "node_range": 18.0, "x": 28.705888, "y": 147.182807}, "19": {"neighbours": [13, 17, 25, 56, 69, 75, 101, 110, 130, 137], "node_range": 18.0, "x": 84.262117, "y": 54.554622}, "20": {"neighbours": [27, 60, 68, 73, 90, 93, 106], "node_range": 18.0, "x": 133.988239, "y": 3.890153}, "21": {"neighbours": [28, 33, 48, 49, 92, 95], "node_range": 18.0, "x": 45.347072, "y": 74.98729}, "22": {"neighbours": [4, 7, 14, 26, 36, 42, 44, 51, 55, 61, 86, 87, 98, 139], "node_range": 18.0, "x": 29.056317, "y": 17.272946}, "23": {"neighbours": [30, 32, 55, 65, 67], "node_range": 18.0, "x": 60.016623, "y": 21.068721}, "24": {"neighbours": [15, 89], "node_range": 18.0, "x": 112.171295, "y": 38.827886}, "25": {"neighbours": [19, 56, 75, 99], "node_range": 18.0, "x": 93.514664, "y": 40.195182}, "26": {"neighbours": [8, 22, 30, 53, 55, 65, 76, 82], "node_range": 18.0, "x": 39.888511, "y": 29.49077}, "27": {"neighbours": [20, 68, 79, 93, 106, 144], "node_range": 18.0, "x": 120.372383, "y": 4.793623}, "28": {"neighbours": [3, 21, 33, 48, 49, 81, 83, 95, 138], "node_range": 18.0, "x": 27.680249, "y": 78.358253}, "29": {"neighbours": [8, 45, 112, 127], "node_range": 18.0, "x": 13.804085, "y": 51.628545}, "30": {"neighbours": [23, 26, 32, 55, 65, 76], "node_range": 18.0, "x": 49.650482, "y": 23.773468}, "31": {"neighbours": [41, 97, 119, 124, 129, 134, 141, 149], "node_range": 18.0, "x": 76.14131, "y": 122.044268}, "32": {"neighbours": [23, 30], "node_range": 18.0, "x": 66.113067, "y": 25.248331}, "33": {"neighbours": [3, 21, 28, 48, 49, 81, 83, 92, 95, 138], "node_range": 18.0, "x": 30.067757, "y": 79.839037}, "34": {"neighbours": [3, 9, 39, 70, 81, 83, 95], "node_range": 18.0, "x": 27.599529, "y": 98.597442}, "35": {"neighbours": [18], "node_range": 18.0, "x": 15.155773, "y": 148.085283}, "36": {"neighbours": [7, 14, 22, 42, 44, 51, 53, 61, 86, 87, 98, 139, 150], "node_range": 18.0, "x": 23.217683, "y": 22.002487}, "37": {"neighbours": [10, 11, 50, 57, 113, 115, 129, 134], "node_range": 18.0, "x": 92.374594, "y": 138.402642}, "38": {"neighbours": [105], "node_range": 18.0, "x": 146.462723, "y": 91.527895}, "39": {"neighbours": [6, 9, 34, 62, 66, 70, 125, 136], "node_range": 18.0, "x": 29.443073, "y": 114.156507}, "40": {"neighbours": [1, 77, 96, 100, 103, 108, 123, 135, 143], "node_range": 18.0, "x": 84.794643, "y": 91.955553}, "41": {"neighbours": [1, 31, 97, 103, 124, 141, 149], "node_range": 18.0, "x": 69.401832, "y": 107.67431}, "42": {"neighbours": [7, 14, 22, 36, 44, 51, 53, 61, 86, 87, 98, 139, 150], "node_range": 18.0, "x": 19.001241, "y": 22.653688}, "43": {"neighbours": [63, 71, 109, 126], "node_range": 18.0, "x": 128.120544, "y": 93.219586}, "44": {"neighbours": [7, 14, 22, 36, 42, 47, 51, 86, 87, 98, 128, 139], "node_range": 18.0, "x": 13.218499, "y": 9.65215}, "45": {"neighbours": [29, 112, 138], "node_range": 18.0, "x": 20.584827, "y": 58.162765}, "46": {"neighbours": [64, 89], "node_range": 18.0, "x": 119.79643, "y": 55.189727}, "47": {"neighbours": [7, 44, 86, 87, 98, 128, 139], "node_range": 18.0, "x": 8.138953, "y": 5.719985}, "48": {"neighbours": [3, 21, 28, 33, 49, 81, 83, 95, 138], "node_range": 18.0, "x": 27.986227, "y": 78.896594}, "49": {"neighbours": [3, 21, 28, 33, 48, 83, 92, 95, 138], "node_range": 18.0, "x": 39.979988, "y": 78.294191}, "50": {"neighbours": [10, 11, 37, 57, 113, 115, 129, 134], "node_range": 18.0, "x": 91.344681, "y": 137.715225}, "51": {"neighbours": [7, 14, 22, 36, 42, 44, 53, 61, 86, 87, 98, 139, 150], "node_range": 18.0, "x": 24.117224, "y": 18.788194}, "52": {"neighbours": [78, 104, 107], "node_range": 18.0, "x": 1.331921, "y": 72.175341}, "53": {"neighbours": [8, 26, 36, 42, 51, 61, 112, 127, 150], "node_range": 18.0, "x": 27.78927, "y": 35.710098}, "54": {"neighbours": [74, 84, 118, 133, 136], "node_range": 18.0, "x": 53.758807, "y": 127.476524}, "55": {"neighbours": [22, 23, 26, 30, 65, 76, 82], "node_range": 18.0, "x": 43.913362, "y": 27.111353}, "56": {"neighbours": [13, 19, 25, 75, 130, 137], "node_range": 18.0, "x": 88.076946, "y": 44.81629}, "57": {"neighbours": [11, 37, 50, 113, 115, 119, 121, 129, 134], "node_range": 18.0, "x": 93.776628, "y": 134.384282}, "58": {"neighbours": [71, 91, 100, 108, 116, 117, 122, 126, 135], "node_range": 18.0, "x": 105.67184, "y": 83.758417}, "59": {"neighbours": [80, 113, 120, 131, 132, 147], "node_range": 18.0, "x": 112.924406, "y": 139.399337}, "60": {"neighbours": [20, 73, 90, 93, 142], "node_range": 18.0, "x": 147.893455, "y": 14.771734}, "61": {"neighbours": [7, 8, 14, 22, 36, 42, 51, 53, 87, 112, 127, 139, 150], "node_range": 18.0, "x": 21.423676, "y": 28.766273}, "62": {"neighbours": [6, 12, 39, 66, 70, 125], "node_range": 18.0, "x": 18.086873, "y": 119.353545}, "63": {"neighbours": [43, 105, 109], "node_range": 18.0, "x": 136.311041, "y": 107.190787}, "64": {"neighbours": [5, 46, 145, 146], "node_range": 18.0, "x": 134.805252, "y": 48.169394}, "65": {"neighbours": [23, 26, 30, 55, 76, 82], "node_range": 18.0, "x": 49.239913, "y": 34.271659}, "66": {"neighbours": [6, 9, 12, 39, 62, 70, 125], "node_range": 18.0, "x": 22.429694, "y": 118.392541}, "67": {"neighbours": [23, 94], "node_range": 18.0, "x": 65.993196, "y": 5.633095}, "68": {"neighbours": [20, 27, 93, 106, 144], "node_range": 18.0, "x": 127.687153, "y": 5.560428}, "69": {"neighbours": [13, 17, 19, 75, 110, 130, 137], "node_range": 18.0, "x": 71.2934, "y": 59.791291}, "70": {"neighbours": [6, 9, 34, 39, 62, 66, 125, 136], "node_range": 18.0, "x": 31.581749, "y": 116.128675}, "71": {"neighbours": [43, 58, 109, 116, 117, 126], "node_range": 18.0, "x": 119.35015, "y": 91.184302}, "72": {"neighbours": [80, 131, 132, 147], "node_range": 18.0, "x": 131.303923, "y": 137.435696}, "73": {"neighbours": [20, 60, 90, 93], "node_range": 18.0, "x": 146.949184, "y": 12.65584}, "74": {"neighbours": [54, 97, 118, 133, 141], "node_range": 18.0, "x": 54.694864, "y": 119.873681}, "75": {"neighbours": [13, 19, 25, 56, 69, 101, 130, 137], "node_range": 18.0, "x": 84.073981, "y": 48.661088}, "76": {"neighbours": [26, 30, 55, 65, 82], "node_range": 18.0, "x": 47.223574, "y": 39.269895}, "77": {"neighbours": [1, 40, 96, 100, 103, 108, 123, 135, 149],