{"1": {"neighbours": [42, 68, 78, 89], "node_range": 18.0, "x": 60.958722, "y": 14.493565}, "2": {"neighbours": [5, 15, 26, 29, 50, 67, 74, 84], "node_range": 18.0, "x": 104.468992, "y": 78.122873}, "3": {"neighbours": [58, 70, 74, 91, 94], "node_range": 18.0, "x": 92.674244, "y": 104.885168}, "4": {"neighbours": [24, 56, 108, 147], "node_range": 18.0, "x": 26.48612, "y": 130.659898}, "5": {"neighbours": [2, 15, 29, 69, 99, 124], "node_range": 18.0, "x": 113.067078, "y": 63.18201}, "6": {"neighbours": [36, 56, 90, 129, 130], "node_range": 18.0, "x": 23.945705, "y": 108.972962}, "7": {"neighbours": [14, 62], "node_range": 18.0, "x": 137.314019, "y": 65.62395}, "8": {"neighbours": [24, 85, 108], "node_range": 18.0, "x": 11.48398, "y": 149.379944}, "9": {"neighbours": [10, 63, 136], "node_range": 18.0, "x": 10.00357, "y": 72.655552}, "10": {"neighbours": [9, 63, 136], "node_range": 18.0, "x": 9.836258, "y": 70.197867}, "11": {"neighbours": [25, 52, 53, 88, 97, 103, 109], "node_range": 18.0, "x": 49.720514, "y": 78.75519}, "12": {"neighbours": [14, 20, 23, 33, 146], "node_range": 18.0, "x": 148.697155, "y": 37.703157}, "13": {"neighbours": [25, 40, 67, 150], "node_range": 18.0, "x": 75.829557, "y": 74.910623}, "14": {"neighbours": [7, 12, 17, 20, 23, 62, 146], "node_range": 18.0, "x": 144.120731, "y": 50.984771}, "15": {"neighbours": [2, 5, 26, 29, 37, 124], "node_range": 18.0, "x": 118.239922, "y": 69.166344}, "16": {"neighbours": [106, 121], "node_range": 18.0, "x": 43.819456, "y": 1.91582}, "17": {"neighbours": [14, 23, 47, 80, 95, 146], "node_range": 18.0, "x": 129.379008, "y": 44.424167}, "18": {"neighbours": [36, 52, 54, 60, 88, 90, 101, 109, 115, 129, 130], "node_range": 18.0, "x": 45.195591, "y": 102.796425}, "19": {"neighbours": [36, 90, 130, 136], "node_range": 18.0, "x": 29.050161, "y": 83.829876}, "20": {"neighbours": [12, 14, 23, 33, 146], "node_range": 18.0, "x": 148.232421, "y": 41.129326}, "21": {"neighbours": [34, 38, 51, 92], "node_range": 18.0, "x": 100.793687, "y": 38.798786}, "22": {"neighbours": [30, 82], "node_range": 18.0, "x": 144.417289, "y": 2.737804}, "23": {"neighbours": [12, 14, 17, 20, 47, 80, 95, 146], "node_range": 18.0, "x": 134.35469, "y": 43.952683}, "24": {"neighbours": [4, 8, 35, 108, 147], "node_range": 18.0, "x": 28.263961, "y": 146.800215}, "25": {"neighbours": [11, 13, 53, 97, 103, 125], "node_range": 18.0, "x": 66.553229, "y": 77.882214}, "26": {"neighbours": [2, 15, 29, 37, 50, 74, 84], "node_range": 18.0, "x": 108.216479, "y": 82.076491}, "27": {"neighbours": [93, 110, 112, 118, 135], "node_range": 18.0, "x": 77.575917, "y": 146.83926}, "28": {"neighbours": [60, 83, 111, 117, 127, 143], "node_range": 18.0, "x": 74.472054, "y": 113.471346}, "29": {"neighbours": [2, 5, 15, 26, 50, 67, 74, 84], "node_range": 18.0, "x": 106.767075, "y": 78.316562}, "30": {"neighbours": [22, 82, 145], "node_range": 18.0, "x": 144.364061, "y": 5.588775}, "31": {"neighbours": [70, 79, 102, 113], "node_range": 18.0, "x": 107.818445, "y": 123.074545}, "32": {"neighbours": [96, 119, 126, 144], "node_range": 18.0, "x": 29.533155, "y": 38.668014}, "33": {"neighbours": [12, 20, 145], "node_range": 18.0, "x": 147.501696, "y": 23.421926}, "34": {"neighbours": [21, 95], "node_range": 18.0, "x": 109.666191, "y": 40.356173}, "35": {"neighbours": [24, 108, 147], "node_range": 18.0, "x": 31.109129, "y": 148.237974}, "36": {"neighbours": [6, 18, 19, 52, 90, 129, 130], "node_range": 18.0, "x": 34.113067, "y": 94.526756}, "37": {"neighbours": [15, 26, 43], "node_range": 18.0, "x": 122.98354, "y": 86.139156}, "38": {"neighbours": [21, 51, 65, 66, 105, 133], "node_range": 18.0, "x": 84.893102, "y": 40.22271}, "39": {"neighbours": [92, 104, 139], "node_range": 18.0, "x": 106.874632, "y": 12.392945}, "40": {"neighbours": [13, 65, 66, 75, 123, 125, 150], "node_range": 18.0, "x": 78.682547, "y": 58.341255}, "41": {"neighbours": [78, 104, 105, 107], "node_range": 18.0, "x": 87.323292, "y": 12.546368}, "42": {"neighbours": [1, 68, 78, 89, 105], "node_range": 18.0, "x": 65.553919, "y": 17.013228}, "43": {"neighbours": [37, 57, 73, 142], "node_range": 18.0, "x": 135.320819, "y": 91.925575}, "44": {"neighbours": [46, 49, 72, 98, 106, 128, 131, 141, 148], "node_range": 18.0, "x": 24.279304, "y": 12.180238}, "45": {"neighbours": [48, 53, 63, 96, 116], "node_range": 18.0, "x": 39.20981, "y": 63.075536}, "46": {"neighbours": [44, 49, 72, 98, 128, 131, 140, 144, 148], "node_range": 18.0, "x": 16.400213, "y": 22.915751}, "47": {"neighbours": [17, 23, 80, 95, 145, 146], "node_range": 18.0, "x": 128.013598, "y": 30.964788}, "48": {"neighbours": [45, 53, 75, 76, 96, 97, 116, 125, 137, 138], "node_range": 18.0, "x": 54.33482, "y": 60.751908}, "49": {"neighbours": [44, 46, 72, 98, 119, 128, 131, 140, 144, 148], "node_range": 18.0, "x": 18.211962, "y": 23.975473}, "50": {"neighbours": [2, 26, 29, 67, 74, 84, 94], "node_range": 18.0, "x": 98.643994, "y": 85.866199}, "51": {"neighbours": [21, 38, 105, 133], "node_range": 18.0, "x": 86.917325, "y": 35.653292}, "52": {"neighbours": [11, 18, 36, 53, 88, 97, 103, 109], "node_range": 18.0, "x": 48.48572, "y": 85.191954}, "53": {"neighbours": [11, 25, 45, 48, 52, 75, 97, 103, 116, 125], "node_range": 18.0, "x": 51.373884, "y": 70.101694}, "54": {"neighbours": [18, 60, 64, 101, 115, 129, 147], "node_range": 18.0, "x": 45.521535, "y": 119.552134}, "55": {"neighbours": [64, 110, 112, 135], "node_range": 18.0, "x": 55.643708, "y": 139.073748}, "56": {"neighbours": [4, 6, 129, 147], "node_range": 18.0, "x": 23.387296, "y": 122.24102}, "57": {"neighbours": [43, 73, 134, 142], "node_range": 18.0, "x": 145.425082, "y": 99.138423}, "58": {"neighbours": [3, 67, 74, 84, 94], "node_range": 18.0, "x": 86.644679, "y": 99.440127}, "59": {"neighbours": [71, 85], "node_range": 18.0, "x": 1.43368, "y": 126.405683}, "60": {"neighbours": [18, 28, 54, 83, 88, 101, 115, 117], "node_range": 18.0, "x": 57.22914, "y": 108.926318}, "61": {"neighbours": [76, 89, 96, 119, 126, 137, 138], "node_range": 18.0, "x": 49.797986, "y": 40.370385}, "62": {"neighbours": [7, 14], "node_range": 18.0, "x": 148.104871, "y": 60.48573}, "63": {"neighbours": [9, 10, 45], "node_range": 18.0, "x": 22.52501, "y": 60.20789}, "64": {"neighbours": [54, 55, 110, 115, 147], "node_range": 18.0, "x": 49.108108, "y": 128.983735}, "65": {"neighbours": [38, 40, 66, 75, 133, 138, 150], "node_range": 18.0, "x": 75.345379, "y": 51.717894}, "66": {"neighbours": [38, 40, 65, 69, 99, 123, 150], "node_range": 18.0, "x": 88.172204, "y": 53.872848}, "67": {"neighbours": [2, 13, 29, 50, 58, 74, 84, 94], "node_range": 18.0, "x": 90.389855, "y": 85.453501}, "68": {"neighbours": [1, 42, 78, 89], "node_range": 18.0, "x": 62.146295, "y": 12.789455}, "69": {"neighbours": [5, 66, 99, 123, 124], "node_range": 18.0, "x": 103.487542, "y": 57.684217}, "70": {"neighbours": [3, 31, 79, 113], "node_range": 18.0, "x": 98.700845, "y": 121.280717}, "71": {"neighbours": [59, 149], "node_range": 18.0, "x": 4.006492, "y": 108.61453}, "72": {"neighbours": [44, 46, 49, 98, 128, 131, 141, 148], "node_range": 18.0, "x": 19.045188, "y": 14.792085}, "73": {"neighbours": [43, 57, 142], "node_range": 18.0, "x": 147.825607, "y": 94.154408}, "74": {"neighbours": [2, 3, 26, 29, 50, 58, 67, 84, 91, 94], "node_range": 18.0, "x": 98.090852, "y": 89.131973}, "75": {"neighbours": [40, 48, 53, 65, 76, 97, 116, 125, 137, 138, 150], "node_range": 18.0, "x": 61.109855, "y": 56.336037}, "76": {"neighbours": [48, 61, 75, 96, 116, 125, 137, 138], "node_range": 18.0, "x": 54.786515, "y": 48.404337}, "77": {"neighbours": [87, 113, 132, 134], "node_range": 18.0, "x": 123.444156, "y": 111.427376}, "78": {"neighbours": [1, 41, 42, 68, 105, 107], "node_range": 18.0, "x": 76.751033, "y": 15.297303}, "79": {"neighbours": [31, 70, 81, 86, 100, 102, 113, 120, 122], "node_range": 18.0, "x": 108.732492, "y": 132.687548}, "80": {"neighbours": [17, 23, 47, 95, 146], "node_range": 18.0, "x": 128.246263, "y": 41.173706},