{"1": {"neighbours": [10, 27, 33, 38, 42, 82, 93, 95, 120, 138], "node_range": 18.0, "x": 80.709355, "y": 31.933813}, "2": {"neighbours": [43, 47, 71, 76, 92, 117, 121, 131], "node_range": 18.0, "x": 61.787445, "y": 78.878465}, "3": {"neighbours": [10, 96, 124], "node_range": 18.0, "x": 94.882419, "y": 3.347646}, "4": {"neighbours": [7, 23, 83, 85, 126, 127, 133, 136, 148], "node_range": 18.0, "x": 63.753938, "y": 130.57852}, "5": {"neighbours": [13, 39, 44, 83, 116, 136], "node_range": 18.0, "x": 79.01709, "y": 108.594629}, "6": {"neighbours": [18, 41, 55, 89, 97, 99, 106, 128, 145], "node_range": 18.0, "x": 136.521407, "y": 71.628309}, "7": {"neighbours": [4, 23, 83, 85, 126, 127, 133, 136, 148], "node_range": 18.0, "x": 61.2089, "y": 131.361002}, "8": {"neighbours": [32, 49, 78, 137], "node_range": 18.0, "x": 123.444659, "y": 148.387994}, "9": {"neighbours": [16, 21, 125, 135, 149], "node_range": 18.0, "x": 18.675996, "y": 136.756554}, "10": {"neighbours": [1, 3, 33, 35, 54, 56, 82, 93, 95, 101, 124, 138], "node_range": 18.0, "x": 82.792738, "y": 14.386623}, "11": {"neighbours": [60, 72, 75, 87, 150], "node_range": 18.0, "x": 21.836175, "y": 19.681383}, "12": {"neighbours": [16, 22, 84, 88, 94, 114, 149], "node_range": 18.0, "x": 28.774799, "y": 119.07635}, "13": {"neighbours": [5, 15, 83, 136], "node_range": 18.0, "x": 81.577517, "y": 124.916464}, "14": {"neighbours": [25, 29, 52, 100, 142], "node_range": 18.0, "x": 104.654601, "y": 121.938892}, "15": {"neighbours": [13, 29, 73, 85], "node_range": 18.0, "x": 86.301745, "y": 139.378278}, "16": {"neighbours": [9, 12, 21, 23, 50, 74, 88, 94, 126, 135, 149], "node_range": 18.0, "x": 34.281914, "y": 131.620505}, "17": {"neighbours": [78, 91, 104], "node_range": 18.0, "x": 146.352251, "y": 146.195223}, "18": {"neighbours": [6, 69, 89, 97, 99, 107, 128, 145], "node_range": 18.0, "x": 141.814291, "y": 85.111409}, "19": {"neighbours": [27, 38, 82, 93, 98, 132], "node_range": 18.0, "x": 59.491761, "y": 22.262202}, "20": {"neighbours": [30, 41, 63, 65, 77, 79, 141], "node_range": 18.0, "x": 139.703057, "y": 46.187685}, "21": {"neighbours": [9, 16, 50, 74, 88, 135], "node_range": 18.0, "x": 28.369258, "y": 141.25435}, "22": {"neighbours": [12, 31, 53, 62, 108, 111, 114], "node_range": 18.0, "x": 35.763089, "y": 103.603547}, "23": {"neighbours": [4, 7, 16, 88, 94, 126, 127, 133], "node_range": 18.0, "x": 48.13491, "y": 130.08264}, "24": {"neighbours": [28, 36, 60, 80, 86, 87, 103, 113, 119], "node_range": 18.0, "x": 22.570112, "y": 42.731507}, "25": {"neighbours": [14, 52, 100, 116, 142], "node_range": 18.0, "x": 104.354406, "y": 113.303344}, "26": {"neighbours": [59, 64, 90, 123, 143], "node_range": 18.0, "x": 48.914886, "y": 60.307763}, "27": {"neighbours": [1, 19, 38, 82, 93, 95], "node_range": 18.0, "x": 69.158161, "y": 29.369936}, "28": {"neighbours": [24, 36, 60, 80, 87, 90, 103, 113, 119, 146], "node_range": 18.0, "x": 24.914557, "y": 48.045741}, "29": {"neighbours": [14, 15, 100, 142], "node_range": 18.0, "x": 100.197614, "y": 132.604047}, "30": {"neighbours": [20, 41, 51], "node_range": 18.0, "x": 124.097017, "y": 46.166512}, "31": {"neighbours": [22, 53, 62, 108, 114, 115, 147], "node_range": 18.0, "x": 27.43847, "y": 94.425219}, "32": {"neighbours": [8, 49, 70, 78, 104, 137], "node_range": 18.0, "x": 123.56096, "y": 141.455065}, "33": {"neighbours": [1, 10, 42, 95, 120, 124, 138], "node_range": 18.0, "x": 90.480632, "y": 24.331272}, "34": {"neighbours": [37, 134, 144], "node_range": 18.0, "x": 115.426857, "y": 26.704549}, "35": {"neighbours": [10, 54, 56, 101], "node_range": 18.0, "x": 75.97112, "y": 3.022424}, "36": {"neighbours": [24, 28, 59, 80, 90, 119, 146], "node_range": 18.0, "x": 24.678425, "y": 57.312075}, "37": {"neighbours": [34, 57, 134, 144], "node_range": 18.0, "x": 128.700516, "y": 15.891443}, "38": {"neighbours": [1, 19, 27, 82, 93, 95, 98], "node_range": 18.0, "x": 66.046128, "y": 25.75206}, "39": {"neighbours": [5, 44, 71, 83, 112, 136], "node_range": 18.0, "x": 74.536981, "y": 104.116872}, "40": {"neighbours": [58, 66, 107, 118], "node_range": 18.0, "x": 147.677381, "y": 108.147337}, "41": {"neighbours": [6, 20, 30, 51, 55, 65, 79, 99, 106, 141, 145], "node_range": 18.0, "x": 137.030248, "y": 56.718435}, "42": {"neighbours": [1, 33, 120, 130, 138], "node_range": 18.0, "x": 95.967439, "y": 41.02522}, "43": {"neighbours": [2, 44, 47, 71, 76, 92, 117, 121], "node_range": 18.0, "x": 59.007905, "y": 86.488024}, "44": {"neighbours": [5, 39, 43, 71, 76, 92, 112, 121, 131, 136], "node_range": 18.0, "x": 72.415784, "y": 98.3197}, "45": {"neighbours": [46, 48, 84, 114, 115], "node_range": 18.0, "x": 5.040003, "y": 99.898142}, "46": {"neighbours": [45, 48, 61, 84, 114, 115, 125, 140, 149], "node_range": 18.0, "x": 5.010513, "y": 113.465772}, "47": {"neighbours": [2, 43, 71, 76, 92, 117, 121], "node_range": 18.0, "x": 58.343128, "y": 79.390176}, "48": {"neighbours": [45, 46, 115], "node_range": 18.0, "x": 6.903917, "y": 95.950895}, "49": {"neighbours": [8, 32, 137], "node_range": 18.0, "x": 114.239116, "y": 146.837306}, "50": {"neighbours": [16, 21, 74, 135], "node_range": 18.0, "x": 34.633201, "y": 148.753726}, "51": {"neighbours": [30, 41, 55, 106, 122], "node_range": 18.0, "x": 121.628802, "y": 58.611754}, "52": {"neighbours": [14, 25, 116, 142], "node_range": 18.0, "x": 103.975199, "y": 104.562597}, "53": {"neighbours": [22, 31, 62, 108, 111, 147], "node_range": 18.0, "x": 34.191156, "y": 99.374783}, "54": {"neighbours": [10, 35, 56, 82, 93, 101], "node_range": 18.0, "x": 72.444227, "y": 3.871156}, "55": {"neighbours": [6, 41, 51, 81, 89, 99, 106, 122, 128, 129], "node_range": 18.0, "x": 122.497761, "y": 66.978569}, "56": {"neighbours": [10, 35, 54, 82, 93, 101], "node_range": 18.0, "x": 76.67618, "y": 10.071548}, "57": {"neighbours": [37, 67, 134, 139], "node_range": 18.0, "x": 140.70177, "y": 8.429493}, "58": {"neighbours": [40, 66, 70, 109, 118], "node_range": 18.0, "x": 133.369275, "y": 115.8021}, "59": {"neighbours": [26, 36, 90, 119, 123, 143, 146], "node_range": 18.0, "x": 40.553548, "y": 60.525398}, "60": {"neighbours": [11, 24, 28, 72, 80, 86, 87, 113, 150], "node_range": 18.0, "x": 19.842693, "y": 32.604994}, "61": {"neighbours": [46, 84, 125, 140, 149], "node_range": 18.0, "x": 3.687628, "y": 122.536392}, "62": {"neighbours": [22, 31, 53, 108, 115, 147], "node_range": 18.0, "x": 26.501357, "y": 89.290555}, "63": {"neighbours": [20, 77, 110, 134], "node_range": 18.0, "x": 147.00664, "y": 30.694344}, "64": {"neighbours": [26, 123], "node_range": 18.0, "x": 64.405782, "y": 52.978563}, "65": {"neighbours": [20, 41, 77, 79, 106, 141], "node_range": 18.0, "x": 141.303677, "y": 52.370559}, "66": {"neighbours": [40, 58, 107, 118], "node_range": 18.0, "x": 146.615097, "y": 110.288531}, "67": {"neighbours": [57, 139], "node_range": 18.0, "x": 139.448633, "y": 0.073177}, "68": {"neighbours": [103], "node_range": 18.0, "x": 7.045191, "y": 64.673347}, "69": {"neighbours": [18, 89, 128, 129], "node_range": 18.0, "x": 125.887236, "y": 89.405179}, "70": {"neighbours": [32, 58, 78, 91, 104, 137], "node_range": 18.0, "x": 132.576458, "y": 130.018306}, "71": {"neighbours": [2, 39, 43, 44, 47, 76, 92, 112, 117, 121, 131], "node_range": 18.0, "x": 62.827133, "y": 91.04322}, "72": {"neighbours": [11, 60, 80, 86, 113, 150], "node_range": 18.0, "x": 9.302097, "y": 27.641135}, "73": {"neighbours": [15, 85, 148], "node_range": 18.0, "x": 81.057082, "y": 147.498201}, "74": {"neighbours": [16, 21, 50, 135], "node_range": 18.0, "x": 35.004978, "y": 145.92065}, "75": {"neighbours": [11, 87, 98, 132], "node_range": 18.0, "x": 38.450136, "y": 25.783188}, "76": {"neighbours": [2, 43, 44, 47, 71, 92, 112, 117, 121, 131], "node_range": 18.0, "x": 64.61609, "y": 88.613158}, "77": {"neighbours": [20, 63, 65, 79, 110, 141], "node_range": 18.0, "x": 146.181723, "y": 38.436165}, "78": {"neighbours": [8, 17, 32, 70, 91, 104, 137], "node_range": 18.0, "x": 133.614688, "y": 142.918574},