{"1": {"neighbours": [20, 25, 37, 38, 47, 49, 54, 74, 91, 92, 98, 125], "node_range": 18.0, "x": 69.791812, "y": 52.548507}, "2": {"neighbours": [20, 26, 48, 54, 80, 89, 91, 143, 148], "node_range": 18.0, "x": 53.451899, "y": 28.906564}, "3": {"neighbours": [40, 50, 78, 99], "node_range": 18.0, "x": 140.512928, "y": 88.248415}, "4": {"neighbours": [36, 107], "node_range": 18.0, "x": 11.541291, "y": 5.831245}, "5": {"neighbours": [8, 27, 34, 41, 72], "node_range": 18.0, "x": 142.12221, "y": 126.06403}, "6": {"neighbours": [22, 35, 53, 109, 124, 139, 150], "node_range": 18.0, "x": 44.754376, "y": 101.69775}, "7": {"neighbours": [51, 81, 102, 105, 115, 121, 132], "node_range": 18.0, "x": 52.762597, "y": 135.163847}, "8": {"neighbours": [5, 27, 34, 41, 67, 90, 94, 129, 140, 149], "node_range": 18.0, "x": 129.133341, "y": 132.096975}, "9": {"neighbours": [16, 39, 60, 117, 119], "node_range": 18.0, "x": 106.507561, "y": 95.716213}, "10": {"neighbours": [15, 19, 45, 46, 65, 66, 75, 103, 137, 138, 141], "node_range": 18.0, "x": 34.898833, "y": 71.980449}, "11": {"neighbours": [42, 43, 82, 133], "node_range": 18.0, "x": 16.058432, "y": 39.142182}, "12": {"neighbours": [17, 68, 71, 101, 128, 144], "node_range": 18.0, "x": 143.804752, "y": 45.326749}, "13": {"neighbours": [23, 102, 145], "node_range": 18.0, "x": 81.222896, "y": 139.072194}, "14": {"neighbours": [40, 68, 88, 104], "node_range": 18.0, "x": 127.206909, "y": 60.443104}, "15": {"neighbours": [10, 19, 30, 46, 65, 85, 113, 137, 138, 141], "node_range": 18.0, "x": 25.60737, "y": 62.313282}, "16": {"neighbours": [9, 39, 60, 63, 117, 119], "node_range": 18.0, "x": 98.180238, "y": 100.252835}, "17": {"neighbours": [12, 68, 71, 101, 128, 144], "node_range": 18.0, "x": 149.716766, "y": 54.811253}, "18": {"neighbours": [26, 48, 59, 70, 106, 147], "node_range": 18.0, "x": 53.035276, "y": 10.696503}, "19": {"neighbours": [10, 15, 25, 74, 92, 98, 125, 137], "node_range": 18.0, "x": 41.767242, "y": 59.464486}, "20": {"neighbours": [1, 2, 25, 54, 74, 80, 91, 92, 98, 112, 125, 143, 148], "node_range": 18.0, "x": 57.06689, "y": 42.90842}, "21": {"neighbours": [29], "node_range": 18.0, "x": 143.248584, "y": 146.526513}, "22": {"neighbours": [6, 28, 35, 45, 53, 75, 103, 109, 124, 139, 150], "node_range": 18.0, "x": 39.949672, "y": 99.308623}, "23": {"neighbours": [13, 95, 102, 145], "node_range": 18.0, "x": 73.204168, "y": 128.931423}, "24": {"neighbours": [61, 69, 89, 100, 110, 116], "node_range": 18.0, "x": 86.51645, "y": 27.589328}, "25": {"neighbours": [1, 19, 20, 54, 74, 91, 92, 98, 125, 148], "node_range": 18.0, "x": 56.705932, "y": 50.951416}, "26": {"neighbours": [2, 18, 48, 59, 61, 69, 89, 106], "node_range": 18.0, "x": 60.150565, "y": 15.016976}, "27": {"neighbours": [5, 8, 34, 41, 67, 90, 94, 140, 149], "node_range": 18.0, "x": 127.087234, "y": 134.760523}, "28": {"neighbours": [22, 52, 64, 73, 96, 109, 111, 124], "node_range": 18.0, "x": 26.589961, "y": 107.608507}, "29": {"neighbours": [21], "node_range": 18.0, "x": 146.070684, "y": 146.1353}, "30": {"neighbours": [15, 46, 65, 85, 113, 114, 137, 138, 141], "node_range": 18.0, "x": 16.676158, "y": 63.738452}, "31": {"neighbours": [47, 97, 108, 122], "node_range": 18.0, "x": 96.353622, "y": 62.860089}, "32": {"neighbours": [62, 116, 130, 142], "node_range": 18.0, "x": 110.176272, "y": 37.468228}, "33": {"neighbours": [38, 47, 49, 146], "node_range": 18.0, "x": 79.318523, "y": 70.201653}, "34": {"neighbours": [5, 8, 27, 41, 94, 118, 129, 136, 140, 149], "node_range": 18.0, "x": 129.262718, "y": 128.527897}, "35": {"neighbours": [6, 22, 53, 105, 124, 132, 139], "node_range": 18.0, "x": 45.513982, "y": 114.077266}, "36": {"neighbours": [4, 107, 133, 147], "node_range": 18.0, "x": 26.061155, "y": 14.354643}, "37": {"neighbours": [1, 47, 97, 100, 110], "node_range": 18.0, "x": 83.362984, "y": 50.197811}, "38": {"neighbours": [1, 33, 47, 49, 74, 92, 98, 146], "node_range": 18.0, "x": 66.501358, "y": 69.580954}, "39": {"neighbours": [9, 16, 60, 63, 117, 119], "node_range": 18.0, "x": 104.024812, "y": 101.237209}, "40": {"neighbours": [3, 14, 50, 78, 99], "node_range": 18.0, "x": 140.189024, "y": 72.570803}, "41": {"neighbours": [5, 8, 27, 34, 72, 129], "node_range": 18.0, "x": 137.183478, "y": 121.930772}, "42": {"neighbours": [11, 43, 82, 133], "node_range": 18.0, "x": 19.887432, "y": 38.27513}, "43": {"neighbours": [11, 42, 82, 113, 114, 138], "node_range": 18.0, "x": 14.612636, "y": 45.058344}, "44": {"neighbours": [79, 93], "node_range": 18.0, "x": 120.353793, "y": 0.528286}, "45": {"neighbours": [10, 22, 53, 66, 75, 103, 109, 150], "node_range": 18.0, "x": 47.726301, "y": 83.796722}, "46": {"neighbours": [10, 15, 30, 65, 66, 75, 103, 109, 138, 141], "node_range": 18.0, "x": 27.747242, "y": 75.876292}, "47": {"neighbours": [1, 31, 33, 37, 38, 49], "node_range": 18.0, "x": 81.392988, "y": 60.780819}, "48": {"neighbours": [2, 18, 26, 59, 61, 69, 84, 89, 106, 148], "node_range": 18.0, "x": 65.63329, "y": 20.981239}, "49": {"neighbours": [1, 33, 38, 47, 74, 98, 146], "node_range": 18.0, "x": 67.748098, "y": 68.870146}, "50": {"neighbours": [3, 40, 57, 88, 99, 104, 135], "node_range": 18.0, "x": 128.806196, "y": 78.398548}, "51": {"neighbours": [7, 55, 81, 105, 115, 120, 121, 132], "node_range": 18.0, "x": 43.545454, "y": 134.978108}, "52": {"neighbours": [28, 64, 73, 109, 111], "node_range": 18.0, "x": 19.895192, "y": 101.490193}, "53": {"neighbours": [6, 22, 35, 45, 103, 109, 124, 139, 150], "node_range": 18.0, "x": 46.015899, "y": 99.280585}, "54": {"neighbours": [1, 2, 20, 25, 74, 80, 91, 92, 98, 112, 125, 143, 148], "node_range": 18.0, "x": 55.120065, "y": 44.815124}, "55": {"neighbours": [51, 115, 120, 121], "node_range": 18.0, "x": 26.524733, "y": 138.460081}, "56": {"neighbours": [60, 63, 118, 119, 129, 136, 149], "node_range": 18.0, "x": 116.786361, "y": 115.11128}, "57": {"neighbours": [50, 88, 104, 108, 122, 126, 135], "node_range": 18.0, "x": 112.007159, "y": 74.770057}, "58": {"neighbours": [67, 90, 94, 134, 140], "node_range": 18.0, "x": 109.554639, "y": 148.596907}, "59": {"neighbours": [18, 26, 48, 61, 69, 84, 89, 106], "node_range": 18.0, "x": 68.012692, "y": 14.208611}, "60": {"neighbours": [9, 16, 39, 56, 118, 119, 131, 136], "node_range": 18.0, "x": 111.57512, "y": 100.22761}, "61": {"neighbours": [24, 26, 48, 59, 69, 84, 89, 106], "node_range": 18.0, "x": 77.276391, "y": 18.482108}, "62": {"neighbours": [32], "node_range": 18.0, "x": 123.639445, "y": 26.35331}, "63": {"neighbours": [16, 39, 56, 83, 118, 134, 136, 149], "node_range": 18.0, "x": 103.105509, "y": 117.046096}, "64": {"neighbours": [28, 52, 73, 96, 111, 124], "node_range": 18.0, "x": 26.15926, "y": 112.33124}, "65": {"neighbours": [10, 15, 30, 46, 85, 113, 114, 138, 141], "node_range": 18.0, "x": 19.5052, "y": 68.970902}, "66": {"neighbours": [10, 45, 46, 75, 103, 109], "node_range": 18.0, "x": 40.233077, "y": 79.327653}, "67": {"neighbours": [8, 27, 58, 90, 94, 134, 140, 149], "node_range": 18.0, "x": 113.216644, "y": 139.479782}, "68": {"neighbours": [12, 14, 17, 71, 128, 144], "node_range": 18.0, "x": 134.57265, "y": 51.727061}, "69": {"neighbours": [24, 26, 48, 59, 61, 84, 89, 106], "node_range": 18.0, "x": 75.091436, "y": 24.456229}, "70": {"neighbours": [18, 147], "node_range": 18.0, "x": 42.686229, "y": 0.299155}, "71": {"neighbours": [12, 17, 68, 101, 128, 144], "node_range": 18.0, "x": 142.228193, "y": 40.453245}, "72": {"neighbours": [5, 41, 129], "node_range": 18.0, "x": 141.887822, "y": 109.866279}, "73": {"neighbours": [28, 52, 64, 111], "node_range": 18.0, "x": 16.275902, "y": 102.145575}, "74": {"neighbours": [1, 19, 20, 25, 38, 49, 54, 92, 98, 125], "node_range": 18.0, "x": 54.950207, "y": 60.549083}, "75": {"neighbours": [10, 22, 45, 46, 66, 103, 109], "node_range": 18.0, "x": 35.716828, "y": 82.635159}, "76": {"neighbours": [86, 93, 142], "node_range": 18.0, "x": 97.986288, "y": 5.919399}, "77": {"neighbours": [123], "node_range": 18.0, "x": 77.864284,