{"1": {"neighbours": [10, 35, 53, 71, 85, 138, 146], "node_range": 22.0, "x": 30.389597, "y": 71.648668}, "2": {"neighbours": [12, 27, 40, 90, 98, 101, 122, 146], "node_range": 22.0, "x": 23.094506, "y": 99.35095}, "3": {"neighbours": [45, 46, 55, 68, 79, 99, 104, 115, 139], "node_range": 22.0, "x": 129.155754, "y": 77.857029}, "4": {"neighbours": [9, 26, 30, 41, 50, 64, 81, 127], "node_range": 22.0, "x": 30.114454, "y": 14.691787}, "5": {"neighbours": [10, 16, 18, 28, 29, 35, 62, 63, 83, 85, 92, 148], "node_range": 22.0, "x": 60.795478, "y": 52.437176}, "6": {"neighbours": [18, 97, 112, 130, 133], "node_range": 22.0, "x": 87.448758, "y": 76.338637}, "7": {"neighbours": [56, 78, 82, 84, 89, 110, 113, 120, 126, 137, 140, 144], "node_range": 22.0, "x": 96.508343, "y": 13.826543}, "8": {"neighbours": [36, 42, 61, 67, 82, 88, 102, 125, 129, 136, 137, 143, 150], "node_range": 22.0, "x": 124.016414, "y": 31.554838}, "9": {"neighbours": [4, 26, 41, 44, 50, 64, 93, 127, 132, 134, 149], "node_range": 22.0, "x": 39.752787, "y": 9.239741}, "10": {"neighbours": [1, 5, 28, 35, 53, 57, 62, 63, 85, 92, 138], "node_range": 22.0, "x": 43.055612, "y": 61.291442}, "11": {"neighbours": [42, 100, 102, 125, 150], "node_range": 22.0, "x": 149.800796, "y": 46.170234}, "12": {"neighbours": [2, 40, 74, 90, 101, 122], "node_range": 22.0, "x": 4.75143, "y": 106.733458}, "13": {"neighbours": [31, 56, 106, 112, 140, 144], "node_range": 22.0, "x": 87.875839, "y": 38.580496}, "14": {"neighbours": [19, 30, 64], "node_range": 22.0, "x": 1.275038, "y": 2.907098}, "15": {"neighbours": [25, 38, 39, 43, 70, 76, 91, 108, 124], "node_range": 22.0, "x": 128.555702, "y": 141.318694}, "16": {"neighbours": [5, 28, 37, 44, 54, 62, 63, 81, 83, 92, 93, 105, 148], "node_range": 22.0, "x": 53.02845, "y": 34.220199}, "17": {"neighbours": [49, 59, 65, 73, 107, 135], "node_range": 22.0, "x": 56.084546, "y": 137.750034}, "18": {"neighbours": [5, 6, 29], "node_range": 22.0, "x": 72.177173, "y": 67.670061}, "19": {"neighbours": [14, 30], "node_range": 22.0, "x": 0.152466, "y": 11.032361}, "20": {"neighbours": [24, 48, 49, 59, 94], "node_range": 22.0, "x": 79.346798, "y": 143.251939}, "21": {"neighbours": [34, 77, 96, 118, 141, 142], "node_range": 22.0, "x": 5.745348, "y": 54.989985}, "22": {"neighbours": [31, 47, 61, 72, 79, 97, 106, 112, 115, 130], "node_range": 22.0, "x": 101.006339, "y": 57.524107}, "23": {"neighbours": [33, 60, 108, 124, 128, 131], "node_range": 22.0, "x": 129.845609, "y": 110.441635}, "24": {"neighbours": [20, 48, 49, 59, 69, 94, 95, 103, 109, 116, 117], "node_range": 22.0, "x": 87.959189, "y": 133.542458}, "25": {"neighbours": [15, 38, 39, 43, 60, 76, 91, 108, 119, 124], "node_range": 22.0, "x": 138.863411, "y": 135.40717}, "26": {"neighbours": [4, 9, 30, 41, 50, 64, 127], "node_range": 22.0, "x": 29.601662, "y": 7.376572}, "27": {"neighbours": [2, 40, 98, 146], "node_range": 22.0, "x": 31.646289, "y": 108.141841}, "28": {"neighbours": [5, 10, 16, 35, 37, 44, 54, 57, 62, 63, 81, 83, 85, 92, 147, 148], "node_range": 22.0, "x": 46.176305, "y": 43.084697}, "29": {"neighbours": [5, 18, 35, 51, 62, 66, 71, 85, 138], "node_range": 22.0, "x": 61.717429, "y": 74.244639}, "30": {"neighbours": [4, 14, 19, 26, 41, 50, 64], "node_range": 22.0, "x": 16.030628, "y": 12.258347}, "31": {"neighbours": [13, 22, 72, 97, 106, 112, 130], "node_range": 22.0, "x": 94.336485, "y": 54.437496}, "32": {"neighbours": [33, 45, 139], "node_range": 22.0, "x": 149.86104, "y": 99.089508}, "33": {"neighbours": [23, 32, 60, 119], "node_range": 22.0, "x": 147.192819, "y": 110.526191}, "34": {"neighbours": [21, 77, 90, 96, 145], "node_range": 22.0, "x": 0.161603, "y": 73.602401}, "35": {"neighbours": [1, 5, 10, 28, 29, 53, 62, 63, 85, 92, 138], "node_range": 22.0, "x": 44.051599, "y": 62.526512}, "36": {"neighbours": [8, 42, 61, 67, 82, 88, 102, 129, 136, 137, 140, 144], "node_range": 22.0, "x": 118.38537, "y": 30.559188}, "37": {"neighbours": [16, 28, 44, 54, 63, 81, 83, 92, 93, 105, 127, 147, 148], "node_range": 22.0, "x": 50.919711, "y": 31.532436}, "38": {"neighbours": [15, 25, 60, 91, 119, 124], "node_range": 22.0, "x": 146.371994, "y": 136.366047}, "39": {"neighbours": [15, 25, 43, 70, 76, 91, 108, 124], "node_range": 22.0, "x": 122.337508, "y": 146.839501}, "40": {"neighbours": [2, 12, 27, 90, 98, 122, 145, 146], "node_range": 22.0, "x": 19.242699, "y": 91.17441}, "41": {"neighbours": [4, 9, 26, 30, 50, 64, 93, 127, 134], "node_range": 22.0, "x": 35.628788, "y": 10.257135}, "42": {"neighbours": [8, 11, 36, 67, 88, 102, 123, 125, 136, 143, 150], "node_range": 22.0, "x": 138.475458, "y": 27.795417}, "43": {"neighbours": [15, 25, 39, 70, 76, 91, 108, 124], "node_range": 22.0, "x": 125.043404, "y": 144.665767}, "44": {"neighbours": [9, 16, 28, 37, 50, 54, 63, 81, 92, 93, 105, 127, 147, 148], "node_range": 22.0, "x": 47.280808, "y": 29.411081}, "45": {"neighbours": [3, 32, 46, 55, 104, 139], "node_range": 22.0, "x": 141.957538, "y": 85.198288}, "46": {"neighbours": [3, 45, 55, 79, 99, 104, 139], "node_range": 22.0, "x": 126.109158, "y": 83.459654}, "47": {"neighbours": [22, 61, 67, 68, 72, 79, 97, 115, 150], "node_range": 22.0, "x": 121.141998, "y": 55.556092}, "48": {"neighbours": [20, 24, 49, 59, 94, 95, 103, 109, 114, 117], "node_range": 22.0, "x": 79.911383, "y": 128.666118}, "49": {"neighbours": [17, 20, 24, 48, 52, 59, 73, 75, 94, 109, 114], "node_range": 22.0, "x": 72.003793, "y": 126.213442}, "50": {"neighbours": [4, 9, 26, 30, 41, 44, 57, 58, 81, 127, 147], "node_range": 22.0, "x": 29.583884, "y": 25.523291}, "51": {"neighbours": [29, 52, 66, 71, 75], "node_range": 22.0, "x": 66.227813, "y": 89.806939}, "52": {"neighbours": [49, 51, 59, 66, 75, 109, 114], "node_range": 22.0, "x": 69.585582, "y": 104.522817}, "53": {"neighbours": [1, 10, 35, 85, 96, 138, 141, 142, 146], "node_range": 22.0, "x": 26.92399, "y": 68.974618}, "54": {"neighbours": [16, 28, 37, 44, 63, 81, 83, 87, 92, 93, 105, 121, 127, 132, 148, 149], "node_range": 22.0, "x": 55.844697, "y": 24.307863}, "55": {"neighbours": [3, 45, 46, 79, 99, 104, 139], "node_range": 22.0, "x": 122.638672, "y": 85.019237}, "56": {"neighbours": [7, 13, 78, 84, 87, 89, 110, 121, 126, 140], "node_range": 22.0, "x": 81.284196, "y": 19.277766}, "57": {"neighbours": [10, 28, 50, 58, 81, 96, 141, 142, 147], "node_range": 22.0, "x": 27.540029, "y": 46.923535}, "58": {"neighbours": [50, 57, 81, 141, 142, 147], "node_range": 22.0, "x": 24.312982, "y": 37.72511}, "59": {"neighbours": [17, 20, 24, 48, 49, 52, 65, 73, 75, 94, 109, 114, 135], "node_range": 22.0, "x": 68.869016, "y": 125.153883}, "60": {"neighbours": [23, 25, 33, 38, 119, 124], "node_range": 22.0, "x": 145.928656, "y": 122.10043}, "61": {"neighbours": [8, 22, 36, 47, 67, 72, 88, 106, 129, 136, 137, 140, 144], "node_range": 22.0, "x": 110.596578, "y": 38.736861}, "62": {"neighbours": [5, 10, 16, 28, 29, 35, 63, 83, 85, 92, 138, 148], "node_range": 22.0, "x": 53.939545, "y": 55.215926}, "63": {"neighbours": [5, 10, 16, 28, 35, 37, 44, 54, 62, 81, 83, 85, 92, 105, 147, 148], "node_range": 22.0, "x": 50.805002, "y": 44.815716}, "64": {"neighbours": [4, 9, 14, 26, 30, 41, 127], "node_range": 22.0, "x": 23.132916, "y": 2.244}, "65": {"neighbours": [17, 59, 73, 75, 80, 107, 135], "node_range": 22.0, "x": 49.524016, "y": 122.44654}, "66": {"neighbours": [29, 51, 52, 71, 75, 114], "node_range": 22.0, "x": 58.3776, "y": 94.887994}, "67": {"neighbours": [8, 36, 42, 47, 61, 68, 72, 88, 102, 115, 125, 129, 136, 150], "node_range": 22.0, "x": 124.410605, "y": 39.694649}, "68": {"neighbours": [3, 47, 67, 79, 100, 104, 115, 150], "node_range": 22.0, "x": 130.997003, "y": 59.241467}, "69": {"neighbours": [24, 70, 76, 95, 103, 108, 116, 117, 128], "node_range": 22.0, "x": 107.604557, "y": 129.579546}, "70": {"neighbours": [15, 39, 43, 69, 76, 91, 95, 103, 108, 116, 117, 124, 128, 131], "node_range": 22.0, "x": 114.941681, "y": 127.41398}, "71": {"neighbours": [1, 29, 51, 66, 85, 98, 138, 146], "node_range": 22.0,