{"1": {"neighbours": [20, 42, 69, 98, 119], "node_range": 22.0, "x": 64.212226, "y": 38.465775}, "2": {"neighbours": [8, 13, 25, 29, 81, 93, 102, 118, 128, 129], "node_range": 22.0, "x": 83.176815, "y": 69.03397}, "3": {"neighbours": [10, 23, 61, 65, 87, 94, 98, 105, 116, 133], "node_range": 22.0, "x": 38.204088, "y": 28.712102}, "4": {"neighbours": [12, 36, 43, 54, 60, 74, 83, 95, 112, 121, 132], "node_range": 22.0, "x": 55.371359, "y": 129.492175}, "5": {"neighbours": [14, 40, 82, 106, 110, 137], "node_range": 22.0, "x": 100.54524, "y": 7.84009}, "6": {"neighbours": [9, 31, 57, 73, 79, 85, 100, 113, 141], "node_range": 22.0, "x": 7.791918, "y": 118.297387}, "7": {"neighbours": [15, 25, 59, 72, 99, 101, 103, 104, 115, 146], "node_range": 22.0, "x": 115.595456, "y": 66.124243}, "8": {"neighbours": [2, 13, 19, 29, 71, 81, 88, 93, 102, 118, 128, 129], "node_range": 22.0, "x": 81.970022, "y": 77.027587}, "9": {"neighbours": [6, 31, 34, 57, 73, 79, 85, 100, 113, 141], "node_range": 22.0, "x": 15.674021, "y": 121.155534}, "10": {"neighbours": [3, 23, 39, 46, 61, 87, 107, 116, 133], "node_range": 22.0, "x": 27.433488, "y": 13.257779}, "11": {"neighbours": [30, 35, 41, 54, 56, 62, 70, 71, 74, 83, 84, 144], "node_range": 22.0, "x": 49.340002, "y": 97.204147}, "12": {"neighbours": [4, 34, 36, 43, 54, 56, 60, 74, 83, 95, 132], "node_range": 22.0, "x": 50.016793, "y": 126.19838}, "13": {"neighbours": [2, 8, 19, 25, 29, 81, 115, 118, 129], "node_range": 22.0, "x": 91.074797, "y": 80.2346}, "14": {"neighbours": [5, 40, 82, 86, 106, 110, 120, 137], "node_range": 22.0, "x": 113.787151, "y": 9.320936}, "15": {"neighbours": [7, 28, 59, 72, 77, 115, 123, 131, 134, 146], "node_range": 22.0, "x": 122.134147, "y": 83.896304}, "16": {"neighbours": [47, 80, 86, 117, 120, 147, 148], "node_range": 22.0, "x": 139.753201, "y": 10.59091}, "17": {"neighbours": [31, 58, 78], "node_range": 22.0, "x": 10.830488, "y": 88.921358}, "18": {"neighbours": [47, 80, 111, 124], "node_range": 22.0, "x": 149.362711, "y": 39.546929}, "19": {"neighbours": [8, 13, 30, 51, 67, 70, 71, 81, 128, 129], "node_range": 22.0, "x": 77.086272, "y": 91.036275}, "20": {"neighbours": [1, 29, 69, 93, 102, 118, 119], "node_range": 22.0, "x": 70.861978, "y": 48.615987}, "21": {"neighbours": [26, 64, 66, 92, 105, 122], "node_range": 22.0, "x": 41.325749, "y": 57.645504}, "22": {"neighbours": [42, 44, 46, 75, 87, 98], "node_range": 22.0, "x": 55.746842, "y": 6.537486}, "23": {"neighbours": [3, 10, 39, 61, 65, 94, 107, 116, 133], "node_range": 22.0, "x": 17.760093, "y": 27.173543}, "24": {"neighbours": [33, 37, 50, 60, 89, 90, 132], "node_range": 22.0, "x": 43.805853, "y": 149.648757}, "25": {"neighbours": [2, 7, 13, 59, 99, 104, 115], "node_range": 22.0, "x": 104.523136, "y": 69.343937}, "26": {"neighbours": [21, 64, 66, 105, 122], "node_range": 22.0, "x": 44.592511, "y": 55.449333}, "27": {"neighbours": [59, 72, 77, 131, 134, 146, 149], "node_range": 22.0, "x": 145.511116, "y": 77.280563}, "28": {"neighbours": [15, 38, 48, 77, 115, 123, 125, 130, 136], "node_range": 22.0, "x": 115.576242, "y": 102.699803}, "29": {"neighbours": [2, 8, 13, 20, 81, 88, 93, 102, 118, 128, 129], "node_range": 22.0, "x": 79.956494, "y": 68.47775}, "30": {"neighbours": [11, 19, 35, 36, 55, 56, 67, 70, 74, 84, 95, 112], "node_range": 22.0, "x": 68.252571, "y": 108.303279}, "31": {"neighbours": [6, 9, 17, 57, 58, 79, 85, 113], "node_range": 22.0, "x": 11.435978, "y": 105.746337}, "32": {"neighbours": [45, 63, 91, 96, 97, 136, 138, 150], "node_range": 22.0, "x": 146.887415, "y": 123.616899}, "33": {"neighbours": [24, 34, 37, 50, 73, 89, 90, 127, 132], "node_range": 22.0, "x": 33.740394, "y": 141.670273}, "34": {"neighbours": [9, 12, 33, 50, 54, 73, 79, 83, 85, 89, 113, 127, 132, 141], "node_range": 22.0, "x": 28.837153, "y": 125.989937}, "35": {"neighbours": [11, 30, 41, 54, 56, 62, 70, 71, 74, 83, 84, 144], "node_range": 22.0, "x": 49.69855, "y": 97.066459}, "36": {"neighbours": [4, 12, 30, 43, 55, 56, 67, 70, 74, 95, 112], "node_range": 22.0, "x": 69.175193, "y": 116.193158}, "37": {"neighbours": [24, 33, 50, 60, 89, 90, 127, 132], "node_range": 22.0, "x": 37.573141, "y": 148.481638}, "38": {"neighbours": [28, 45, 48, 49, 63, 68, 76, 97, 125, 130, 135, 136, 138, 143, 150], "node_range": 22.0, "x": 120.624328, "y": 121.971714}, "39": {"neighbours": [10, 23, 61, 107, 116], "node_range": 22.0, "x": 12.098047, "y": 8.13958}, "40": {"neighbours": [5, 14, 86, 110, 137], "node_range": 22.0, "x": 109.140604, "y": 23.799557}, "41": {"neighbours": [11, 35, 62, 66, 71, 84, 88, 144], "node_range": 22.0, "x": 42.17669, "y": 82.83899}, "42": {"neighbours": [1, 22, 44, 98, 119], "node_range": 22.0, "x": 64.924708, "y": 26.008394}, "43": {"neighbours": [4, 12, 36, 54, 56, 60, 74, 83, 95, 112, 132], "node_range": 22.0, "x": 53.972836, "y": 126.434116}, "44": {"neighbours": [22, 42, 46, 75, 87], "node_range": 22.0, "x": 63.712444, "y": 6.02711}, "45": {"neighbours": [32, 38, 63, 68, 97, 109, 130, 135, 138, 143, 150], "node_range": 22.0, "x": 133.044336, "y": 134.242623}, "46": {"neighbours": [10, 22, 44, 75, 87, 98], "node_range": 22.0, "x": 46.099119, "y": 3.731614}, "47": {"neighbours": [16, 18, 80, 86, 111, 117, 124, 147, 148], "node_range": 22.0, "x": 143.215305, "y": 31.944329}, "48": {"neighbours": [28, 38, 49, 68, 76, 108, 125, 130, 135, 143], "node_range": 22.0, "x": 111.980664, "y": 120.729301}, "49": {"neighbours": [38, 48, 68, 76, 108, 109, 126, 130, 135, 139, 143], "node_range": 22.0, "x": 110.779116, "y": 134.084744}, "50": {"neighbours": [24, 33, 34, 37, 73, 89, 90, 100, 127, 132, 141], "node_range": 22.0, "x": 23.95468, "y": 143.145164}, "51": {"neighbours": [19, 55, 67, 125], "node_range": 22.0, "x": 90.098253, "y": 103.880027}, "52": {"neighbours": [53, 64, 66, 78, 92, 122, 142, 145], "node_range": 22.0, "x": 14.387713, "y": 63.075588}, "53": {"neighbours": [52, 78, 92, 142, 145], "node_range": 22.0, "x": 5.488427, "y": 67.527112}, "54": {"neighbours": [4, 11, 12, 34, 35, 43, 56, 74, 83, 84], "node_range": 22.0, "x": 44.165698, "y": 113.443072}, "55": {"neighbours": [30, 36, 51, 67, 76, 112, 125, 139], "node_range": 22.0, "x": 88.126683, "y": 114.308199}, "56": {"neighbours": [11, 12, 30, 35, 36, 43, 54, 67, 70, 74, 83, 84, 112], "node_range": 22.0, "x": 55.438133, "y": 107.278078}, "57": {"neighbours": [6, 9, 31, 73, 79, 85, 100, 113, 141], "node_range": 22.0, "x": 4.82296, "y": 120.836098}, "58": {"neighbours": [17, 31, 62, 78, 79, 113], "node_range": 22.0, "x": 19.721972, "y": 92.324801}, "59": {"neighbours": [7, 15, 25, 27, 72, 99, 101, 104, 115, 131, 134, 146], "node_range": 22.0, "x": 125.305527, "y": 74.254487}, "60": {"neighbours": [4, 12, 24, 37, 43, 95, 114, 121], "node_range": 22.0, "x": 58.880777, "y": 143.348315}, "61": {"neighbours": [3, 10, 23, 39, 65, 94, 107, 116, 133], "node_range": 22.0, "x": 23.87785, "y": 21.51969}, "62": {"neighbours": [11, 35, 41, 58, 84, 144], "node_range": 22.0, "x": 39.868804, "y": 90.460784}, "63": {"neighbours": [32, 38, 45, 68, 91, 96, 97, 130, 136, 138, 143, 150], "node_range": 22.0, "x": 141.53766, "y": 121.697524}, "64": {"neighbours": [21, 26, 52, 65, 66, 92, 105, 122, 142], "node_range": 22.0, "x": 26.060139, "y": 52.638622}, "65": {"neighbours": [3, 23, 61, 64, 94, 98, 105, 116, 122, 133], "node_range": 22.0, "x": 31.797643, "y": 36.277416}, "66": {"neighbours": [21, 26, 41, 52, 64, 78, 92, 122, 144], "node_range": 22.0, "x": 36.200031, "y": 64.792337}, "67": {"neighbours": [19, 30, 36, 51, 55, 56, 70, 74, 95, 112], "node_range": 22.0, "x": 73.630451, "y": 112.220754}, "68": {"neighbours": [38, 45, 48, 49, 63, 76, 97, 109, 126, 130, 135, 143, 150], "node_range": 22.0, "x": 124.291521, "y": 132.897873}, "69": {"neighbours": [1, 20, 119], "node_range": 22.0, "x": 83.656717, "y": 38.459649}, "70": {"neighbours": [11, 19, 30, 35, 36, 56, 67, 71, 74, 81, 84, 112, 128], "node_range": 22.0, "x": 65.923724, "y": 99.252018},