{"1": {"neighbours": [4, 53, 64, 102], "node_range": 22.0, "x": 148.140837, "y": 4.96976}, "2": {"neighbours": [23, 30, 58, 87, 98, 103, 119, 133, 146], "node_range": 22.0, "x": 107.39243, "y": 114.063899}, "3": {"neighbours": [136, 140, 147, 150], "node_range": 22.0, "x": 143.980478, "y": 61.668949}, "4": {"neighbours": [1, 53, 64, 78, 102], "node_range": 22.0, "x": 149.35879, "y": 7.922246}, "5": {"neighbours": [11, 13, 33, 50, 60, 62, 72, 77, 89, 100, 124, 134, 139], "node_range": 22.0, "x": 63.692393, "y": 67.161382}, "6": {"neighbours": [46, 104, 136, 140], "node_range": 22.0, "x": 147.537246, "y": 87.089027}, "7": {"neighbours": [19, 24, 36, 38, 41, 88, 92, 101], "node_range": 22.0, "x": 40.281523, "y": 32.534993}, "8": {"neighbours": [17, 18, 20, 25, 45, 48, 68, 70, 75, 83, 93, 112, 118, 125, 130], "node_range": 22.0, "x": 12.736961, "y": 123.868309}, "9": {"neighbours": [22, 56, 60, 81, 100, 126, 138, 148], "node_range": 22.0, "x": 39.97271, "y": 92.254868}, "10": {"neighbours": [15, 32, 51, 59, 63, 86, 113, 115, 120], "node_range": 22.0, "x": 92.735804, "y": 11.305354}, "11": {"neighbours": [5, 33, 56, 60, 72, 89, 100, 124, 134, 139, 148], "node_range": 22.0, "x": 67.337755, "y": 77.035327}, "12": {"neighbours": [23, 55, 58, 73, 85, 95, 98, 108, 132, 146], "node_range": 22.0, "x": 135.017332, "y": 129.350114}, "13": {"neighbours": [5, 19, 33, 50, 61, 62, 71, 72, 77, 89, 92], "node_range": 22.0, "x": 62.48478, "y": 55.093456}, "14": {"neighbours": [15, 24, 61, 66, 88, 94, 101, 120], "node_range": 22.0, "x": 58.758493, "y": 19.921682}, "15": {"neighbours": [10, 14, 32, 59, 61, 63, 115, 120], "node_range": 22.0, "x": 80.133504, "y": 24.366442}, "16": {"neighbours": [78, 111, 114, 116, 128, 142, 147], "node_range": 22.0, "x": 142.934663, "y": 32.663625}, "17": {"neighbours": [8, 18, 20, 25, 45, 48, 68, 70, 75, 93, 112, 118, 125, 130], "node_range": 22.0, "x": 9.404429, "y": 125.000897}, "18": {"neighbours": [8, 17, 25, 31, 48, 75, 83, 93, 107, 125], "node_range": 22.0, "x": 20.319105, "y": 138.323318}, "19": {"neighbours": [7, 13, 24, 33, 38, 41, 42, 44, 50, 60, 62, 71, 77, 89, 92], "node_range": 22.0, "x": 43.031095, "y": 54.211229}, "20": {"neighbours": [8, 17, 45, 68, 70, 79, 81, 82, 93, 112, 118, 130], "node_range": 22.0, "x": 5.772928, "y": 109.364325}, "21": {"neighbours": [30, 40, 65, 84, 97, 103, 110], "node_range": 22.0, "x": 78.230933, "y": 106.688104}, "22": {"neighbours": [9, 56, 60, 80, 100, 126, 134, 138, 148], "node_range": 22.0, "x": 45.173165, "y": 92.916948}, "23": {"neighbours": [2, 12, 58, 73, 87, 95, 98, 119, 132, 133, 146], "node_range": 22.0, "x": 118.298408, "y": 118.836424}, "24": {"neighbours": [7, 14, 19, 38, 41, 50, 61, 88, 92, 101], "node_range": 22.0, "x": 45.303882, "y": 36.785693}, "25": {"neighbours": [8, 17, 18, 31, 45, 75, 83, 93, 107, 125], "node_range": 22.0, "x": 25.191598, "y": 130.345237}, "26": {"neighbours": [27, 37, 40, 47, 69, 105, 121, 123, 145], "node_range": 22.0, "x": 73.089112, "y": 139.107367}, "27": {"neighbours": [26, 47, 54, 69, 87, 105, 119, 145], "node_range": 22.0, "x": 91.429203, "y": 144.621866}, "28": {"neighbours": [44, 99, 135], "node_range": 22.0, "x": 7.745201, "y": 66.097659}, "29": {"neighbours": [36, 39, 90, 96, 109, 122, 131], "node_range": 22.0, "x": 17.019026, "y": 20.722717}, "30": {"neighbours": [2, 21, 65, 103, 119, 133], "node_range": 22.0, "x": 98.007298, "y": 109.937088}, "31": {"neighbours": [18, 25, 37, 83, 107, 121, 125, 143], "node_range": 22.0, "x": 40.908254, "y": 144.575717}, "32": {"neighbours": [10, 15, 43, 51, 63, 76, 113, 115, 120, 144, 149], "node_range": 22.0, "x": 89.603616, "y": 28.577814}, "33": {"neighbours": [5, 11, 13, 19, 42, 50, 56, 60, 62, 71, 72, 77, 89, 100, 124, 134, 139, 148], "node_range": 22.0, "x": 58.147229, "y": 69.909912}, "34": {"neighbours": [53, 64, 86, 102, 111], "node_range": 22.0, "x": 125.872919, "y": 6.39428}, "35": {"neighbours": [51, 52, 63, 76, 111, 114, 141, 144, 149, 150], "node_range": 22.0, "x": 114.984071, "y": 35.696693}, "36": {"neighbours": [7, 29, 39, 88, 90, 101, 109, 129, 131], "node_range": 22.0, "x": 25.465332, "y": 17.102888}, "37": {"neighbours": [26, 31, 69, 121, 123, 143, 145], "node_range": 22.0, "x": 60.587602, "y": 142.202893}, "38": {"neighbours": [7, 19, 24, 41, 42, 44, 62, 71, 91, 92, 106, 135], "node_range": 22.0, "x": 31.856795, "y": 48.289731}, "39": {"neighbours": [29, 36, 96, 109, 122, 131], "node_range": 22.0, "x": 9.500424, "y": 23.180865}, "40": {"neighbours": [21, 26, 47, 69, 84, 97, 103, 105, 110, 117, 123, 145], "node_range": 22.0, "x": 75.978041, "y": 126.112665}, "41": {"neighbours": [7, 19, 24, 38, 42, 44, 50, 62, 71, 89, 91, 92, 135], "node_range": 22.0, "x": 40.487593, "y": 53.757165}, "42": {"neighbours": [19, 33, 38, 41, 44, 50, 60, 62, 71, 89, 92, 100, 135, 138], "node_range": 22.0, "x": 37.254088, "y": 65.760091}, "43": {"neighbours": [32, 63, 67, 141, 144, 149], "node_range": 22.0, "x": 89.548739, "y": 46.165505}, "44": {"neighbours": [19, 28, 38, 41, 42, 71, 91, 99, 106, 135], "node_range": 22.0, "x": 21.292675, "y": 57.157121}, "45": {"neighbours": [8, 17, 20, 25, 68, 70, 79, 81, 93, 112, 118, 125, 130], "node_range": 22.0, "x": 17.334085, "y": 113.30722}, "46": {"neighbours": [6, 49, 58, 104, 136, 140], "node_range": 22.0, "x": 136.711736, "y": 99.118341}, "47": {"neighbours": [26, 27, 40, 54, 69, 87, 103, 105, 119], "node_range": 22.0, "x": 92.671596, "y": 136.38936}, "48": {"neighbours": [8, 17, 18, 75, 93, 107], "node_range": 22.0, "x": 1.464589, "y": 138.438225}, "49": {"neighbours": [46, 58], "node_range": 22.0, "x": 122.249557, "y": 95.823243}, "50": {"neighbours": [5, 13, 19, 24, 33, 41, 42, 60, 61, 62, 71, 72, 77, 89, 92], "node_range": 22.0, "x": 52.864146, "y": 55.567296}, "51": {"neighbours": [10, 32, 35, 63, 76, 86, 111, 113, 114, 115, 144], "node_range": 22.0, "x": 106.711138, "y": 19.85592}, "52": {"neighbours": [35, 67, 114, 116, 127, 141, 142, 150], "node_range": 22.0, "x": 123.511401, "y": 46.338804}, "53": {"neighbours": [1, 4, 34, 64, 86, 102, 111], "node_range": 22.0, "x": 130.725875, "y": 5.344096}, "54": {"neighbours": [27, 47, 87, 105, 119], "node_range": 22.0, "x": 97.616199, "y": 148.476639}, "55": {"neighbours": [12, 73, 74, 85, 95, 146], "node_range": 22.0, "x": 125.545979, "y": 145.387458}, "56": {"neighbours": [9, 11, 22, 33, 60, 89, 100, 126, 134, 138, 139, 148], "node_range": 22.0, "x": 52.652363, "y": 89.571554}, "57": {"neighbours": [109, 122, 131], "node_range": 22.0, "x": 1.234259, "y": 0.589916}, "58": {"neighbours": [2, 12, 23, 46, 49, 73, 85, 95, 98, 108, 132, 133, 146], "node_range": 22.0, "x": 127.988904, "y": 116.287139}, "59": {"neighbours": [10, 15, 115, 120], "node_range": 22.0, "x": 79.120744, "y": 2.916156}, "60": {"neighbours": [5, 9, 11, 19, 22, 33, 42, 50, 56, 62, 71, 72, 89, 100, 134, 138, 139, 148], "node_range": 22.0, "x": 51.722373, "y": 74.388206}, "61": {"neighbours": [13, 14, 15, 24, 50, 77], "node_range": 22.0, "x": 63.261809, "y": 36.780015}, "62": {"neighbours": [5, 13, 19, 33, 38, 41, 42, 50, 60, 71, 77, 89, 92, 100, 135, 138], "node_range": 22.0, "x": 43.828762, "y": 62.530882}, "63": {"neighbours": [10, 15, 32, 35, 43, 51, 76, 113, 115, 120, 144, 149], "node_range": 22.0, "x": 95.960848, "y": 26.737725}, "64": {"neighbours": [1, 4, 34, 53, 102, 111], "node_range": 22.0, "x": 143.203986, "y": 4.650923}, "65": {"neighbours": [21, 30, 124, 137], "node_range": 22.0, "x": 90.44202, "y": 89.733948}, "66": {"neighbours": [14, 88, 90, 94], "node_range": 22.0, "x": 51.23146, "y": 3.435304}, "67": {"neighbours": [43, 52, 127, 137, 141, 144, 149], "node_range": 22.0, "x": 106.795857, "y": 57.882391}, "68": {"neighbours": [8, 17, 20, 45, 70, 79, 82, 93, 112, 118, 130], "node_range": 22.0, "x": 0.975991, "y": 115.396034}, "69": {"neighbours": [26, 27, 37, 40, 47, 84, 103, 105, 117, 123, 145], "node_range": 22.0, "x": 73.077233, "y": 132.652208}, "70": {"neighbours": [8, 17, 20, 45, 68, 79, 81, 82, 93, 112, 118, 130],