{"1": {"neighbours": [2, 9, 16, 20, 26, 34, 41, 51, 84, 132], "node_range": 22.0, "x": 14.409329, "y": 33.643239}, "2": {"neighbours": [1, 3, 16, 24, 26, 34, 38, 51, 84, 99, 104, 132, 144], "node_range": 22.0, "x": 28.155386, "y": 34.89203}, "3": {"neighbours": [2, 24, 36, 38, 71, 100, 104, 110, 117, 144], "node_range": 22.0, "x": 40.686398, "y": 24.262921}, "4": {"neighbours": [5, 42, 46, 69, 96, 98, 119, 142], "node_range": 22.0, "x": 113.825786, "y": 141.670387}, "5": {"neighbours": [4, 28, 39, 44, 52, 61, 69, 98, 116, 119, 130, 142], "node_range": 22.0, "x": 107.181181, "y": 127.621067}, "6": {"neighbours": [30, 33, 40, 54, 62, 90, 115, 123], "node_range": 22.0, "x": 140.502734, "y": 33.602079}, "7": {"neighbours": [37, 45, 48, 108, 111, 121, 133, 137, 145, 149], "node_range": 22.0, "x": 137.028935, "y": 89.15613}, "8": {"neighbours": [25, 59, 72, 126], "node_range": 22.0, "x": 2.41872, "y": 125.732498}, "9": {"neighbours": [1, 20, 34, 51, 84, 132], "node_range": 22.0, "x": 11.599655, "y": 20.080305}, "10": {"neighbours": [25, 60, 77, 106, 126], "node_range": 22.0, "x": 30.442024, "y": 116.067681}, "11": {"neighbours": [17, 43, 60, 77, 91, 139, 147], "node_range": 22.0, "x": 28.477216, "y": 88.544837}, "12": {"neighbours": [23, 37, 39, 45, 85, 101, 108, 111, 121, 130], "node_range": 22.0, "x": 121.201676, "y": 104.979306}, "13": {"neighbours": [68, 103], "node_range": 22.0, "x": 146.840214, "y": 5.190274}, "14": {"neighbours": [15, 66, 81, 93, 123, 141, 145, 149], "node_range": 22.0, "x": 136.74307, "y": 66.548094}, "15": {"neighbours": [14, 66, 81, 93, 141, 145], "node_range": 22.0, "x": 130.517232, "y": 66.263995}, "16": {"neighbours": [1, 2, 17, 26, 41, 75, 78, 84, 99, 132, 146], "node_range": 22.0, "x": 21.341661, "y": 53.761434}, "17": {"neighbours": [11, 16, 43, 73, 75, 78, 91, 146, 147], "node_range": 22.0, "x": 24.870265, "y": 71.729677}, "18": {"neighbours": [19, 31, 57, 65, 76, 86, 95, 102, 135], "node_range": 22.0, "x": 88.532019, "y": 50.654023}, "19": {"neighbours": [18, 21, 31, 57, 65, 76, 86, 97, 102, 135], "node_range": 22.0, "x": 96.423351, "y": 61.557379}, "20": {"neighbours": [1, 9, 34, 51], "node_range": 22.0, "x": 8.277591, "y": 18.269783}, "21": {"neighbours": [19, 30, 31, 57, 65, 76, 81, 82, 93, 107, 114, 120], "node_range": 22.0, "x": 110.780428, "y": 51.778764}, "22": {"neighbours": [23, 27, 46, 67, 74, 98, 109, 112, 118, 125, 140], "node_range": 22.0, "x": 137.575809, "y": 132.313778}, "23": {"neighbours": [12, 22, 39, 45, 48, 85, 101, 108, 111, 112, 121, 130, 133], "node_range": 22.0, "x": 129.99235, "y": 111.810306}, "24": {"neighbours": [2, 3, 32, 36, 38, 71, 99, 100, 104, 110, 143, 144], "node_range": 22.0, "x": 46.419575, "y": 30.312694}, "25": {"neighbours": [8, 10, 59, 72, 77, 106, 126], "node_range": 22.0, "x": 20.134723, "y": 120.070042}, "26": {"neighbours": [1, 2, 16, 38, 41, 51, 84, 99, 104, 132], "node_range": 22.0, "x": 24.214453, "y": 40.401577}, "27": {"neighbours": [22, 46, 67, 74, 109, 118, 125, 140], "node_range": 22.0, "x": 148.307385, "y": 143.361981}, "28": {"neighbours": [5, 44, 52, 61, 69, 70, 79, 83, 88, 116, 127, 142], "node_range": 22.0, "x": 87.566948, "y": 118.63477}, "29": {"neighbours": [60, 79, 88, 124, 139], "node_range": 22.0, "x": 55.273005, "y": 103.063132}, "30": {"neighbours": [6, 21, 33, 40, 54, 81, 82, 93, 107, 114, 115, 120], "node_range": 22.0, "x": 123.363386, "y": 37.680135}, "31": {"neighbours": [18, 19, 21, 57, 65, 76, 81, 82, 86, 93, 102, 120, 135], "node_range": 22.0, "x": 103.410143, "y": 56.989471}, "32": {"neighbours": [24, 36, 71, 89, 92, 95, 143], "node_range": 22.0, "x": 63.993822, "y": 38.989319}, "33": {"neighbours": [6, 30, 40, 54, 68, 103, 114, 115, 134], "node_range": 22.0, "x": 131.654196, "y": 22.217201}, "34": {"neighbours": [1, 2, 9, 20, 38, 47, 51, 104, 132, 144], "node_range": 22.0, "x": 19.440985, "y": 17.088696}, "35": {"neighbours": [56, 58], "node_range": 22.0, "x": 32.308681, "y": 149.339923}, "36": {"neighbours": [3, 24, 32, 71, 92, 95, 99, 143], "node_range": 22.0, "x": 56.709307, "y": 37.501011}, "37": {"neighbours": [7, 12, 45, 48, 108, 111, 121, 133, 137, 145, 149], "node_range": 22.0, "x": 135.81957, "y": 89.116365}, "38": {"neighbours": [2, 3, 24, 26, 34, 71, 84, 100, 104, 110, 132, 144], "node_range": 22.0, "x": 35.997153, "y": 28.025736}, "39": {"neighbours": [5, 12, 23, 44, 70, 85, 101, 108, 111, 130, 142], "node_range": 22.0, "x": 109.215151, "y": 111.251566}, "40": {"neighbours": [6, 30, 33, 54, 64, 82, 103, 107, 114, 115, 120, 134, 148], "node_range": 22.0, "x": 125.246916, "y": 26.432209}, "41": {"neighbours": [1, 16, 26, 51, 78, 84, 132], "node_range": 22.0, "x": 4.950495, "y": 47.442274}, "42": {"neighbours": [4, 46, 67, 96, 98, 109, 119, 125, 140], "node_range": 22.0, "x": 121.421749, "y": 148.658559}, "43": {"neighbours": [11, 17, 53, 73, 75, 77, 78, 91, 147], "node_range": 22.0, "x": 23.411776, "y": 81.870045}, "44": {"neighbours": [5, 28, 39, 52, 61, 69, 70, 116, 129, 142], "node_range": 22.0, "x": 94.477695, "y": 126.313958}, "45": {"neighbours": [7, 12, 23, 37, 48, 85, 101, 108, 111, 121, 130, 133, 137], "node_range": 22.0, "x": 130.081971, "y": 102.973971}, "46": {"neighbours": [4, 22, 27, 42, 67, 74, 96, 98, 109, 112, 125, 140], "node_range": 22.0, "x": 134.688254, "y": 142.856285}, "47": {"neighbours": [34, 100, 110, 117, 144], "node_range": 22.0, "x": 32.827899, "y": 2.882871}, "48": {"neighbours": [7, 23, 37, 45, 121, 133, 137, 149], "node_range": 22.0, "x": 146.835432, "y": 101.362464}, "49": {"neighbours": [58, 106, 124, 127], "node_range": 22.0, "x": 53.327493, "y": 125.556287}, "50": {"neighbours": [101, 108, 111, 121], "node_range": 22.0, "x": 112.459053, "y": 84.652918}, "51": {"neighbours": [1, 2, 9, 20, 26, 34, 41, 84, 132], "node_range": 22.0, "x": 9.486599, "y": 32.013877}, "52": {"neighbours": [5, 28, 44, 61, 69, 116, 129, 142], "node_range": 22.0, "x": 89.648996, "y": 134.597563}, "53": {"neighbours": [43, 73, 77, 78, 91], "node_range": 22.0, "x": 5.730834, "y": 87.617355}, "54": {"neighbours": [6, 30, 33, 40, 64, 82, 107, 114, 115, 120, 122, 134, 148], "node_range": 22.0, "x": 124.036866, "y": 28.149229}, "55": {"neighbours": [80, 87, 89, 92, 94, 105, 122, 131, 136, 150], "node_range": 22.0, "x": 87.268875, "y": 11.664216}, "56": {"neighbours": [35, 58], "node_range": 22.0, "x": 36.763657, "y": 146.136756}, "57": {"neighbours": [18, 19, 21, 31, 65, 76, 81, 86, 102, 135], "node_range": 22.0, "x": 101.475776, "y": 62.419675}, "58": {"neighbours": [35, 49, 56, 106], "node_range": 22.0, "x": 40.819657, "y": 138.75206}, "59": {"neighbours": [8, 25, 72, 126], "node_range": 22.0, "x": 14.512461, "y": 136.396894}, "60": {"neighbours": [10, 11, 29, 77, 106, 139, 147], "node_range": 22.0, "x": 39.790117, "y": 105.239497}, "61": {"neighbours": [5, 28, 44, 52, 69, 116, 119, 129, 142], "node_range": 22.0, "x": 92.132378, "y": 137.063047}, "62": {"neighbours": [6, 66, 90, 123], "node_range": 22.0, "x": 146.820971, "y": 44.177384}, "63": {"neighbours": [75, 99, 139, 146], "node_range": 22.0, "x": 46.919403, "y": 64.090387}, "64": {"neighbours": [40, 54, 80, 82, 87, 105, 107, 113, 114, 115, 122, 128, 134, 136, 148], "node_range": 22.0, "x": 108.608905, "y": 17.881119}, "65": {"neighbours": [18, 19, 21, 31, 57, 76, 86, 95, 102, 135], "node_range": 22.0, "x": 89.858095, "y": 52.552417}, "66": {"neighbours": [14, 15, 62, 81, 93, 123, 141, 145], "node_range": 22.0, "x": 138.414953, "y": 61.42689}, "67": {"neighbours": [22, 27, 42, 46, 74, 96, 109, 112, 125, 140], "node_range": 22.0, "x": 138.84677, "y": 146.115425}, "68": {"neighbours": [13, 33, 103, 115], "node_range": 22.0, "x": 145.810451, "y": 9.954559}, "69": {"neighbours": [4, 5, 28, 44, 52, 61, 98, 116, 119, 129, 142], "node_range": 22.0, "x": 97.54937, "y": 135.545755}, "70": {"neighbours": [28, 39, 44, 83, 101, 116], "node_range": 22.0, "x": 95.021226, "y": 105.554881}, "71": {"neighbours": [3, 24, 32, 36, 38, 89, 92, 100, 104, 110, 143, 144], "node_range": 22.0,