{"1": {"neighbours": [13, 14, 17, 24, 36, 43, 66, 75, 98, 101, 102], "node_range": 22.0, "x": 14.53793, "y": 132.126983}, "2": {"neighbours": [8, 18, 19, 37, 40, 49, 64, 81, 89, 92, 131], "node_range": 22.0, "x": 116.228028, "y": 133.350784}, "3": {"neighbours": [15, 28, 56, 65, 68, 83, 108, 144], "node_range": 22.0, "x": 78.919911, "y": 74.742407}, "4": {"neighbours": [59, 69, 105, 112, 120, 122, 128, 139], "node_range": 22.0, "x": 15.500238, "y": 85.918794}, "5": {"neighbours": [10, 25, 31, 103, 114, 118, 135, 137, 148, 150], "node_range": 22.0, "x": 52.229015, "y": 118.1739}, "6": {"neighbours": [45, 55, 58, 67, 127, 138, 142, 147], "node_range": 22.0, "x": 33.029331, "y": 37.279383}, "7": {"neighbours": [9, 46, 64, 111, 125, 132, 143, 145], "node_range": 22.0, "x": 133.320471, "y": 99.567349}, "8": {"neighbours": [2, 26, 27, 37, 40, 47, 54, 81, 89, 93, 117, 134, 146], "node_range": 22.0, "x": 102.478255, "y": 121.877893}, "9": {"neighbours": [7, 46, 111, 125, 132, 143, 145], "node_range": 22.0, "x": 132.794691, "y": 89.032301}, "10": {"neighbours": [5, 25, 26, 27, 31, 33, 74, 97, 114, 117], "node_range": 22.0, "x": 72.529108, "y": 113.819913}, "11": {"neighbours": [23, 35, 41, 52, 63, 70, 72, 88, 90, 130, 133, 149], "node_range": 22.0, "x": 76.458297, "y": 12.282346}, "12": {"neighbours": [34, 42, 71, 79, 116, 120], "node_range": 22.0, "x": 41.755243, "y": 84.610003}, "13": {"neighbours": [1, 14, 17, 24, 36, 43, 66, 75, 86, 98, 101, 102, 141], "node_range": 22.0, "x": 17.337766, "y": 123.831194}, "14": {"neighbours": [1, 13, 17, 24, 66, 69, 75, 86, 112, 141], "node_range": 22.0, "x": 12.547576, "y": 113.42585}, "15": {"neighbours": [3, 28, 48, 56, 65, 94, 108], "node_range": 22.0, "x": 81.594136, "y": 57.251539}, "16": {"neighbours": [42, 45, 56, 58, 65, 68, 95, 115, 126, 138], "node_range": 22.0, "x": 59.374844, "y": 56.074083}, "17": {"neighbours": [1, 13, 14, 75, 98, 101, 141], "node_range": 22.0, "x": 0.536034, "y": 129.893554}, "18": {"neighbours": [2, 19, 39, 44, 49, 81, 92, 129, 131], "node_range": 22.0, "x": 132.435739, "y": 140.694443}, "19": {"neighbours": [2, 18, 39, 44, 49, 81, 92, 129, 131], "node_range": 22.0, "x": 131.735903, "y": 139.508471}, "20": {"neighbours": [21, 57, 61, 76, 77, 80, 82, 96, 107, 124, 136, 140], "node_range": 22.0, "x": 119.55388, "y": 59.875526}, "21": {"neighbours": [20, 48, 57, 61, 76, 77, 80, 82, 96, 119, 136, 140], "node_range": 22.0, "x": 114.606384, "y": 55.674624}, "22": {"neighbours": [29, 51, 53, 78, 84, 85, 127], "node_range": 22.0, "x": 6.679395, "y": 48.409622}, "23": {"neighbours": [11, 35, 41, 52, 63, 70, 88, 109, 130, 133, 142, 149], "node_range": 22.0, "x": 64.944103, "y": 18.226786}, "24": {"neighbours": [1, 13, 14, 36, 43, 66, 75, 86, 102, 112, 137, 141], "node_range": 22.0, "x": 21.668894, "y": 116.549695}, "25": {"neighbours": [5, 10, 31, 71, 74, 114], "node_range": 22.0, "x": 61.312284, "y": 103.503294}, "26": {"neighbours": [8, 10, 27, 40, 47, 54, 89, 93, 117, 134, 144, 146], "node_range": 22.0, "x": 93.864512, "y": 113.070609}, "27": {"neighbours": [8, 10, 26, 33, 37, 40, 47, 89, 93, 97, 100, 117, 134, 146], "node_range": 22.0, "x": 87.142843, "y": 128.98164}, "28": {"neighbours": [3, 15, 56, 65, 68, 83, 108], "node_range": 22.0, "x": 78.27368, "y": 67.749038}, "29": {"neighbours": [22, 34, 51, 53, 55, 59, 78, 84, 85, 116, 120, 122, 127], "node_range": 22.0, "x": 15.600245, "y": 60.46196}, "30": {"neighbours": [50, 60, 70, 72, 88, 90, 110], "node_range": 22.0, "x": 100.410839, "y": 3.599265}, "31": {"neighbours": [5, 10, 25, 33, 74, 114, 117], "node_range": 22.0, "x": 68.204884, "y": 110.744533}, "32": {"neighbours": [38, 57, 73, 80, 82, 91, 99, 123, 140], "node_range": 22.0, "x": 130.016112, "y": 30.463878}, "33": {"neighbours": [10, 27, 31, 40, 93, 97, 100, 103, 114, 117, 118, 134, 135, 146, 148], "node_range": 22.0, "x": 73.303638, "y": 131.329939}, "34": {"neighbours": [12, 29, 42, 51, 55, 59, 95, 115, 116, 120, 122], "node_range": 22.0, "x": 31.210393, "y": 69.581289}, "35": {"neighbours": [11, 23, 52, 63, 109, 142, 149], "node_range": 22.0, "x": 56.474627, "y": 8.589585}, "36": {"neighbours": [1, 13, 24, 43, 66, 75, 98, 101, 102, 150], "node_range": 22.0, "x": 27.637709, "y": 131.260237}, "37": {"neighbours": [2, 8, 27, 40, 81, 89, 93, 97, 100, 134, 146], "node_range": 22.0, "x": 98.164521, "y": 137.634668}, "38": {"neighbours": [32, 57, 73, 80, 82, 91, 99, 123, 140], "node_range": 22.0, "x": 130.096478, "y": 27.453938}, "39": {"neighbours": [18, 19, 44, 49, 62, 129, 131], "node_range": 22.0, "x": 144.74116, "y": 142.078315}, "40": {"neighbours": [2, 8, 26, 27, 33, 37, 81, 89, 93, 97, 100, 117, 134, 146], "node_range": 22.0, "x": 94.728172, "y": 132.905268}, "41": {"neighbours": [11, 23, 60, 63, 70, 72, 88, 90, 130, 133, 149], "node_range": 22.0, "x": 86.219804, "y": 20.733157}, "42": {"neighbours": [12, 16, 34, 55, 58, 68, 95, 115, 116, 120], "node_range": 22.0, "x": 45.552302, "y": 65.242183}, "43": {"neighbours": [1, 13, 24, 36, 102, 150], "node_range": 22.0, "x": 34.91151, "y": 132.23898}, "44": {"neighbours": [18, 19, 39, 49, 62, 64, 81, 92, 125, 129, 131], "node_range": 22.0, "x": 137.986922, "y": 128.668839}, "45": {"neighbours": [6, 16, 58, 95, 115, 126, 138, 142, 147], "node_range": 22.0, "x": 46.994777, "y": 39.306261}, "46": {"neighbours": [7, 9, 54, 111, 132, 145], "node_range": 22.0, "x": 112.333595, "y": 94.582628}, "47": {"neighbours": [8, 26, 27, 54, 89, 93, 117, 134, 144, 146], "node_range": 22.0, "x": 95.037748, "y": 109.743418}, "48": {"neighbours": [15, 21, 56, 76, 77, 82, 96, 119, 136], "node_range": 22.0, "x": 96.909428, "y": 52.956318}, "49": {"neighbours": [2, 18, 19, 39, 44, 92, 129, 131], "node_range": 22.0, "x": 134.330445, "y": 143.958953}, "50": {"neighbours": [30, 60, 72, 73, 90, 110], "node_range": 22.0, "x": 113.369793, "y": 12.248684}, "51": {"neighbours": [22, 29, 34, 53, 55, 59, 78, 84, 85, 116, 122, 127], "node_range": 22.0, "x": 16.893163, "y": 53.077458}, "52": {"neighbours": [11, 23, 35, 63, 70, 88, 109, 130, 133, 142, 149], "node_range": 22.0, "x": 64.294973, "y": 16.970202}, "53": {"neighbours": [22, 29, 51, 55, 59, 78, 84, 85, 122, 127], "node_range": 22.0, "x": 10.829277, "y": 53.119577}, "54": {"neighbours": [8, 26, 46, 47, 89, 111, 117, 144], "node_range": 22.0, "x": 100.876078, "y": 105.383093}, "55": {"neighbours": [6, 29, 34, 42, 51, 53, 58, 59, 78, 85, 95, 115, 116, 120, 122, 127, 138, 147], "node_range": 22.0, "x": 29.092524, "y": 55.492005}, "56": {"neighbours": [3, 15, 16, 28, 48, 65, 68, 94, 108], "node_range": 22.0, "x": 79.531035, "y": 55.503345}, "57": {"neighbours": [20, 21, 32, 38, 61, 76, 80, 82, 91, 107, 123, 124, 140], "node_range": 22.0, "x": 129.969338, "y": 48.403963}, "58": {"neighbours": [6, 16, 42, 45, 55, 95, 115, 116, 126, 138, 147], "node_range": 22.0, "x": 47.665486, "y": 51.713823}, "59": {"neighbours": [4, 29, 34, 51, 53, 55, 78, 105, 116, 120, 122, 127], "node_range": 22.0, "x": 21.275086, "y": 64.921225}, "60": {"neighbours": [30, 41, 50, 72, 73, 90, 110, 119, 133], "node_range": 22.0, "x": 103.755968, "y": 21.181419}, "61": {"neighbours": [20, 21, 57, 76, 77, 80, 82, 96, 107, 123, 124, 140], "node_range": 22.0, "x": 119.694278, "y": 52.668947}, "62": {"neighbours": [39, 44, 64, 125, 129], "node_range": 22.0, "x": 149.90141, "y": 121.035175}, "63": {"neighbours": [11, 23, 35, 41, 52, 70, 88, 109, 130, 133, 149], "node_range": 22.0, "x": 74.686177, "y": 17.014231}, "64": {"neighbours": [2, 7, 44, 62, 81, 125], "node_range": 22.0, "x": 128.713254, "y": 116.465545}, "65": {"neighbours": [3, 15, 16, 28, 56, 68, 94, 108], "node_range": 22.0, "x": 74.61222, "y": 60.471774}, "66": {"neighbours": [1, 13, 14, 24, 36, 75, 86, 102, 112, 137, 141], "node_range": 22.0, "x": 20.863186, "y": 114.746483}, "67": {"neighbours": [6, 87, 104, 106, 113, 121, 142, 147], "node_range": 22.0, "x": 31.390567, "y": 19.087559}, "68": {"neighbours": [3, 16, 28, 42, 56, 65, 95, 108, 115], "node_range": 22.0, "x": 62.968723,