{"1": {"neighbours": [10, 14, 19, 31, 43, 54, 55, 56, 69, 76, 84], "node_range": 24.0, "x": 135.070284, "y": 93.951978}, "2": {"neighbours": [5, 9, 11, 25, 51, 53, 58, 60, 65, 85, 91, 92, 94, 95, 122, 132, 144], "node_range": 24.0, "x": 70.636335, "y": 132.438189}, "3": {"neighbours": [8, 29, 35, 41, 77, 97, 100, 105, 110, 114, 133], "node_range": 24.0, "x": 98.285727, "y": 77.397076}, "4": {"neighbours": [23, 30, 38, 50, 70, 81, 83, 112, 113, 118], "node_range": 24.0, "x": 39.642298, "y": 12.818303}, "5": {"neighbours": [2, 9, 53, 65, 75, 92, 95, 122, 132, 144], "node_range": 24.0, "x": 65.347023, "y": 149.998154}, "6": {"neighbours": [27, 32, 38, 81, 83, 96, 106, 109, 113, 117, 137], "node_range": 24.0, "x": 63.083194, "y": 28.272473}, "7": {"neighbours": [22, 32, 52, 106, 109, 120, 127, 138, 148, 149], "node_range": 24.0, "x": 45.589272, "y": 45.860219}, "8": {"neighbours": [3, 12, 29, 35, 37, 77, 80, 97, 105, 110, 125, 129], "node_range": 24.0, "x": 86.597547, "y": 86.721736}, "9": {"neighbours": [2, 5, 11, 25, 51, 58, 59, 61, 65, 85, 91, 92, 94, 95, 122, 132, 144], "node_range": 24.0, "x": 75.742238, "y": 133.324652}, "10": {"neighbours": [1, 15, 19, 31, 54, 55, 56, 69, 71, 76, 84, 128, 133, 135], "node_range": 24.0, "x": 123.910687, "y": 104.324835}, "11": {"neighbours": [2, 9, 12, 25, 51, 58, 60, 64, 65, 85, 94, 95, 122, 132, 144, 150], "node_range": 24.0, "x": 64.081546, "y": 122.542568}, "12": {"neighbours": [8, 11, 25, 35, 37, 46, 51, 58, 59, 64, 85, 125, 129, 150], "node_range": 24.0, "x": 73.382121, "y": 106.294998}, "13": {"neighbours": [49, 63, 90, 103, 116, 119, 123, 136, 141, 146], "node_range": 24.0, "x": 7.650159, "y": 100.224052}, "14": {"neighbours": [1, 19, 43, 55, 76], "node_range": 24.0, "x": 136.52468, "y": 82.142524}, "15": {"neighbours": [10, 34, 46, 56, 59, 69, 71, 84, 97, 128, 135], "node_range": 24.0, "x": 109.992527, "y": 117.158612}, "16": {"neighbours": [33, 108, 139], "node_range": 24.0, "x": 127.150713, "y": 12.630016}, "17": {"neighbours": [44, 53, 60, 74, 75, 88, 89, 101, 111, 115, 122], "node_range": 24.0, "x": 31.862857, "y": 141.085927}, "18": {"neighbours": [43, 86, 104], "node_range": 24.0, "x": 149.133531, "y": 61.314101}, "19": {"neighbours": [1, 10, 14, 31, 54, 55, 56, 69, 76], "node_range": 24.0, "x": 144.224043, "y": 100.807024}, "20": {"neighbours": [86, 102, 104, 108], "node_range": 24.0, "x": 140.485349, "y": 33.659268}, "21": {"neighbours": [22, 29, 77, 79, 80, 110, 130], "node_range": 24.0, "x": 77.464327, "y": 63.177952}, "22": {"neighbours": [7, 21, 32, 52, 79, 80, 109, 120, 127, 130, 138, 148], "node_range": 24.0, "x": 56.04571, "y": 61.224671}, "23": {"neighbours": [4, 30, 70, 81, 83, 112, 113], "node_range": 24.0, "x": 46.924678, "y": 1.074966}, "24": {"neighbours": [57, 62, 68, 87, 124, 145], "node_range": 24.0, "x": 144.985922, "y": 140.379941}, "25": {"neighbours": [2, 9, 11, 12, 46, 51, 58, 59, 61, 85, 91, 92, 125], "node_range": 24.0, "x": 83.43836, "y": 122.059532}, "26": {"neighbours": [28, 42, 66, 73, 82, 99, 140, 149], "node_range": 24.0, "x": 3.083912, "y": 50.774191}, "27": {"neighbours": [6, 32, 36, 38, 83, 96, 106, 113, 117, 137, 143], "node_range": 24.0, "x": 69.063896, "y": 28.629164}, "28": {"neighbours": [26, 42, 66, 73, 82, 99, 140], "node_range": 24.0, "x": 7.170879, "y": 38.188789}, "29": {"neighbours": [3, 8, 21, 35, 77, 79, 80, 105, 110, 114, 129], "node_range": 24.0, "x": 85.095207, "y": 77.561897}, "30": {"neighbours": [4, 23, 38, 50, 70, 81, 83, 112, 113, 118], "node_range": 24.0, "x": 37.540122, "y": 16.820518}, "31": {"neighbours": [1, 10, 19, 54, 55, 56, 69, 71, 76, 84, 128, 135], "node_range": 24.0, "x": 135.2239, "y": 114.7846}, "32": {"neighbours": [6, 7, 22, 27, 52, 96, 106, 109, 117, 120, 127, 130, 138, 148], "node_range": 24.0, "x": 59.034544, "y": 46.299993}, "33": {"neighbours": [16, 36, 40, 98, 126, 139, 143], "node_range": 24.0, "x": 104.417311, "y": 8.168259}, "34": {"neighbours": [15, 45, 59, 61, 62, 71, 91, 128, 135, 145], "node_range": 24.0, "x": 108.139204, "y": 132.672005}, "35": {"neighbours": [3, 8, 12, 29, 37, 46, 59, 77, 97, 105, 125, 129], "node_range": 24.0, "x": 85.683482, "y": 97.732929}, "36": {"neighbours": [27, 33, 40, 98, 126, 137, 143], "node_range": 24.0, "x": 84.18235, "y": 11.852073}, "37": {"neighbours": [8, 12, 35, 58, 64, 77, 125, 129, 150], "node_range": 24.0, "x": 68.88911, "y": 98.143835}, "38": {"neighbours": [4, 6, 27, 30, 81, 83, 96, 106, 113, 117, 137], "node_range": 24.0, "x": 60.165078, "y": 22.201663}, "39": {"neighbours": [41, 48, 67, 72, 78, 100, 114, 121, 131, 134, 139], "node_range": 24.0, "x": 109.514889, "y": 43.447016}, "40": {"neighbours": [33, 36, 98, 126, 137, 143], "node_range": 24.0, "x": 90.798522, "y": 3.097264}, "41": {"neighbours": [3, 39, 100, 114, 131, 133], "node_range": 24.0, "x": 108.195087, "y": 64.594014}, "42": {"neighbours": [26, 28, 66, 73, 82, 99, 140, 149], "node_range": 24.0, "x": 14.225131, "y": 49.90216}, "43": {"neighbours": [1, 14, 18, 55, 76, 104], "node_range": 24.0, "x": 146.473786, "y": 74.765437}, "44": {"neighbours": [17, 74, 88, 89, 93, 101, 103, 111, 115, 119, 123, 136, 141], "node_range": 24.0, "x": 18.764149, "y": 126.061667}, "45": {"neighbours": [34, 57, 61, 62, 128, 145], "node_range": 24.0, "x": 113.121031, "y": 149.267302}, "46": {"neighbours": [12, 15, 25, 35, 59, 71, 91, 97, 125, 129, 135], "node_range": 24.0, "x": 91.798187, "y": 114.864684}, "47": {"neighbours": [49, 64, 90, 116, 123, 136, 146, 150], "node_range": 24.0, "x": 32.8745, "y": 91.173449}, "48": {"neighbours": [39, 67, 72, 78, 100, 102, 108, 121, 126, 131, 134, 139], "node_range": 24.0, "x": 112.58447, "y": 37.540963}, "49": {"neighbours": [13, 47, 90, 116, 123, 136, 146], "node_range": 24.0, "x": 26.165901, "y": 90.5063}, "50": {"neighbours": [4, 30, 70, 107, 112, 118, 142], "node_range": 24.0, "x": 21.484815, "y": 4.232951}, "51": {"neighbours": [2, 9, 11, 12, 25, 58, 60, 65, 85, 91, 92, 94, 95, 122, 132, 144], "node_range": 24.0, "x": 67.814926, "y": 125.901781}, "52": {"neighbours": [7, 22, 32, 106, 109, 120, 127, 138, 148, 149], "node_range": 24.0, "x": 41.870675, "y": 47.92184}, "53": {"neighbours": [2, 5, 17, 60, 65, 75, 85, 94, 95, 111, 122, 132, 144], "node_range": 24.0, "x": 48.364839, "y": 140.739779}, "54": {"neighbours": [1, 10, 19, 31, 55, 56, 69, 76], "node_range": 24.0, "x": 146.839777, "y": 107.654498}, "55": {"neighbours": [1, 10, 14, 19, 31, 43, 54, 56, 69, 76], "node_range": 24.0, "x": 140.908718, "y": 92.808235}, "56": {"neighbours": [1, 10, 15, 19, 31, 54, 55, 69, 71, 76, 84, 128, 135], "node_range": 24.0, "x": 132.153435, "y": 114.427946}, "57": {"neighbours": [24, 45, 62, 68, 87, 124, 145], "node_range": 24.0, "x": 137.112966, "y": 149.350601}, "58": {"neighbours": [2, 9, 11, 12, 25, 37, 51, 60, 64, 85, 94, 95, 111, 122, 132, 144, 150], "node_range": 24.0, "x": 61.006088, "y": 119.605755}, "59": {"neighbours": [9, 12, 15, 25, 34, 35, 46, 71, 91, 97, 125, 129, 135], "node_range": 24.0, "x": 91.805943, "y": 116.889259}, "60": {"neighbours": [2, 11, 17, 51, 53, 58, 65, 75, 85, 94, 95, 111, 122, 132, 144], "node_range": 24.0, "x": 47.768127, "y": 129.882982}, "61": {"neighbours": [9, 25, 34, 45, 91, 92], "node_range": 24.0, "x": 92.946761, "y": 143.303126}, "62": {"neighbours": [24, 34, 45, 57, 87, 124, 128, 145], "node_range": 24.0, "x": 122.775012, "y": 142.472043}, "63": {"neighbours": [13, 90, 146], "node_range": 24.0, "x": 1.871695, "y": 84.81028}, "64": {"neighbours": [11, 12, 37, 47, 58, 85, 94, 111, 150], "node_range": 24.0, "x": 52.799952, "y": 103.923493}, "65": {"neighbours": [2, 5, 9, 11, 51, 53, 60, 75, 85, 91, 92, 94, 95, 122, 132, 144], "node_range": 24.0, "x": 64.505536, "y": 144.857719}, "66": {"neighbours": [26, 28, 42, 73, 82, 99, 140, 149], "node_range": 24.0, "x": 4.583633, "y": 51.430471}, "67": {"neighbours": [39, 48, 72, 78, 121, 126, 134, 139, 143], "node_range": 24.0, "x": 104.489655, "y": 33.574849}, "68": {"neighbours": [24, 57, 87, 124, 145], "node_range": 24.0,