{"1": {"neighbours": [6, 7, 11, 15, 16, 18, 31, 66, 73, 77, 113, 117, 129, 140], "node_range": 24.0, "x": 97.004899, "y": 82.341648}, "2": {"neighbours": [8, 20, 50, 57, 67, 85, 103, 106, 121], "node_range": 24.0, "x": 105.018809, "y": 125.434483}, "3": {"neighbours": [22, 27, 41, 68, 78, 81], "node_range": 24.0, "x": 49.413092, "y": 142.578189}, "4": {"neighbours": [20, 30, 58, 85], "node_range": 24.0, "x": 119.300024, "y": 144.987176}, "5": {"neighbours": [13, 40, 44, 45, 47, 56, 60, 82, 84, 87, 96, 105, 143, 145], "node_range": 24.0, "x": 8.363142, "y": 55.929249}, "6": {"neighbours": [1, 7, 11, 15, 16, 18, 31, 66, 77, 113, 119, 140], "node_range": 24.0, "x": 106.519808, "y": 75.308579}, "7": {"neighbours": [1, 6, 11, 15, 16, 18, 31, 66, 73, 77, 113, 119, 129, 140], "node_range": 24.0, "x": 98.239159, "y": 78.506903}, "8": {"neighbours": [2, 20, 50, 57, 67, 85, 103, 106, 121], "node_range": 24.0, "x": 101.858613, "y": 124.471973}, "9": {"neighbours": [28, 35, 64, 75, 101, 107, 110, 130, 136, 137], "node_range": 24.0, "x": 74.749558, "y": 36.660573}, "10": {"neighbours": [12, 51, 74, 86, 93, 100, 115, 122, 123, 150], "node_range": 24.0, "x": 25.26756, "y": 121.51635}, "11": {"neighbours": [1, 6, 7, 15, 16, 18, 48, 63, 66, 113, 140], "node_range": 24.0, "x": 117.587973, "y": 75.95684}, "12": {"neighbours": [10, 74, 86, 93, 97, 100, 111, 115, 122, 128, 146, 150], "node_range": 24.0, "x": 17.982219, "y": 117.528721}, "13": {"neighbours": [5, 40, 44, 45, 47, 54, 60, 82, 84, 87, 109, 116, 143, 145], "node_range": 24.0, "x": 19.077104, "y": 64.336409}, "14": {"neighbours": [61, 89, 91, 92, 112, 131, 135], "node_range": 24.0, "x": 145.945707, "y": 56.054571}, "15": {"neighbours": [1, 6, 7, 11, 16, 18, 31, 39, 66, 77, 113, 119, 140], "node_range": 24.0, "x": 105.68861, "y": 72.264672}, "16": {"neighbours": [1, 6, 7, 11, 15, 18, 31, 63, 66, 77, 113, 129, 140], "node_range": 24.0, "x": 103.370983, "y": 83.279589}, "17": {"neighbours": [19, 21, 37, 52, 54, 98, 110, 116, 118, 126, 144], "node_range": 24.0, "x": 55.482606, "y": 52.881091}, "18": {"neighbours": [1, 6, 7, 11, 15, 16, 49, 63, 66, 113, 129, 140], "node_range": 24.0, "x": 111.393251, "y": 86.8795}, "19": {"neighbours": [17, 21, 37, 42, 54, 72, 104, 110, 116, 117, 126, 142, 144], "node_range": 24.0, "x": 62.17231, "y": 67.707174}, "20": {"neighbours": [2, 4, 8, 50, 57, 67, 85, 106, 108, 121], "node_range": 24.0, "x": 108.217276, "y": 133.186917}, "21": {"neighbours": [17, 19, 31, 42, 75, 101, 110, 117, 119, 126, 136, 142], "node_range": 24.0, "x": 74.772805, "y": 63.804028}, "22": {"neighbours": [3, 38, 41, 81, 94], "node_range": 24.0, "x": 49.877534, "y": 122.877473}, "23": {"neighbours": [26, 58, 83, 102, 147], "node_range": 24.0, "x": 149.113025, "y": 118.512095}, "24": {"neighbours": [28, 34, 39, 59, 64, 69, 80, 119, 130, 132, 136, 137, 138], "node_range": 24.0, "x": 103.638098, "y": 34.782288}, "25": {"neighbours": [33, 73, 77, 94, 103, 125, 129], "node_range": 24.0, "x": 78.335553, "y": 104.52655}, "26": {"neighbours": [23, 49, 55, 63, 67, 83, 102, 121, 127, 147], "node_range": 24.0, "x": 129.367837, "y": 108.535161}, "27": {"neighbours": [3, 51, 81, 123], "node_range": 24.0, "x": 38.658695, "y": 144.587746}, "28": {"neighbours": [9, 24, 64, 69, 75, 80, 130, 132, 136, 137, 149], "node_range": 24.0, "x": 85.238521, "y": 30.102876}, "29": {"neighbours": [51, 62, 74, 93, 97, 122, 123], "node_range": 24.0, "x": 6.298798, "y": 140.501744}, "30": {"neighbours": [4, 58], "node_range": 24.0, "x": 142.248606, "y": 148.995461}, "31": {"neighbours": [1, 6, 7, 15, 16, 21, 42, 66, 73, 77, 117, 125, 142], "node_range": 24.0, "x": 83.70677, "y": 80.855121}, "32": {"neighbours": [34, 59, 61, 76, 79, 91, 92, 112, 135, 138], "node_range": 24.0, "x": 131.258157, "y": 31.264133}, "33": {"neighbours": [25, 38, 72, 73, 94, 104, 125, 142], "node_range": 24.0, "x": 58.882708, "y": 98.719262}, "34": {"neighbours": [24, 32, 39, 59, 64, 80, 92, 119, 130, 136, 138], "node_range": 24.0, "x": 109.875536, "y": 39.854059}, "35": {"neighbours": [9, 36, 52, 88, 98, 107, 110, 118, 134], "node_range": 24.0, "x": 56.864906, "y": 28.005547}, "36": {"neighbours": [35, 52, 53, 88, 90, 98, 105, 107, 114, 118, 120, 133, 134, 145], "node_range": 24.0, "x": 39.21389, "y": 27.572631}, "37": {"neighbours": [17, 19, 42, 44, 54, 72, 84, 104, 110, 116, 118, 126, 142, 144], "node_range": 24.0, "x": 47.407941, "y": 62.560762}, "38": {"neighbours": [22, 33, 41, 94, 115], "node_range": 24.0, "x": 49.211718, "y": 111.532725}, "39": {"neighbours": [15, 24, 34, 64, 75, 101, 119, 130, 136, 137, 138], "node_range": 24.0, "x": 97.15989, "y": 51.264665}, "40": {"neighbours": [5, 13, 44, 45, 47, 56, 87, 96, 98, 105, 114, 133, 134, 141, 143, 145], "node_range": 24.0, "x": 16.606957, "y": 40.883477}, "41": {"neighbours": [3, 22, 38, 68, 78, 81, 94], "node_range": 24.0, "x": 64.222193, "y": 129.83564}, "42": {"neighbours": [19, 21, 31, 37, 72, 73, 77, 104, 117, 126, 142, 144], "node_range": 24.0, "x": 67.621061, "y": 74.58388}, "43": {"neighbours": [60, 70, 82, 86, 100, 109, 111, 115, 148, 150], "node_range": 24.0, "x": 17.620846, "y": 88.610987}, "44": {"neighbours": [5, 13, 37, 40, 45, 47, 52, 54, 82, 84, 87, 98, 105, 114, 116, 118, 133, 143, 145], "node_range": 24.0, "x": 26.67358, "y": 50.637874}, "45": {"neighbours": [5, 13, 40, 44, 47, 56, 84, 87, 96, 98, 105, 114, 133, 141, 143, 145], "node_range": 24.0, "x": 14.690535, "y": 42.464017}, "46": {"neighbours": [53, 56, 65, 90, 96, 139, 141], "node_range": 24.0, "x": 1.106456, "y": 16.677431}, "47": {"neighbours": [5, 13, 40, 44, 45, 56, 84, 87, 96, 105, 133, 141, 143, 145], "node_range": 24.0, "x": 11.823794, "y": 48.881948}, "48": {"neighbours": [11, 55, 63, 89, 131], "node_range": 24.0, "x": 135.536343, "y": 80.393329}, "49": {"neighbours": [18, 26, 63, 67, 83, 102, 103, 106, 113, 121, 127, 129], "node_range": 24.0, "x": 116.382007, "y": 103.526003}, "50": {"neighbours": [2, 8, 20, 57, 67, 85, 103, 106, 108, 121], "node_range": 24.0, "x": 96.782049, "y": 129.530075}, "51": {"neighbours": [10, 27, 29, 62, 74, 93, 122, 123], "node_range": 24.0, "x": 22.082061, "y": 143.364937}, "52": {"neighbours": [17, 35, 36, 44, 88, 98, 105, 107, 110, 114, 118, 133, 134, 145], "node_range": 24.0, "x": 42.072896, "y": 33.574954}, "53": {"neighbours": [36, 46, 65, 90, 114, 120, 133, 134, 139, 141], "node_range": 24.0, "x": 22.293161, "y": 14.297805}, "54": {"neighbours": [13, 17, 19, 37, 44, 72, 84, 87, 98, 110, 116, 118, 126, 144, 145], "node_range": 24.0, "x": 42.479697, "y": 60.352103}, "55": {"neighbours": [26, 48, 83, 102, 127], "node_range": 24.0, "x": 145.646573, "y": 92.166693}, "56": {"neighbours": [5, 40, 45, 46, 47, 65, 96, 105, 141, 143], "node_range": 24.0, "x": 0.836905, "y": 36.657162}, "57": {"neighbours": [2, 8, 20, 50, 67, 85, 103, 106, 108, 121], "node_range": 24.0, "x": 93.26182, "y": 130.199265}, "58": {"neighbours": [4, 23, 30, 147], "node_range": 24.0, "x": 136.534917, "y": 136.130804}, "59": {"neighbours": [24, 32, 34, 61, 89, 91, 92, 112, 135, 138], "node_range": 24.0, "x": 125.248334, "y": 41.485324}, "60": {"neighbours": [5, 13, 43, 82, 84, 109, 111], "node_range": 24.0, "x": 8.508247, "y": 79.60347}, "61": {"neighbours": [14, 32, 59, 76, 79, 89, 91, 92, 112, 131, 135], "node_range": 24.0, "x": 138.491269, "y": 42.706518}, "62": {"neighbours": [29, 51, 74, 93, 97, 122, 123], "node_range": 24.0, "x": 13.119778, "y": 148.147991}, "63": {"neighbours": [11, 16, 18, 26, 48, 49, 83, 102, 113, 127, 129, 140], "node_range": 24.0, "x": 118.68749, "y": 97.027152}, "64": {"neighbours": [9, 24, 28, 34, 39, 75, 80, 101, 119, 130, 136, 137, 138], "node_range": 24.0, "x": 86.467645, "y": 40.147753}, "65": {"neighbours": [46, 53, 56, 90, 96, 114, 139, 141], "node_range": 24.0, "x": 6.16755, "y": 14.519167}, "66": {"neighbours": [1, 6, 7, 11, 15, 16, 18, 31, 73, 77, 113, 117, 129, 140], "node_range": 24.0, "x": 95.859368, "y": 81.562642},