{"1": {"neighbours": [15, 19, 29, 35, 113, 118, 136], "node_range": 24.0, "x": 53.966677, "y": 71.563036}, "2": {"neighbours": [28, 36, 55, 60, 91, 105, 108, 119, 131], "node_range": 24.0, "x": 140.412089, "y": 21.87656}, "3": {"neighbours": [13, 49, 51, 56, 75, 109, 114, 115, 117, 131, 132], "node_range": 24.0, "x": 96.836926, "y": 16.984622}, "4": {"neighbours": [13, 56, 91, 108, 114, 117, 131], "node_range": 24.0, "x": 122.02864, "y": 5.429007}, "5": {"neighbours": [14, 20, 33, 82, 90, 124, 134, 137, 138, 147], "node_range": 24.0, "x": 12.643249, "y": 99.512609}, "6": {"neighbours": [42, 88, 100, 122, 125, 127, 139], "node_range": 24.0, "x": 26.565058, "y": 33.13435}, "7": {"neighbours": [12, 74, 81, 96, 144], "node_range": 24.0, "x": 144.017115, "y": 63.075201}, "8": {"neighbours": [22, 74, 96, 130, 144], "node_range": 24.0, "x": 134.925241, "y": 89.036173}, "9": {"neighbours": [10, 47, 59, 116], "node_range": 24.0, "x": 92.064135, "y": 65.507712}, "10": {"neighbours": [9, 22, 47, 51, 59, 63, 87, 98, 112, 116], "node_range": 24.0, "x": 107.521049, "y": 58.046522}, "11": {"neighbours": [17, 24, 27, 39, 59, 76, 77, 94, 98, 99, 101, 104, 126, 128, 129, 130, 142, 143], "node_range": 24.0, "x": 92.082912, "y": 92.744796}, "12": {"neighbours": [7, 81, 96, 119], "node_range": 24.0, "x": 144.195499, "y": 55.514423}, "13": {"neighbours": [3, 4, 56, 75, 91, 114, 117, 131, 132], "node_range": 24.0, "x": 110.02242, "y": 4.709512}, "14": {"neighbours": [5, 20, 33, 82, 90, 124, 134, 137, 138, 147], "node_range": 24.0, "x": 13.001024, "y": 103.67355}, "15": {"neighbours": [1, 21, 29, 37, 100, 118, 127], "node_range": 24.0, "x": 64.747796, "y": 50.858426}, "16": {"neighbours": [18, 25, 34, 44, 54, 65, 66, 67, 69, 72, 85, 90, 92, 110, 137, 146, 148, 149], "node_range": 24.0, "x": 21.730593, "y": 127.070544}, "17": {"neighbours": [11, 24, 27, 39, 76, 77, 83, 94, 99, 101, 104, 107, 126, 128, 129, 141, 142, 143], "node_range": 24.0, "x": 86.448578, "y": 105.625618}, "18": {"neighbours": [16, 25, 34, 40, 44, 54, 62, 66, 67, 69, 71, 72, 80, 85, 137, 146, 148, 149], "node_range": 24.0, "x": 31.077614, "y": 129.168545}, "19": {"neighbours": [1, 35, 39, 53, 62, 78, 82, 93, 111, 113, 136, 140, 142], "node_range": 24.0, "x": 52.911451, "y": 89.991798}, "20": {"neighbours": [5, 14, 33, 84, 90, 124, 134, 138, 147], "node_range": 24.0, "x": 7.422068, "y": 91.779429}, "21": {"neighbours": [15, 37, 47, 51, 109, 115], "node_range": 24.0, "x": 84.022925, "y": 40.674589}, "22": {"neighbours": [8, 10, 74, 96, 98, 112, 116, 130, 144], "node_range": 24.0, "x": 117.935235, "y": 78.452804}, "23": {"neighbours": [37, 49, 57, 64, 70, 95, 100, 103, 135], "node_range": 24.0, "x": 65.305035, "y": 21.792812}, "24": {"neighbours": [11, 17, 26, 27, 39, 76, 77, 83, 94, 99, 101, 104, 107, 126, 128, 129, 130, 142, 143], "node_range": 24.0, "x": 91.925013, "y": 105.477924}, "25": {"neighbours": [16, 18, 34, 44, 66, 67, 69, 72, 80, 85, 92, 110, 123, 146, 148, 149], "node_range": 24.0, "x": 25.35752, "y": 146.471031}, "26": {"neighbours": [24, 27, 45, 50, 83, 99, 104, 128, 129, 130, 133, 145], "node_range": 24.0, "x": 113.740521, "y": 111.563903}, "27": {"neighbours": [11, 17, 24, 26, 76, 83, 94, 99, 101, 104, 107, 126, 128, 129, 130, 133, 143], "node_range": 24.0, "x": 97.494568, "y": 104.66787}, "28": {"neighbours": [2, 36, 63, 81, 87, 91, 105, 108, 117, 119, 131], "node_range": 24.0, "x": 129.040788, "y": 31.611665}, "29": {"neighbours": [1, 15, 113, 118, 127], "node_range": 24.0, "x": 60.680496, "y": 62.478088}, "30": {"neighbours": [31, 32, 45, 46, 97, 145], "node_range": 24.0, "x": 142.949464, "y": 127.161838}, "31": {"neighbours": [30, 32, 38, 45, 46, 97], "node_range": 24.0, "x": 134.028119, "y": 143.054258}, "32": {"neighbours": [30, 31, 38, 45, 46, 50, 97, 145], "node_range": 24.0, "x": 131.577847, "y": 141.421187}, "33": {"neighbours": [5, 14, 20, 35, 61, 79, 82, 84, 134, 136, 138, 147], "node_range": 24.0, "x": 25.925622, "y": 84.614162}, "34": {"neighbours": [16, 18, 25, 44, 65, 66, 67, 69, 72, 80, 85, 92, 110, 123, 146, 148, 149], "node_range": 24.0, "x": 13.028455, "y": 141.250169}, "35": {"neighbours": [1, 19, 33, 53, 61, 62, 82, 93, 111, 113, 136, 140, 142], "node_range": 24.0, "x": 48.980212, "y": 88.775333}, "36": {"neighbours": [2, 28, 81, 91, 105, 108, 119], "node_range": 24.0, "x": 140.046316, "y": 28.976032}, "37": {"neighbours": [15, 21, 23, 64, 109, 118, 135], "node_range": 24.0, "x": 75.643527, "y": 43.172288}, "38": {"neighbours": [31, 32, 45, 50, 52, 68, 89, 97, 102, 145], "node_range": 24.0, "x": 113.380626, "y": 140.410698}, "39": {"neighbours": [11, 17, 19, 24, 41, 53, 76, 77, 78, 93, 94, 101, 111, 126, 140, 142, 143], "node_range": 24.0, "x": 69.930513, "y": 100.890269}, "40": {"neighbours": [18, 41, 44, 54, 62, 71, 78, 93, 111, 137, 148], "node_range": 24.0, "x": 44.2858, "y": 117.668714}, "41": {"neighbours": [39, 40, 53, 54, 62, 71, 78, 93, 111, 126, 140, 141], "node_range": 24.0, "x": 59.790539, "y": 119.804067}, "42": {"neighbours": [6, 57, 88, 95, 100, 122, 125, 127, 139], "node_range": 24.0, "x": 34.6158, "y": 30.643477}, "43": {"neighbours": [73, 86, 88, 120, 121, 122], "node_range": 24.0, "x": 16.760761, "y": 8.495943}, "44": {"neighbours": [16, 18, 25, 34, 40, 54, 62, 66, 67, 69, 71, 72, 80, 85, 110, 137, 146, 148, 149], "node_range": 24.0, "x": 27.439366, "y": 126.57215}, "45": {"neighbours": [26, 30, 31, 32, 38, 50, 89, 97, 102, 104, 133, 145], "node_range": 24.0, "x": 121.841306, "y": 126.939459}, "46": {"neighbours": [30, 31, 32, 97], "node_range": 24.0, "x": 147.947602, "y": 132.388858}, "47": {"neighbours": [9, 10, 21, 51, 63, 87, 109, 115, 116, 117], "node_range": 24.0, "x": 101.326752, "y": 44.800743}, "48": {"neighbours": [52, 58, 68, 76, 83, 89, 94, 107, 126, 141], "node_range": 24.0, "x": 84.35078, "y": 130.322232}, "49": {"neighbours": [3, 23, 64, 70, 103, 132], "node_range": 24.0, "x": 77.056174, "y": 4.18986}, "50": {"neighbours": [26, 32, 38, 45, 52, 68, 83, 89, 97, 102, 107, 133, 145], "node_range": 24.0, "x": 109.540211, "y": 133.119655}, "51": {"neighbours": [3, 10, 21, 47, 63, 75, 87, 109, 114, 115, 116, 117], "node_range": 24.0, "x": 103.255864, "y": 38.343794}, "52": {"neighbours": [38, 48, 50, 68, 83, 89, 102, 107, 141], "node_range": 24.0, "x": 97.549364, "y": 134.119715}, "53": {"neighbours": [19, 35, 39, 41, 62, 77, 78, 93, 101, 111, 113, 126, 140, 142, 143], "node_range": 24.0, "x": 62.833344, "y": 96.958647}, "54": {"neighbours": [16, 18, 40, 41, 44, 62, 71, 72, 78, 93, 111, 137, 146, 148], "node_range": 24.0, "x": 39.262998, "y": 117.97824}, "55": {"neighbours": [2, 60, 91, 108], "node_range": 24.0, "x": 149.617429, "y": 5.76706}, "56": {"neighbours": [3, 4, 13, 75, 114, 115, 117, 131, 132], "node_range": 24.0, "x": 105.725643, "y": 14.217836}, "57": {"neighbours": [23, 42, 64, 70, 95, 100, 118, 127, 135, 139], "node_range": 24.0, "x": 55.609101, "y": 27.833507}, "58": {"neighbours": [48, 141], "node_range": 24.0, "x": 68.800256, "y": 142.148578}, "59": {"neighbours": [9, 10, 11, 77, 98, 101, 112, 116, 128], "node_range": 24.0, "x": 93.909623, "y": 76.848699}, "60": {"neighbours": [2, 55, 91, 108], "node_range": 24.0, "x": 149.555758, "y": 1.54556}, "61": {"neighbours": [33, 35, 79, 82, 84, 134, 136, 147], "node_range": 24.0, "x": 27.672923, "y": 78.534472}, "62": {"neighbours": [18, 19, 35, 40, 41, 44, 53, 54, 71, 78, 82, 93, 111, 136, 137, 140], "node_range": 24.0, "x": 43.273081, "y": 108.805058}, "63": {"neighbours": [10, 28, 47, 51, 81, 87, 112, 116], "node_range": 24.0, "x": 118.42074, "y": 49.912755}, "64": {"neighbours": [23, 37, 49, 57, 70, 95, 100, 103, 135], "node_range": 24.0, "x": 66.192689, "y": 21.197277}, "65": {"neighbours": [16, 34, 66, 67, 69, 85, 90, 92, 110, 123, 146, 149], "node_range": 24.0, "x": 1.561134, "y": 137.859348}, "66": {"neighbours": [16, 18, 25, 34, 44, 65, 67, 69, 72, 85, 90, 92, 110, 123, 137, 146, 148, 149], "node_range": 24.0, "x": 16.084037, "y": 127.688777},