{"1": {"neighbours": [3, 12, 14, 16, 24, 45, 51, 64, 90, 118, 128, 130, 145], "node_range": 24.0, "x": 21.401738, "y": 12.872721}, "2": {"neighbours": [54, 55, 68, 114, 133], "node_range": 24.0, "x": 142.263938, "y": 103.496994}, "3": {"neighbours": [1, 12, 14, 16, 45, 64, 80, 90, 128], "node_range": 24.0, "x": 11.332291, "y": 22.998675}, "4": {"neighbours": [17, 48, 50, 71, 101, 104, 109, 141, 147], "node_range": 24.0, "x": 144.046447, "y": 52.233595}, "5": {"neighbours": [18, 29, 30, 38, 39, 42, 60, 61, 70, 80, 98, 99, 112, 115], "node_range": 24.0, "x": 34.222229, "y": 57.968821}, "6": {"neighbours": [81, 85, 113, 140], "node_range": 24.0, "x": 95.736583, "y": 137.217846}, "7": {"neighbours": [19, 31, 41, 53, 59, 72, 74, 81, 92, 100, 132, 134], "node_range": 24.0, "x": 72.341016, "y": 110.978755}, "8": {"neighbours": [33, 40, 47, 54, 55, 68, 69, 84, 85, 106, 117, 129, 140], "node_range": 24.0, "x": 117.973888, "y": 112.773427}, "9": {"neighbours": [27, 49, 65, 77, 88, 124, 142, 149, 150], "node_range": 24.0, "x": 24.497492, "y": 137.861004}, "10": {"neighbours": [32, 79, 93, 97, 120, 139], "node_range": 24.0, "x": 138.785803, "y": 8.332473}, "11": {"neighbours": [15, 22, 23, 26, 31, 34, 46, 92, 94, 105, 108, 136, 138], "node_range": 24.0, "x": 78.985965, "y": 73.384175}, "12": {"neighbours": [1, 3, 14, 18, 24, 25, 30, 39, 80, 89, 90, 98, 121, 128, 145], "node_range": 24.0, "x": 25.888068, "y": 34.27572}, "13": {"neighbours": [15, 31, 35, 46, 69, 72, 84, 106, 117, 126, 132, 134, 148], "node_range": 24.0, "x": 100.830786, "y": 90.81384}, "14": {"neighbours": [1, 3, 12, 16, 45, 64, 80, 90, 121, 128], "node_range": 24.0, "x": 12.807135, "y": 25.729637}, "15": {"neighbours": [11, 13, 22, 26, 31, 35, 46, 69, 72, 84, 92, 106, 108, 126, 134, 137, 138, 148], "node_range": 24.0, "x": 96.664647, "y": 84.351704}, "16": {"neighbours": [1, 3, 14, 45, 64, 128], "node_range": 24.0, "x": 6.894816, "y": 8.587836}, "17": {"neighbours": [4, 32, 50, 63, 120, 139, 141, 147], "node_range": 24.0, "x": 128.341767, "y": 34.154739}, "18": {"neighbours": [5, 12, 28, 29, 44, 60, 80, 82, 99, 121, 143], "node_range": 24.0, "x": 11.982741, "y": 53.500553}, "19": {"neighbours": [7, 21, 41, 66, 67, 92, 94, 100, 115, 116, 131], "node_range": 24.0, "x": 55.132282, "y": 94.261757}, "20": {"neighbours": [36, 37, 43, 78, 91, 95, 102, 103, 107, 110], "node_range": 24.0, "x": 80.488075, "y": 19.383063}, "21": {"neighbours": [19, 41, 42, 66, 67, 92, 94, 100, 115, 116, 131], "node_range": 24.0, "x": 54.004224, "y": 84.215736}, "22": {"neighbours": [11, 15, 23, 26, 31, 34, 46, 92, 94, 105, 108, 138], "node_range": 24.0, "x": 77.590523, "y": 75.572082}, "23": {"neighbours": [11, 22, 26, 34, 38, 70, 76, 94, 105, 112, 115, 138], "node_range": 24.0, "x": 62.875084, "y": 59.853359}, "24": {"neighbours": [1, 12, 25, 30, 51, 52, 57, 89, 90, 98, 118, 128, 130, 145], "node_range": 24.0, "x": 42.782197, "y": 20.934768}, "25": {"neighbours": [12, 24, 30, 39, 57, 89, 90, 91, 98, 128, 145], "node_range": 24.0, "x": 48.168752, "y": 26.537548}, "26": {"neighbours": [11, 15, 22, 23, 31, 34, 46, 92, 94, 105, 108, 136, 138], "node_range": 24.0, "x": 80.109502, "y": 74.778492}, "27": {"neighbours": [9, 49, 77, 88, 122, 124, 142, 149], "node_range": 24.0, "x": 9.887758, "y": 146.533831}, "28": {"neighbours": [18, 29, 44, 58, 60, 61, 73, 111, 143], "node_range": 24.0, "x": 12.598658, "y": 77.116912}, "29": {"neighbours": [5, 18, 28, 38, 39, 42, 44, 60, 61, 70, 80, 99, 112, 115, 121, 143], "node_range": 24.0, "x": 27.925638, "y": 61.88482}, "30": {"neighbours": [5, 12, 24, 25, 38, 39, 57, 70, 89, 91, 98, 112], "node_range": 24.0, "x": 46.936442, "y": 38.963883}, "31": {"neighbours": [7, 11, 13, 15, 22, 26, 46, 53, 69, 72, 84, 92, 126, 132, 134], "node_range": 24.0, "x": 88.008236, "y": 95.159908}, "32": {"neighbours": [10, 17, 50, 63, 79, 93, 97, 120, 139, 141, 147], "node_range": 24.0, "x": 132.737266, "y": 29.077715}, "33": {"neighbours": [8, 47, 68, 83, 85, 86, 87, 119, 129, 133, 140], "node_range": 24.0, "x": 130.779794, "y": 128.819986}, "34": {"neighbours": [11, 22, 23, 26, 38, 70, 76, 94, 105, 112, 115, 138], "node_range": 24.0, "x": 63.61313, "y": 59.028643}, "35": {"neighbours": [13, 15, 46, 48, 55, 56, 71, 75, 101, 104, 106, 114, 125, 126, 127, 137, 146, 148], "node_range": 24.0, "x": 115.004183, "y": 78.725633}, "36": {"neighbours": [20, 43, 52], "node_range": 24.0, "x": 76.643872, "y": 3.532158}, "37": {"neighbours": [20, 76, 78, 91, 95, 102, 103, 105, 107, 110, 123], "node_range": 24.0, "x": 77.978766, "y": 39.442127}, "38": {"neighbours": [5, 23, 29, 30, 34, 39, 42, 60, 70, 89, 98, 99, 105, 112, 115], "node_range": 24.0, "x": 48.073177, "y": 54.195746}, "39": {"neighbours": [5, 12, 25, 29, 30, 38, 57, 60, 70, 80, 89, 98, 99, 112], "node_range": 24.0, "x": 40.084931, "y": 45.709231}, "40": {"neighbours": [8, 47, 69, 84, 85, 106, 113, 117, 129, 132, 140], "node_range": 24.0, "x": 111.632031, "y": 112.849747}, "41": {"neighbours": [7, 19, 21, 66, 67, 92, 94, 100, 116, 131], "node_range": 24.0, "x": 57.035986, "y": 98.765064}, "42": {"neighbours": [5, 21, 29, 38, 60, 61, 66, 99, 111, 115, 116], "node_range": 24.0, "x": 36.500269, "y": 73.435593}, "43": {"neighbours": [20, 36, 78, 102, 103, 107], "node_range": 24.0, "x": 95.662652, "y": 11.071045}, "44": {"neighbours": [18, 28, 29, 58, 60, 61, 73, 82, 99, 111, 143], "node_range": 24.0, "x": 12.262619, "y": 73.509327}, "45": {"neighbours": [1, 3, 14, 16, 64, 90, 118, 128, 145], "node_range": 24.0, "x": 16.992912, "y": 11.923908}, "46": {"neighbours": [11, 13, 15, 22, 26, 31, 35, 69, 72, 84, 92, 106, 108, 126, 132, 134, 148], "node_range": 24.0, "x": 96.317622, "y": 87.631517}, "47": {"neighbours": [8, 33, 40, 54, 55, 68, 69, 85, 106, 117, 129, 140], "node_range": 24.0, "x": 118.83465, "y": 115.525418}, "48": {"neighbours": [4, 35, 56, 71, 75, 101, 104, 109, 114, 125, 127, 135, 137, 146], "node_range": 24.0, "x": 131.204197, "y": 62.784201}, "49": {"neighbours": [9, 27, 62, 77, 88, 149, 150], "node_range": 24.0, "x": 33.222429, "y": 146.966817}, "50": {"neighbours": [4, 17, 32, 63, 79, 93, 120, 139, 141, 147], "node_range": 24.0, "x": 136.936474, "y": 33.177931}, "51": {"neighbours": [1, 24, 52, 90, 118, 128, 130, 145], "node_range": 24.0, "x": 40.544849, "y": 2.785795}, "52": {"neighbours": [24, 36, 51, 130], "node_range": 24.0, "x": 56.052823, "y": 3.850202}, "53": {"neighbours": [7, 31, 69, 72, 81, 84, 113, 126, 132, 134], "node_range": 24.0, "x": 86.438901, "y": 111.710642}, "54": {"neighbours": [2, 8, 47, 55, 68, 114, 117], "node_range": 24.0, "x": 138.243382, "y": 102.947698}, "55": {"neighbours": [2, 8, 35, 47, 54, 75, 106, 114, 117, 135, 148], "node_range": 24.0, "x": 131.000506, "y": 95.327161}, "56": {"neighbours": [35, 48, 63, 71, 75, 101, 104, 125, 127, 136, 137, 146, 147], "node_range": 24.0, "x": 116.173968, "y": 55.016947}, "57": {"neighbours": [24, 25, 30, 39, 70, 76, 89, 91, 98, 112, 145], "node_range": 24.0, "x": 54.165815, "y": 30.199145}, "58": {"neighbours": [28, 44, 73, 111, 144], "node_range": 24.0, "x": 1.228496, "y": 90.881321}, "59": {"neighbours": [7, 62, 67, 74, 96, 150], "node_range": 24.0, "x": 56.987575, "y": 122.825413}, "60": {"neighbours": [5, 18, 28, 29, 38, 39, 42, 44, 61, 66, 70, 99, 112, 115], "node_range": 24.0, "x": 28.794512, "y": 64.464191}, "61": {"neighbours": [5, 28, 29, 42, 44, 60, 66, 99, 111, 115, 116, 131], "node_range": 24.0, "x": 30.510323, "y": 78.485589}, "62": {"neighbours": [49, 59, 65, 74, 96, 150], "node_range": 24.0, "x": 48.323057, "y": 131.307177}, "63": {"neighbours": [17, 32, 50, 56, 97, 120, 139, 141, 147], "node_range": 24.0, "x": 121.915681, "y": 32.058266}, "64": {"neighbours": [1, 3, 14, 16, 45, 128], "node_range": 24.0, "x": 5.267226, "y": 13.937482}, "65": {"neighbours": [9, 62, 67, 88, 131, 142, 144, 149], "node_range": 24.0, "x": 30.571997, "y": 115.73824}, "66": {"neighbours": [19, 21, 41, 42, 60, 61, 67, 94, 100, 111, 115, 116, 131], "node_range": 24.0, "x": 41.113865,