{"1": {"neighbours": [32, 58, 63, 70, 73, 83, 103, 118, 123, 141], "node_range": 24.0, "x": 75.275819, "y": 88.076804}, "2": {"neighbours": [9, 79, 88, 93, 96, 98, 108, 116, 121], "node_range": 24.0, "x": 122.936221, "y": 15.304785}, "3": {"neighbours": [5, 7, 10, 61, 69, 72, 99, 126, 142, 148], "node_range": 24.0, "x": 7.941096, "y": 124.776232}, "4": {"neighbours": [25, 31, 44, 68, 76, 78, 84, 95, 128, 131, 136], "node_range": 24.0, "x": 34.409457, "y": 56.284464}, "5": {"neighbours": [3, 7, 10, 41, 53, 61, 62, 69, 72, 74, 126, 130], "node_range": 24.0, "x": 27.529914, "y": 122.210747}, "6": {"neighbours": [37, 59, 94, 107, 139, 145], "node_range": 24.0, "x": 112.245717, "y": 148.020907}, "7": {"neighbours": [3, 5, 36, 41, 51, 61, 62, 69, 72, 74, 102, 115, 126, 130, 142], "node_range": 24.0, "x": 28.590428, "y": 117.014485}, "8": {"neighbours": [15, 21, 43, 68, 84, 129, 136], "node_range": 24.0, "x": 9.299044, "y": 73.31968}, "9": {"neighbours": [2, 14, 18, 33, 40, 42, 48, 52, 96, 98, 109, 114, 121, 122, 125, 135], "node_range": 24.0, "x": 119.789527, "y": 39.028078}, "10": {"neighbours": [3, 5, 69, 72, 99, 126, 148], "node_range": 24.0, "x": 14.328384, "y": 140.12293}, "11": {"neighbours": [22, 29, 55, 132], "node_range": 24.0, "x": 144.679191, "y": 100.379207}, "12": {"neighbours": [24, 56, 64, 111, 134, 147, 149], "node_range": 24.0, "x": 48.639858, "y": 20.995521}, "13": {"neighbours": [27, 38, 39, 87, 111, 119, 133, 134, 138, 149], "node_range": 24.0, "x": 72.756016, "y": 29.952655}, "14": {"neighbours": [9, 33, 45, 87, 96, 98, 109, 114, 119, 121, 122, 125], "node_range": 24.0, "x": 97.34495, "y": 38.118464}, "15": {"neighbours": [8, 21, 36, 43, 61, 75, 84, 90, 102, 129, 142], "node_range": 24.0, "x": 14.436343, "y": 91.426777}, "16": {"neighbours": [56, 64, 77, 144, 147], "node_range": 24.0, "x": 25.783468, "y": 8.62205}, "17": {"neighbours": [20, 34, 60, 63, 81, 85, 89, 103, 124, 140, 150], "node_range": 24.0, "x": 96.368808, "y": 119.532544}, "18": {"neighbours": [9, 40, 42, 48, 49, 52, 96, 98, 109, 114, 121, 122, 125, 135], "node_range": 24.0, "x": 121.405972, "y": 46.823531}, "19": {"neighbours": [35, 37, 46, 50, 94, 107], "node_range": 24.0, "x": 142.360167, "y": 138.382633}, "20": {"neighbours": [17, 22, 34, 50, 59, 107], "node_range": 24.0, "x": 119.738728, "y": 118.482304}, "21": {"neighbours": [8, 15, 43, 61, 90, 102, 129, 142], "node_range": 24.0, "x": 5.647322, "y": 96.307183}, "22": {"neighbours": [11, 20, 29, 34, 55, 132], "node_range": 24.0, "x": 129.954313, "y": 107.789993}, "23": {"neighbours": [25, 31, 38, 57, 66, 78, 83, 113, 119, 123, 128, 131, 133], "node_range": 24.0, "x": 62.810436, "y": 54.629157}, "24": {"neighbours": [12, 39, 56, 71, 111, 134, 149], "node_range": 24.0, "x": 56.737931, "y": 7.446831}, "25": {"neighbours": [4, 23, 31, 32, 57, 68, 76, 78, 95, 104, 106, 113, 123, 128, 131, 141], "node_range": 24.0, "x": 50.244995, "y": 67.980388}, "26": {"neighbours": [27, 39, 71, 79, 93, 108, 112, 116, 138], "node_range": 24.0, "x": 95.038291, "y": 2.935815}, "27": {"neighbours": [13, 26, 33, 39, 71, 87, 93, 111, 112, 138, 149], "node_range": 24.0, "x": 83.09703, "y": 15.988129}, "28": {"neighbours": [29, 40, 42, 49, 54, 55, 80, 86, 91, 97, 109, 122, 132, 135, 146], "node_range": 24.0, "x": 111.615899, "y": 73.889362}, "29": {"neighbours": [11, 22, 28, 49, 55, 86, 91, 97, 132, 146], "node_range": 24.0, "x": 127.969859, "y": 90.402201}, "30": {"neighbours": [53, 60, 67, 110, 120, 127, 137], "node_range": 24.0, "x": 62.623666, "y": 147.256761}, "31": {"neighbours": [4, 23, 25, 32, 57, 68, 76, 78, 95, 104, 106, 113, 123, 128, 131, 141], "node_range": 24.0, "x": 45.877436, "y": 65.561707}, "32": {"neighbours": [1, 25, 31, 57, 70, 78, 82, 92, 104, 106, 123, 128, 131, 141], "node_range": 24.0, "x": 57.134379, "y": 78.385542}, "33": {"neighbours": [9, 14, 27, 79, 87, 93, 96, 98, 114, 121, 125, 138], "node_range": 24.0, "x": 100.731159, "y": 28.129648}, "34": {"neighbours": [17, 20, 22, 59, 63, 140, 150], "node_range": 24.0, "x": 113.35296, "y": 114.194652}, "35": {"neighbours": [19, 37, 46, 50, 94, 107], "node_range": 24.0, "x": 147.554855, "y": 146.073363}, "36": {"neighbours": [7, 15, 43, 51, 62, 75, 82, 84, 92, 102, 106, 130, 141], "node_range": 24.0, "x": 33.565721, "y": 96.707777}, "37": {"neighbours": [6, 19, 35, 50, 59, 94, 107], "node_range": 24.0, "x": 127.508935, "y": 147.41975}, "38": {"neighbours": [13, 23, 57, 66, 78, 113, 119, 123, 128, 133, 134], "node_range": 24.0, "x": 63.321979, "y": 45.91114}, "39": {"neighbours": [13, 24, 26, 27, 71, 87, 111, 112, 134, 138, 149], "node_range": 24.0, "x": 77.871796, "y": 16.929674}, "40": {"neighbours": [9, 18, 28, 42, 48, 49, 52, 86, 97, 101, 109, 122, 135, 143], "node_range": 24.0, "x": 128.432685, "y": 56.807501}, "41": {"neighbours": [5, 7, 51, 53, 62, 67, 69, 72, 74, 115, 127, 130], "node_range": 24.0, "x": 39.198633, "y": 120.751243}, "42": {"neighbours": [9, 18, 28, 40, 48, 49, 86, 96, 97, 109, 114, 121, 122, 125, 135], "node_range": 24.0, "x": 116.480765, "y": 53.46442}, "43": {"neighbours": [8, 15, 21, 36, 51, 61, 75, 84, 90, 102, 106, 129, 130, 142], "node_range": 24.0, "x": 19.34206, "y": 93.25379}, "44": {"neighbours": [4, 64, 95, 136, 144, 147], "node_range": 24.0, "x": 30.075958, "y": 37.309076}, "45": {"neighbours": [14, 54, 65, 66, 80, 83, 109, 119, 122, 125], "node_range": 24.0, "x": 91.75595, "y": 56.222626}, "46": {"neighbours": [19, 35, 50, 94, 107], "node_range": 24.0, "x": 147.517533, "y": 132.391806}, "47": {"neighbours": [53, 60, 62, 67, 70, 73, 74, 85, 89, 110, 115, 120, 127, 137], "node_range": 24.0, "x": 64.538647, "y": 122.792189}, "48": {"neighbours": [9, 18, 40, 42, 49, 52, 101, 135, 143], "node_range": 24.0, "x": 139.000657, "y": 48.46302}, "49": {"neighbours": [18, 28, 29, 40, 42, 48, 52, 55, 86, 97, 101, 135, 143], "node_range": 24.0, "x": 131.300616, "y": 66.781799}, "50": {"neighbours": [19, 20, 35, 37, 46, 59, 94, 107], "node_range": 24.0, "x": 135.038164, "y": 136.799739}, "51": {"neighbours": [7, 36, 41, 43, 62, 70, 75, 82, 92, 102, 106, 115, 130, 141], "node_range": 24.0, "x": 39.356049, "y": 100.881613}, "52": {"neighbours": [9, 18, 40, 48, 49, 101, 135, 143], "node_range": 24.0, "x": 139.82392, "y": 46.767625}, "53": {"neighbours": [5, 30, 41, 47, 62, 67, 69, 72, 74, 115, 127], "node_range": 24.0, "x": 46.527442, "y": 135.630079}, "54": {"neighbours": [28, 45, 63, 65, 80, 83, 91, 97, 118, 122, 146], "node_range": 24.0, "x": 96.994568, "y": 77.711625}, "55": {"neighbours": [11, 22, 28, 29, 49, 86, 91, 97, 132, 146], "node_range": 24.0, "x": 125.909831, "y": 89.476537}, "56": {"neighbours": [12, 16, 24, 64, 111, 134, 149], "node_range": 24.0, "x": 48.033879, "y": 7.629296}, "57": {"neighbours": [23, 25, 31, 32, 38, 65, 66, 78, 80, 83, 104, 113, 119, 123, 128, 131, 133], "node_range": 24.0, "x": 68.679615, "y": 64.436103}, "58": {"neighbours": [1, 63, 70, 73, 85, 103, 118, 140, 150], "node_range": 24.0, "x": 83.263065, "y": 99.158445}, "59": {"neighbours": [6, 20, 34, 37, 50, 94, 107, 124, 139], "node_range": 24.0, "x": 113.986155, "y": 137.373235}, "60": {"neighbours": [17, 30, 47, 81, 89, 110, 120, 124, 137, 139, 145], "node_range": 24.0, "x": 82.690426, "y": 136.710953}, "61": {"neighbours": [3, 5, 7, 15, 21, 43, 69, 90, 102, 126, 129, 142], "node_range": 24.0, "x": 9.318106, "y": 113.871866}, "62": {"neighbours": [5, 7, 36, 41, 47, 51, 53, 67, 70, 73, 74, 82, 92, 115, 127, 130], "node_range": 24.0, "x": 49.444545, "y": 114.464951}, "63": {"neighbours": [1, 17, 34, 54, 58, 91, 103, 118, 140, 146, 150], "node_range": 24.0, "x": 97.517795, "y": 96.753255}, "64": {"neighbours": [12, 16, 44, 56, 144, 147], "node_range": 24.0, "x": 31.336758, "y": 22.605769}, "65": {"neighbours": [45, 54, 57, 66, 80, 83, 109, 119, 122, 125], "node_range": 24.0, "x": 89.933713, "y": 61.571161}, "66": {"neighbours": [23, 38, 45, 57, 65, 80, 83, 113, 119, 123, 125, 133], "node_range": 24.0, "x": 78.27141, "y": 58.681713},