{"1": {"neighbours": [84, 137, 141], "node_range": 16.0, "x": 167.353091, "y": 5.97429}, "2": {"neighbours": [68, 114, 163, 164, 188, 195], "node_range": 16.0, "x": 152.746215, "y": 72.311822}, "3": {"neighbours": [50, 67, 136], "node_range": 16.0, "x": 83.797753, "y": 45.964594}, "4": {"neighbours": [158, 171, 199], "node_range": 16.0, "x": 9.324495, "y": 65.088958}, "5": {"neighbours": [72, 161], "node_range": 16.0, "x": 5.995944, "y": 9.544257}, "6": {"neighbours": [43, 80, 106, 110], "node_range": 16.0, "x": 56.463335, "y": 101.466949}, "7": {"neighbours": [31, 73, 98, 127, 130], "node_range": 16.0, "x": 115.148367, "y": 78.181659}, "8": {"neighbours": [14, 19, 72, 119, 200], "node_range": 16.0, "x": 25.448994, "y": 7.458146}, "9": {"neighbours": [13, 22, 109, 120, 159, 196], "node_range": 16.0, "x": 28.712521, "y": 153.221923}, "10": {"neighbours": [33, 39, 175, 179], "node_range": 16.0, "x": 75.039213, "y": 154.203284}, "11": {"neighbours": [111], "node_range": 16.0, "x": 74.63209, "y": 115.033035}, "12": {"neighbours": [173], "node_range": 16.0, "x": 79.488301, "y": 3.310079}, "13": {"neighbours": [9, 22, 109, 120, 193, 196], "node_range": 16.0, "x": 34.654557, "y": 159.271222}, "14": {"neighbours": [8, 19, 72, 119, 200], "node_range": 16.0, "x": 25.737631, "y": 9.916654}, "15": {"neighbours": [23, 65, 107, 116], "node_range": 16.0, "x": 188.975634, "y": 186.095244}, "16": {"neighbours": [35, 86, 126, 144, 167], "node_range": 16.0, "x": 111.935437, "y": 147.345788}, "17": {"neighbours": [34, 171], "node_range": 16.0, "x": 12.594657, "y": 38.596794}, "18": {"neighbours": [25, 149, 158, 176], "node_range": 16.0, "x": 10.360772, "y": 83.108854}, "19": {"neighbours": [8, 14, 119, 168, 200], "node_range": 16.0, "x": 38.043982, "y": 5.082382}, "20": {"neighbours": [100, 134, 178], "node_range": 16.0, "x": 39.980237, "y": 77.248649}, "21": {"neighbours": [42, 68, 138, 145, 188], "node_range": 16.0, "x": 175.566722, "y": 75.725631}, "22": {"neighbours": [9, 13, 120, 185], "node_range": 16.0, "x": 36.217027, "y": 154.424563}, "23": {"neighbours": [15, 65, 107, 116], "node_range": 16.0, "x": 190.019941, "y": 192.531262}, "24": {"neighbours": [30, 49, 76, 94, 103], "node_range": 16.0, "x": 98.840779, "y": 101.853321}, "25": {"neighbours": [18, 149, 176, 177], "node_range": 16.0, "x": 12.620067, "y": 95.729866}, "26": {"neighbours": [55, 64, 75, 91], "node_range": 16.0, "x": 34.957689, "y": 194.303832}, "27": {"neighbours": [118, 123], "node_range": 16.0, "x": 178.069121, "y": 136.309724}, "28": {"neighbours": [38, 84, 141, 156], "node_range": 16.0, "x": 176.270748, "y": 20.798221}, "29": {"neighbours": [99, 105, 187], "node_range": 16.0, "x": 164.886083, "y": 102.653395}, "30": {"neighbours": [24, 47, 49, 76, 82, 140, 174], "node_range": 16.0, "x": 86.647378, "y": 95.793174}, "31": {"neighbours": [7, 98, 124, 127, 130, 140], "node_range": 16.0, "x": 106.8846, "y": 75.953391}, "32": {"neighbours": [53, 119, 125], "node_range": 16.0, "x": 29.988199, "y": 26.919279}, "33": {"neighbours": [10, 39, 175, 179], "node_range": 16.0, "x": 70.636561, "y": 159.437912}, "34": {"neighbours": [17, 171, 199], "node_range": 16.0, "x": 2.336026, "y": 43.378166}, "35": {"neighbours": [16, 59, 86, 126, 129, 144, 155, 167], "node_range": 16.0, "x": 102.899964, "y": 151.479536}, "36": {"neighbours": [47, 66, 82, 96, 140, 154, 157], "node_range": 16.0, "x": 81.102242, "y": 75.406071}, "37": {"neighbours": [40, 44], "node_range": 16.0, "x": 130.816819, "y": 133.413749}, "38": {"neighbours": [28, 156], "node_range": 16.0, "x": 187.660532, "y": 25.387213}, "39": {"neighbours": [10, 33, 175, 179, 183], "node_range": 16.0, "x": 76.085269, "y": 151.171307}, "40": {"neighbours": [37, 166], "node_range": 16.0, "x": 136.943354, "y": 128.861955}, "41": {"neighbours": [74], "node_range": 16.0, "x": 165.855888, "y": 123.846577}, "42": {"neighbours": [21, 68, 138, 145, 188], "node_range": 16.0, "x": 175.028996, "y": 74.857585}, "43": {"neighbours": [6, 100, 106, 151, 157, 178], "node_range": 16.0, "x": 57.230425, "y": 90.114113}, "44": {"neighbours": [37, 160], "node_range": 16.0, "x": 132.292195, "y": 149.12198}, "45": {"neighbours": [177, 191, 192], "node_range": 16.0, "x": 1.101126, "y": 122.432932}, "46": {"neighbours": [195], "node_range": 16.0, "x": 160.139619, "y": 56.422082}, "47": {"neighbours": [30, 36, 124, 140, 154], "node_range": 16.0, "x": 91.238756, "y": 81.146519}, "48": {"neighbours": [83, 95, 103, 143], "node_range": 16.0, "x": 91.907815, "y": 125.943211}, "49": {"neighbours": [24, 30, 76, 127, 130, 140], "node_range": 16.0, "x": 102.532658, "y": 94.925484}, "50": {"neighbours": [3, 85, 96, 124], "node_range": 16.0, "x": 86.70867, "y": 58.716721}, "51": {"neighbours": [87, 92, 129, 148], "node_range": 16.0, "x": 102.332017, "y": 179.497716}, "52": {"neighbours": [117, 132], "node_range": 16.0, "x": 65.35453, "y": 178.471631}, "53": {"neighbours": [32, 125, 165], "node_range": 16.0, "x": 29.246523, "y": 33.986244}, "54": {"neighbours": [134, 139], "node_range": 16.0, "x": 24.393585, "y": 72.571693}, "55": {"neighbours": [26, 64, 75, 91, 193, 198], "node_range": 16.0, "x": 26.215804, "y": 187.571132}, "56": {"neighbours": [81, 94, 115, 152], "node_range": 16.0, "x": 121.890793, "y": 108.960007}, "57": {"neighbours": [89, 186], "node_range": 16.0, "x": 27.329099, "y": 118.697265}, "58": {"neighbours": [61, 62, 136], "node_range": 16.0, "x": 66.803245, "y": 35.827928}, "59": {"neighbours": [35, 86, 126, 129], "node_range": 16.0, "x": 108.161201, "y": 163.79464}, "60": {"neighbours": [123, 182], "node_range": 16.0, "x": 196.857077, "y": 153.677105}, "61": {"neighbours": [58, 62, 189], "node_range": 16.0, "x": 52.014019, "y": 39.094323}, "62": {"neighbours": [58, 61, 136], "node_range": 16.0, "x": 65.379584, "y": 41.116678}, "63": {"neighbours": [120, 147, 179, 185], "node_range": 16.0, "x": 51.989844, "y": 151.411367}, "64": {"neighbours": [26, 55, 75, 91, 193], "node_range": 16.0, "x": 37.36056, "y": 181.319811}, "65": {"neighbours": [15, 23, 107, 116, 194], "node_range": 16.0, "x": 184.325846, "y": 183.474484}, "66": {"neighbours": [36, 82, 151, 154, 157], "node_range": 16.0, "x": 72.045479, "y": 75.953973}, "67": {"neighbours": [3, 136], "node_range": 16.0, "x": 90.818689, "y": 33.764776}, "68": {"neighbours": [2, 21, 42, 99, 163, 164, 188], "node_range": 16.0, "x": 167.513772, "y": 77.905405}, "69": {"neighbours": [97], "node_range": 16.0, "x": 140.145274, "y": 21.502514}, "70": {"neighbours": [128, 147], "node_range": 16.0, "x": 56.312643, "y": 132.924755}, "71": {"neighbours": [113, 156, 190], "node_range": 16.0, "x": 188.659443, "y": 43.384359}, "72": {"neighbours": [5, 8, 14, 161, 200], "node_range": 16.0, "x": 15.600892, "y": 12.777563}, "73": {"neighbours": [7, 98, 127, 133], "node_range": 16.0, "x": 126.685145, "y": 80.290412}, "74": {"neighbours": [41], "node_range": 16.0, "x": 161.026246, "y": 124.127313}, "75": {"neighbours": [26, 55, 64, 91], "node_range": 16.0, "x": 38.342753, "y": 196.858478}, "76": {"neighbours": [24, 30, 49, 94, 130], "node_range": 16.0, "x": 101.705178, "y": 97.058993}, "77": {"neighbours": [80, 110, 178], "node_range": 16.0, "x": 39.684293, "y": 100.44785}, "78": {"neighbours": [108, 135], "node_range": 16.0, "x": 164.621449, "y": 156.791207}, "79": {"neighbours": [173], "node_range": 16.0, "x": 78.307184, "y": 19.354204}, "80": {"neighbours": [6, 77, 110], "node_range": 16.0, "x": 43.123836, "y": 108.093692}, "81": {"neighbours": [56, 115, 152, 166], "node_range": 16.0, "x": 130.020162, "y": 113.192272}, "82": {"neighbours": [30, 36, 66, 151, 154, 157, 174], "node_range": 16.0, "x": 74.744159, "y": 87.178101}, "83": {"neighbours": [48, 128, 183], "node_range": 16.0, "x": 81.091384, "y": 132.517191}, "84": {"neighbours": [1, 28, 137, 141], "node_range": 16.0, "x": 171.591179, "y": 9.728134}, "85": {"neighbours": [50, 124], "node_range": 16.0, "x": 100.993492, "y": 56.871484}, "86": {"neighbours": [16, 35, 59, 144, 155, 167],