{"1": {"neighbours": [48, 123, 182], "node_range": 16.0, "x": 152.744599, "y": 21.975665}, "2": {"neighbours": [3, 16, 48, 136, 149, 161], "node_range": 16.0, "x": 169.727169, "y": 16.948128}, "3": {"neighbours": [2, 8, 16, 29, 50, 136, 161], "node_range": 16.0, "x": 173.891221, "y": 8.416409}, "4": {"neighbours": [52, 72, 144, 177], "node_range": 16.0, "x": 68.215453, "y": 36.865684}, "5": {"neighbours": [105, 110, 158], "node_range": 16.0, "x": 39.345954, "y": 52.215277}, "6": {"neighbours": [28, 51, 54, 173], "node_range": 16.0, "x": 23.681811, "y": 151.748544}, "7": {"neighbours": [24, 126, 133], "node_range": 16.0, "x": 53.280036, "y": 96.439591}, "8": {"neighbours": [3, 16, 29, 69, 136, 161], "node_range": 16.0, "x": 183.517217, "y": 6.434085}, "9": {"neighbours": [45, 73, 77, 81, 89, 116, 155], "node_range": 16.0, "x": 129.038622, "y": 135.926776}, "10": {"neighbours": [174], "node_range": 16.0, "x": 12.997895, "y": 13.637419}, "11": {"neighbours": [21, 104, 131, 165], "node_range": 16.0, "x": 122.796501, "y": 39.215616}, "12": {"neighbours": [125, 137], "node_range": 16.0, "x": 23.890026, "y": 96.709336}, "13": {"neighbours": [183], "node_range": 16.0, "x": 108.880302, "y": 122.91244}, "14": {"neighbours": [21, 102, 113, 168], "node_range": 16.0, "x": 99.278258, "y": 36.236372}, "15": {"neighbours": [143], "node_range": 16.0, "x": 194.456514, "y": 199.365068}, "16": {"neighbours": [2, 3, 8, 29, 69, 136, 161], "node_range": 16.0, "x": 180.1905, "y": 12.117435}, "17": {"neighbours": [51, 54], "node_range": 16.0, "x": 1.83421, "y": 146.161968}, "18": {"neighbours": [101], "node_range": 16.0, "x": 95.981475, "y": 109.811542}, "19": {"neighbours": [87, 99, 119], "node_range": 16.0, "x": 197.04152, "y": 97.410784}, "20": {"neighbours": [34, 105, 139, 151, 180], "node_range": 16.0, "x": 56.48628, "y": 58.137839}, "21": {"neighbours": [11, 14, 102], "node_range": 16.0, "x": 110.367292, "y": 47.722868}, "22": {"neighbours": [23, 33, 90, 141, 164, 178], "node_range": 16.0, "x": 67.348078, "y": 176.380717}, "23": {"neighbours": [22, 33, 90, 141, 152, 164, 178], "node_range": 16.0, "x": 61.502775, "y": 177.607239}, "24": {"neighbours": [7, 126, 135, 159], "node_range": 16.0, "x": 41.696632, "y": 95.151776}, "25": {"neighbours": [59, 63, 147, 163, 176, 179], "node_range": 16.0, "x": 99.880396, "y": 189.28201}, "26": {"neighbours": [51, 83, 173], "node_range": 16.0, "x": 8.045103, "y": 129.743248}, "27": {"neighbours": [32, 71, 74, 118, 121, 185], "node_range": 16.0, "x": 162.358281, "y": 157.960748}, "28": {"neighbours": [6], "node_range": 16.0, "x": 28.525525, "y": 166.063093}, "29": {"neighbours": [3, 8, 16, 69], "node_range": 16.0, "x": 178.408077, "y": 0.515081}, "30": {"neighbours": [111, 189], "node_range": 16.0, "x": 87.122418, "y": 134.256799}, "31": {"neighbours": [109, 119], "node_range": 16.0, "x": 183.512944, "y": 86.057091}, "32": {"neighbours": [27, 64, 71, 185, 199], "node_range": 16.0, "x": 173.745012, "y": 147.863992}, "33": {"neighbours": [22, 23, 84, 164, 179], "node_range": 16.0, "x": 75.510825, "y": 170.203821}, "34": {"neighbours": [20, 105, 151, 180], "node_range": 16.0, "x": 54.635719, "y": 57.421255}, "35": {"neighbours": [61, 118, 150], "node_range": 16.0, "x": 178.937494, "y": 176.090527}, "36": {"neighbours": [39, 171, 172, 173], "node_range": 16.0, "x": 30.388193, "y": 130.91124}, "37": {"neighbours": [41, 124], "node_range": 16.0, "x": 198.73187, "y": 29.313787}, "38": {"neighbours": [43, 182, 187], "node_range": 16.0, "x": 135.044447, "y": 10.283148}, "39": {"neighbours": [36, 172], "node_range": 16.0, "x": 38.030082, "y": 143.608966}, "40": {"neighbours": [154], "node_range": 16.0, "x": 142.565824, "y": 183.833917}, "41": {"neighbours": [37, 124], "node_range": 16.0, "x": 193.13074, "y": 25.003556}, "42": {"neighbours": [117, 131, 165, 194], "node_range": 16.0, "x": 115.66508, "y": 24.88854}, "43": {"neighbours": [38, 50, 123, 182, 187], "node_range": 16.0, "x": 144.939834, "y": 7.88073}, "44": {"neighbours": [191, 192], "node_range": 16.0, "x": 5.613332, "y": 182.733606}, "45": {"neighbours": [9, 73, 77, 81, 89, 116, 155, 197, 200], "node_range": 16.0, "x": 135.689223, "y": 141.047487}, "46": {"neighbours": [88, 115, 140], "node_range": 16.0, "x": 159.392303, "y": 102.667124}, "47": {"neighbours": [91, 152], "node_range": 16.0, "x": 47.348682, "y": 157.34806}, "48": {"neighbours": [1, 2, 123, 136, 149, 161], "node_range": 16.0, "x": 165.996071, "y": 24.820688}, "49": {"neighbours": [149], "node_range": 16.0, "x": 157.971063, "y": 41.865338}, "50": {"neighbours": [3, 43, 182, 187], "node_range": 16.0, "x": 158.897412, "y": 3.798278}, "51": {"neighbours": [6, 17, 26, 54, 83, 171, 173], "node_range": 16.0, "x": 16.605697, "y": 140.61937}, "52": {"neighbours": [4, 100, 108, 144, 177, 193], "node_range": 16.0, "x": 71.547572, "y": 25.91671}, "53": {"neighbours": [127], "node_range": 16.0, "x": 127.163966, "y": 197.214945}, "54": {"neighbours": [6, 17, 51, 173], "node_range": 16.0, "x": 15.203275, "y": 154.053912}, "55": {"neighbours": [90, 91, 128, 141, 178], "node_range": 16.0, "x": 43.33983, "y": 180.884074}, "56": {"neighbours": [85, 188], "node_range": 16.0, "x": 31.239566, "y": 37.218546}, "57": {"neighbours": [122, 193], "node_range": 16.0, "x": 76.946653, "y": 4.787924}, "58": {"neighbours": [67, 68, 134, 139, 180, 190], "node_range": 16.0, "x": 70.62915, "y": 70.484089}, "59": {"neighbours": [25, 63, 145, 147, 179], "node_range": 16.0, "x": 91.455786, "y": 181.445944}, "60": {"neighbours": [64, 199], "node_range": 16.0, "x": 173.587217, "y": 130.404531}, "61": {"neighbours": [35, 98, 112], "node_range": 16.0, "x": 176.612891, "y": 190.735322}, "62": {"neighbours": [82], "node_range": 16.0, "x": 85.071544, "y": 54.574607}, "63": {"neighbours": [25, 59, 145, 147, 179], "node_range": 16.0, "x": 90.463275, "y": 182.728632}, "64": {"neighbours": [32, 60, 71, 86, 185, 199], "node_range": 16.0, "x": 179.035577, "y": 142.185649}, "65": {"neighbours": [78, 97, 148, 156], "node_range": 16.0, "x": 182.167019, "y": 52.560816}, "66": {"neighbours": [95, 96, 153], "node_range": 16.0, "x": 118.13714, "y": 88.107849}, "67": {"neighbours": [58, 68, 82, 134, 139, 180, 190], "node_range": 16.0, "x": 73.771316, "y": 68.563093}, "68": {"neighbours": [58, 67, 134, 139, 180, 190], "node_range": 16.0, "x": 65.185406, "y": 72.139773}, "69": {"neighbours": [8, 16, 29], "node_range": 16.0, "x": 188.632486, "y": 1.869388}, "70": {"neighbours": [135, 159], "node_range": 16.0, "x": 36.133936, "y": 73.635063}, "71": {"neighbours": [27, 32, 64, 185], "node_range": 16.0, "x": 174.348288, "y": 150.473118}, "72": {"neighbours": [4, 114, 144, 177], "node_range": 16.0, "x": 57.777392, "y": 36.002691}, "73": {"neighbours": [9, 45, 89, 116, 155, 197], "node_range": 16.0, "x": 124.929134, "y": 146.860712}, "74": {"neighbours": [27, 118, 121], "node_range": 16.0, "x": 158.378973, "y": 161.483681}, "75": {"neighbours": [132, 184], "node_range": 16.0, "x": 158.620273, "y": 65.412588}, "76": {"neighbours": [129, 189, 196], "node_range": 16.0, "x": 97.885039, "y": 153.335482}, "77": {"neighbours": [9, 45, 81, 89, 116, 120, 155], "node_range": 16.0, "x": 132.318283, "y": 130.292393}, "78": {"neighbours": [65], "node_range": 16.0, "x": 186.671746, "y": 45.090221}, "79": {"neighbours": [117, 122, 162, 194], "node_range": 16.0, "x": 97.495924, "y": 7.791631}, "80": {"neighbours": [86, 87], "node_range": 16.0, "x": 191.553561, "y": 124.590492}, "81": {"neighbours": [9, 45, 77, 89, 116, 155], "node_range": 16.0, "x": 128.689545, "y": 131.140361}, "82": {"neighbours": [62, 67], "node_range": 16.0, "x": 81.147386, "y": 57.111986}, "83": {"neighbours": [26, 51, 171, 173], "node_range": 16.0, "x": 10.438492, "y": 126.871112}, "84": {"neighbours": [33, 164, 189, 198], "node_range": 16.0, "x": 76.59148, "y": 160.996423}, "85": {"neighbours": [56], "node_range": 16.0, "x": 35.486964, "y": 24.549249}, "86": {"neighbours": [64, 80], "node_range": 16.0, "x": 190.456582,