{"1": {"neighbours": [65, 167, 188], "node_range": 16.0, "x": 107.191155, "y": 133.111058}, "2": {"neighbours": [22, 95, 184], "node_range": 16.0, "x": 156.796933, "y": 192.53341}, "3": {"neighbours": [19, 52, 90, 103, 114], "node_range": 16.0, "x": 97.775957, "y": 88.707476}, "4": {"neighbours": [5, 18, 66, 86], "node_range": 16.0, "x": 96.019775, "y": 1.693037}, "5": {"neighbours": [4, 18, 66, 86], "node_range": 16.0, "x": 87.563538, "y": 4.597081}, "6": {"neighbours": [24, 138], "node_range": 16.0, "x": 131.706438, "y": 79.803626}, "7": {"neighbours": [23, 54, 113, 137, 178], "node_range": 16.0, "x": 82.601818, "y": 68.118804}, "8": {"neighbours": [27, 41, 139, 161, 171], "node_range": 16.0, "x": 142.917903, "y": 172.896595}, "9": {"neighbours": [11, 20, 74, 97, 150], "node_range": 16.0, "x": 55.520413, "y": 137.269505}, "10": {"neighbours": [19, 34], "node_range": 16.0, "x": 111.339037, "y": 100.472206}, "11": {"neighbours": [9, 150], "node_range": 16.0, "x": 47.168373, "y": 139.44117}, "12": {"neighbours": [29, 119, 134, 186], "node_range": 16.0, "x": 31.932654, "y": 61.850733}, "13": {"neighbours": [16, 28, 107], "node_range": 16.0, "x": 75.900803, "y": 25.768671}, "14": {"neighbours": [113, 117, 137], "node_range": 16.0, "x": 77.446512, "y": 45.510511}, "15": {"neighbours": [44, 111, 149], "node_range": 16.0, "x": 27.695823, "y": 170.651437}, "16": {"neighbours": [13, 28, 107], "node_range": 16.0, "x": 68.004469, "y": 27.592003}, "17": {"neighbours": [59, 78, 199], "node_range": 16.0, "x": 188.212492, "y": 128.30915}, "18": {"neighbours": [4, 5, 66], "node_range": 16.0, "x": 96.647583, "y": 13.555492}, "19": {"neighbours": [3, 10, 138], "node_range": 16.0, "x": 110.304549, "y": 87.036387}, "20": {"neighbours": [9, 74, 97, 198], "node_range": 16.0, "x": 69.602042, "y": 136.830274}, "21": {"neighbours": [23, 29, 152, 174, 175], "node_range": 16.0, "x": 58.431979, "y": 67.083308}, "22": {"neighbours": [2, 161, 184, 196], "node_range": 16.0, "x": 142.151043, "y": 189.358534}, "23": {"neighbours": [7, 21, 152, 174], "node_range": 16.0, "x": 69.856448, "y": 64.75478}, "24": {"neighbours": [6, 129], "node_range": 16.0, "x": 139.001501, "y": 82.876108}, "25": {"neighbours": [72, 79, 85, 99], "node_range": 16.0, "x": 45.925671, "y": 34.766061}, "26": {"neighbours": [72, 119, 134, 135], "node_range": 16.0, "x": 27.16967, "y": 43.320756}, "27": {"neighbours": [8, 41, 139, 161, 171], "node_range": 16.0, "x": 150.336653, "y": 171.384864}, "28": {"neighbours": [13, 16, 107], "node_range": 16.0, "x": 83.760649, "y": 28.931176}, "29": {"neighbours": [12, 21, 175], "node_range": 16.0, "x": 46.549819, "y": 66.357883}, "30": {"neighbours": [33, 40], "node_range": 16.0, "x": 68.013682, "y": 105.159669}, "31": {"neighbours": [76, 194], "node_range": 16.0, "x": 171.498049, "y": 86.393556}, "32": {"neighbours": [143, 162], "node_range": 16.0, "x": 194.425118, "y": 10.556758}, "33": {"neighbours": [30, 42], "node_range": 16.0, "x": 64.606508, "y": 94.503783}, "34": {"neighbours": [10, 75, 89], "node_range": 16.0, "x": 122.325755, "y": 110.3203}, "35": {"neighbours": [48, 84], "node_range": 16.0, "x": 5.284289, "y": 129.987906}, "36": {"neighbours": [110, 183], "node_range": 16.0, "x": 188.791949, "y": 199.015754}, "37": {"neighbours": [49, 57, 62, 128], "node_range": 16.0, "x": 19.527677, "y": 18.218554}, "38": {"neighbours": [55, 60, 115, 147, 168], "node_range": 16.0, "x": 70.967421, "y": 161.134456}, "39": {"neighbours": [44, 61, 87], "node_range": 16.0, "x": 47.276687, "y": 181.349322}, "40": {"neighbours": [30, 170], "node_range": 16.0, "x": 71.601945, "y": 110.430298}, "41": {"neighbours": [8, 27, 95, 139, 181], "node_range": 16.0, "x": 157.68465, "y": 173.817789}, "42": {"neighbours": [33, 152, 174], "node_range": 16.0, "x": 56.954599, "y": 83.544544}, "43": {"neighbours": [172], "node_range": 16.0, "x": 179.065627, "y": 3.344698}, "44": {"neighbours": [15, 39, 61, 111, 149], "node_range": 16.0, "x": 33.614713, "y": 177.93541}, "45": {"neighbours": [88, 159, 165], "node_range": 16.0, "x": 154.830459, "y": 106.322676}, "46": {"neighbours": [142], "node_range": 16.0, "x": 122.023407, "y": 62.817216}, "47": {"neighbours": [105, 123], "node_range": 16.0, "x": 174.161334, "y": 139.771707}, "48": {"neighbours": [35, 153], "node_range": 16.0, "x": 6.618498, "y": 144.208097}, "49": {"neighbours": [37, 57, 68, 135], "node_range": 16.0, "x": 25.756408, "y": 21.079033}, "50": {"neighbours": [76, 88, 194], "node_range": 16.0, "x": 177.07338, "y": 103.651169}, "51": {"neighbours": [73, 83, 106, 121, 169], "node_range": 16.0, "x": 141.868961, "y": 47.036606}, "52": {"neighbours": [3, 114, 178], "node_range": 16.0, "x": 92.846875, "y": 81.30046}, "53": {"neighbours": [136, 177], "node_range": 16.0, "x": 187.278087, "y": 70.104263}, "54": {"neighbours": [7, 113, 137, 178], "node_range": 16.0, "x": 92.495848, "y": 64.778013}, "55": {"neighbours": [38, 60], "node_range": 16.0, "x": 60.952763, "y": 158.911491}, "56": {"neighbours": [57, 63, 68, 85, 132, 190], "node_range": 16.0, "x": 47.370813, "y": 16.251258}, "57": {"neighbours": [37, 49, 56, 68, 132, 154, 190], "node_range": 16.0, "x": 33.800154, "y": 12.9057}, "58": {"neighbours": [98, 112, 141, 181, 183, 192, 195], "node_range": 16.0, "x": 179.608265, "y": 177.5583}, "59": {"neighbours": [17, 105, 199], "node_range": 16.0, "x": 185.480832, "y": 126.706851}, "60": {"neighbours": [38, 55, 81, 91, 115], "node_range": 16.0, "x": 70.36353, "y": 171.627196}, "61": {"neighbours": [39, 44, 111], "node_range": 16.0, "x": 35.868409, "y": 185.672088}, "62": {"neighbours": [37, 80, 128], "node_range": 16.0, "x": 13.334062, "y": 8.99913}, "63": {"neighbours": [56], "node_range": 16.0, "x": 60.348075, "y": 8.623623}, "64": {"neighbours": [101, 112, 123, 141, 195], "node_range": 16.0, "x": 188.995786, "y": 157.62941}, "65": {"neighbours": [1, 167, 188], "node_range": 16.0, "x": 99.817078, "y": 133.92627}, "66": {"neighbours": [4, 5, 18], "node_range": 16.0, "x": 99.352683, "y": 6.317328}, "67": {"neighbours": [160], "node_range": 16.0, "x": 41.032585, "y": 110.782155}, "68": {"neighbours": [49, 56, 57, 132, 154, 190], "node_range": 16.0, "x": 36.037288, "y": 9.029807}, "69": {"neighbours": [96, 118, 149], "node_range": 16.0, "x": 18.447232, "y": 156.129594}, "70": {"neighbours": [84, 120, 187], "node_range": 16.0, "x": 13.400199, "y": 114.895801}, "71": {"neighbours": [173], "node_range": 16.0, "x": 145.272338, "y": 10.277032}, "72": {"neighbours": [25, 26, 85, 119, 135], "node_range": 16.0, "x": 31.387329, "y": 39.836532}, "73": {"neighbours": [51, 83, 106, 121, 169], "node_range": 16.0, "x": 151.351573, "y": 41.968763}, "74": {"neighbours": [9, 20, 97, 198], "node_range": 16.0, "x": 63.581323, "y": 138.688036}, "75": {"neighbours": [34, 89], "node_range": 16.0, "x": 132.596923, "y": 102.690732}, "76": {"neighbours": [31, 50, 136, 194], "node_range": 16.0, "x": 183.722404, "y": 89.496627}, "77": {"neighbours": [106, 122, 173], "node_range": 16.0, "x": 154.381203, "y": 25.625937}, "78": {"neighbours": [17], "node_range": 16.0, "x": 195.918946, "y": 141.608269}, "79": {"neighbours": [25, 99, 175], "node_range": 16.0, "x": 55.347551, "y": 41.115749}, "80": {"neighbours": [62, 128], "node_range": 16.0, "x": 4.872992, "y": 3.419349}, "81": {"neighbours": [60, 87, 91], "node_range": 16.0, "x": 65.011873, "y": 185.838289}, "82": {"neighbours": [124, 140, 166, 189], "node_range": 16.0, "x": 127.073905, "y": 22.974701}, "83": {"neighbours": [51, 73, 93, 109, 121, 169], "node_range": 16.0, "x": 150.350139, "y": 50.280709}, "84": {"neighbours": [35, 70], "node_range": 16.0, "x": 13.525559, "y": 129.239896}, "85": {"neighbours": [25, 56, 72], "node_range": 16.0, "x": 42.511605, "y": 31.466026}, "86": {"neighbours": [4, 5], "node_range": 16.0, "x": 80.50627, "y": 1.109834}, "87": {"neighbours": [39, 81], "node_range": 16.0, "x": 53.542871, "y": 192.009124}, "88": {"neighbours": [45, 50, 144, 159, 165, 194], "node_range": 16.0, "x": 165.420401,