{"1": {"neighbours": [22, 116, 135], "node_range": 16.0, "x": 179.412054, "y": 142.808335}, "2": {"neighbours": [61, 103], "node_range": 16.0, "x": 9.7683, "y": 169.769772}, "3": {"neighbours": [128, 135, 192], "node_range": 16.0, "x": 195.676547, "y": 162.734388}, "4": {"neighbours": [42, 48, 52, 83, 129, 197], "node_range": 16.0, "x": 143.679009, "y": 150.325799}, "5": {"neighbours": [17, 38, 79, 100, 102, 199], "node_range": 16.0, "x": 17.722447, "y": 126.421736}, "6": {"neighbours": [58, 115, 160], "node_range": 16.0, "x": 113.998239, "y": 163.726906}, "7": {"neighbours": [40, 88, 91], "node_range": 16.0, "x": 88.573188, "y": 76.061688}, "8": {"neighbours": [16, 131], "node_range": 16.0, "x": 123.855253, "y": 36.493913}, "9": {"neighbours": [130, 139, 145], "node_range": 16.0, "x": 53.584473, "y": 102.412678}, "10": {"neighbours": [95, 144], "node_range": 16.0, "x": 59.997439, "y": 186.716474}, "11": {"neighbours": [55, 57, 101, 140, 165], "node_range": 16.0, "x": 174.878511, "y": 32.941421}, "12": {"neighbours": [25, 37, 114], "node_range": 16.0, "x": 43.060904, "y": 82.961631}, "13": {"neighbours": [56, 109, 122, 176], "node_range": 16.0, "x": 194.50819, "y": 7.515264}, "14": {"neighbours": [124, 151], "node_range": 16.0, "x": 13.548612, "y": 4.7916}, "15": {"neighbours": [90, 154], "node_range": 16.0, "x": 16.268405, "y": 35.109536}, "16": {"neighbours": [8, 27, 71], "node_range": 16.0, "x": 122.751111, "y": 30.069156}, "17": {"neighbours": [5, 100, 199], "node_range": 16.0, "x": 16.808363, "y": 115.793723}, "18": {"neighbours": [196], "node_range": 16.0, "x": 7.537698, "y": 98.771783}, "19": {"neighbours": [54, 134, 182, 200], "node_range": 16.0, "x": 58.192576, "y": 13.735214}, "20": {"neighbours": [27, 71, 93, 131, 153], "node_range": 16.0, "x": 138.505883, "y": 24.051899}, "21": {"neighbours": [152, 177], "node_range": 16.0, "x": 117.297318, "y": 110.056037}, "22": {"neighbours": [1, 94, 110, 125], "node_range": 16.0, "x": 180.425672, "y": 128.200621}, "23": {"neighbours": [46, 74, 98, 137, 174, 187, 188], "node_range": 16.0, "x": 78.93807, "y": 170.518689}, "24": {"neighbours": [54, 146, 178], "node_range": 16.0, "x": 83.825496, "y": 0.83401}, "25": {"neighbours": [12, 37, 75, 155], "node_range": 16.0, "x": 36.777576, "y": 71.704702}, "26": {"neighbours": [35, 72, 75, 126, 155, 183], "node_range": 16.0, "x": 16.725275, "y": 70.046895}, "27": {"neighbours": [16, 20, 71, 93, 131], "node_range": 16.0, "x": 137.133927, "y": 23.204231}, "28": {"neighbours": [41, 96], "node_range": 16.0, "x": 125.757288, "y": 54.252646}, "29": {"neighbours": [166], "node_range": 16.0, "x": 144.361963, "y": 61.969526}, "30": {"neighbours": [81, 89, 117, 119, 133, 148], "node_range": 16.0, "x": 45.19531, "y": 151.754178}, "31": {"neighbours": [93, 173], "node_range": 16.0, "x": 135.793468, "y": 0.061639}, "32": {"neighbours": [46, 74, 188], "node_range": 16.0, "x": 97.920022, "y": 162.784995}, "33": {"neighbours": [59, 89, 133, 190], "node_range": 16.0, "x": 66.435034, "y": 136.315063}, "34": {"neighbours": [65, 108, 118, 168, 179], "node_range": 16.0, "x": 102.206449, "y": 95.7198}, "35": {"neighbours": [26, 75, 155, 183, 196], "node_range": 16.0, "x": 14.957171, "y": 82.812988}, "36": {"neighbours": [99, 140], "node_range": 16.0, "x": 176.276592, "y": 56.674862}, "37": {"neighbours": [12, 25, 114], "node_range": 16.0, "x": 41.406448, "y": 83.215086}, "38": {"neighbours": [5, 43, 79, 102, 169], "node_range": 16.0, "x": 11.238233, "y": 140.207271}, "39": {"neighbours": [120, 172], "node_range": 16.0, "x": 102.884806, "y": 189.959781}, "40": {"neighbours": [7, 60, 88, 91], "node_range": 16.0, "x": 97.799057, "y": 71.521133}, "41": {"neighbours": [28, 66, 96], "node_range": 16.0, "x": 115.50723, "y": 60.91392}, "42": {"neighbours": [4, 48, 52, 83], "node_range": 16.0, "x": 131.172155, "y": 145.306816}, "43": {"neighbours": [38, 61, 79, 169], "node_range": 16.0, "x": 21.372071, "y": 150.38875}, "44": {"neighbours": [68, 86, 191], "node_range": 16.0, "x": 156.483633, "y": 86.127644}, "45": {"neighbours": [124], "node_range": 16.0, "x": 30.838926, "y": 4.028373}, "46": {"neighbours": [23, 32, 74, 98, 187, 188], "node_range": 16.0, "x": 87.419342, "y": 166.064608}, "47": {"neighbours": [72, 78, 82], "node_range": 16.0, "x": 3.482078, "y": 51.114148}, "48": {"neighbours": [4, 42, 52, 83], "node_range": 16.0, "x": 140.351854, "y": 136.842741}, "49": {"neighbours": [138, 146, 162, 178], "node_range": 16.0, "x": 98.963071, "y": 6.413044}, "50": {"neighbours": [53, 69, 158], "node_range": 16.0, "x": 39.652906, "y": 39.238541}, "51": {"neighbours": [70, 104, 170, 194], "node_range": 16.0, "x": 185.071234, "y": 191.10998}, "52": {"neighbours": [4, 42, 48, 83], "node_range": 16.0, "x": 133.883295, "y": 146.424501}, "53": {"neighbours": [50, 134, 182], "node_range": 16.0, "x": 36.434722, "y": 24.885466}, "54": {"neighbours": [19, 24, 180], "node_range": 16.0, "x": 71.027731, "y": 9.723236}, "55": {"neighbours": [11, 140], "node_range": 16.0, "x": 180.997726, "y": 31.547629}, "56": {"neighbours": [13, 109, 122, 176], "node_range": 16.0, "x": 193.438235, "y": 12.982513}, "57": {"neighbours": [11, 101, 140, 153, 165], "node_range": 16.0, "x": 160.883622, "y": 34.282853}, "58": {"neighbours": [6, 160], "node_range": 16.0, "x": 120.1387, "y": 159.293654}, "59": {"neighbours": [33, 190], "node_range": 16.0, "x": 70.860337, "y": 132.358521}, "60": {"neighbours": [40, 108, 118], "node_range": 16.0, "x": 111.222727, "y": 79.132159}, "61": {"neighbours": [2, 43, 169], "node_range": 16.0, "x": 20.375446, "y": 158.248662}, "62": {"neighbours": [64, 76, 107, 150], "node_range": 16.0, "x": 101.228223, "y": 24.060449}, "63": {"neighbours": [95, 106, 157], "node_range": 16.0, "x": 33.191062, "y": 180.953372}, "64": {"neighbours": [62, 66, 107, 150], "node_range": 16.0, "x": 107.583304, "y": 35.276953}, "65": {"neighbours": [34, 118, 168, 171, 179], "node_range": 16.0, "x": 95.266362, "y": 102.879875}, "66": {"neighbours": [41, 64], "node_range": 16.0, "x": 108.625293, "y": 50.974608}, "67": {"neighbours": [85, 184], "node_range": 16.0, "x": 103.524539, "y": 139.322377}, "68": {"neighbours": [44, 166], "node_range": 16.0, "x": 162.461042, "y": 75.852317}, "69": {"neighbours": [50, 200], "node_range": 16.0, "x": 53.572004, "y": 39.928902}, "70": {"neighbours": [51, 104, 170, 194], "node_range": 16.0, "x": 174.7499, "y": 189.744863}, "71": {"neighbours": [16, 20, 27, 93, 113], "node_range": 16.0, "x": 129.507078, "y": 21.406994}, "72": {"neighbours": [26, 47, 78, 126, 183], "node_range": 16.0, "x": 9.009002, "y": 63.696996}, "73": {"neighbours": [112, 136, 180], "node_range": 16.0, "x": 70.23279, "y": 34.8577}, "74": {"neighbours": [23, 32, 46, 172, 174, 187, 188], "node_range": 16.0, "x": 88.887053, "y": 175.455334}, "75": {"neighbours": [25, 26, 35, 126, 155, 183], "node_range": 16.0, "x": 23.191469, "y": 71.205476}, "76": {"neighbours": [62, 107, 136, 150], "node_range": 16.0, "x": 91.580713, "y": 29.875188}, "77": {"neighbours": [105, 123, 167, 193], "node_range": 16.0, "x": 139.18573, "y": 104.57763}, "78": {"neighbours": [47, 72, 126, 158], "node_range": 16.0, "x": 19.04007, "y": 52.178653}, "79": {"neighbours": [5, 38, 43, 169], "node_range": 16.0, "x": 19.815379, "y": 134.964523}, "80": {"neighbours": [171], "node_range": 16.0, "x": 86.820738, "y": 117.33964}, "81": {"neighbours": [30, 106, 117, 119, 186, 198], "node_range": 16.0, "x": 45.615208, "y": 166.829804}, "82": {"neighbours": [47], "node_range": 16.0, "x": 0.248112, "y": 47.989349}, "83": {"neighbours": [4, 42, 48, 52], "node_range": 16.0, "x": 135.462228, "y": 144.742415}, "84": {"neighbours": [101, 153, 156, 159, 163], "node_range": 16.0, "x": 166.684822, "y": 13.035761}, "85": {"neighbours": [67, 184], "node_range": 16.0, "x": 89.025623, "y": 134.109943}, "86": {"neighbours": [44, 149, 195], "node_range": 16.0, "x": 166.731489, "y": 97.328509}, "87": {"neighbours": [114, 139], "node_range": 16.0, "x": 35.072518,