{"1": {"neighbours": [15, 164], "node_range": 16.0, "x": 103.665113, "y": 198.085793}, "2": {"neighbours": [17, 43, 56, 85, 112, 142, 189], "node_range": 16.0, "x": 33.907234, "y": 35.091945}, "3": {"neighbours": [71, 89, 94, 109, 175], "node_range": 16.0, "x": 80.437715, "y": 145.942797}, "4": {"neighbours": [13, 17, 20, 52, 75, 127, 165], "node_range": 16.0, "x": 50.29365, "y": 56.62493}, "5": {"neighbours": [47, 51, 72, 76, 111, 172], "node_range": 16.0, "x": 107.826087, "y": 114.015406}, "6": {"neighbours": [53, 58, 108, 110, 174, 185, 194, 198], "node_range": 16.0, "x": 149.670055, "y": 99.929555}, "7": {"neighbours": [51, 160, 166], "node_range": 16.0, "x": 97.617253, "y": 89.169233}, "8": {"neighbours": [90, 161], "node_range": 16.0, "x": 151.855432, "y": 128.734623}, "9": {"neighbours": [16, 140], "node_range": 16.0, "x": 163.344829, "y": 44.071688}, "10": {"neighbours": [54, 92], "node_range": 16.0, "x": 90.930231, "y": 48.093009}, "11": {"neighbours": [188], "node_range": 16.0, "x": 140.574726, "y": 197.896295}, "12": {"neighbours": [42, 102, 136, 149, 192, 200], "node_range": 16.0, "x": 181.982457, "y": 110.098163}, "13": {"neighbours": [4, 17, 20, 52, 165], "node_range": 16.0, "x": 43.155955, "y": 60.420256}, "14": {"neighbours": [54, 66, 69, 171], "node_range": 16.0, "x": 97.225066, "y": 64.472463}, "15": {"neighbours": [1, 188], "node_range": 16.0, "x": 118.775343, "y": 199.011072}, "16": {"neighbours": [9, 176], "node_range": 16.0, "x": 167.755381, "y": 36.666913}, "17": {"neighbours": [2, 4, 13, 20, 95, 112, 125], "node_range": 16.0, "x": 36.450091, "y": 50.634072}, "18": {"neighbours": [64, 68, 96, 124, 157, 186], "node_range": 16.0, "x": 134.05938, "y": 37.855264}, "19": {"neighbours": [50], "node_range": 16.0, "x": 79.210237, "y": 116.306777}, "20": {"neighbours": [4, 13, 17, 52, 75, 112, 127, 193], "node_range": 16.0, "x": 44.351584, "y": 47.871143}, "21": {"neighbours": [83, 197], "node_range": 16.0, "x": 25.873762, "y": 193.636713}, "22": {"neighbours": [61, 67, 80], "node_range": 16.0, "x": 62.827111, "y": 109.160652}, "23": {"neighbours": [145], "node_range": 16.0, "x": 187.66255, "y": 6.944585}, "24": {"neighbours": [29], "node_range": 16.0, "x": 69.468416, "y": 61.778796}, "25": {"neighbours": [172, 191], "node_range": 16.0, "x": 125.793561, "y": 116.818413}, "26": {"neighbours": [150], "node_range": 16.0, "x": 37.639506, "y": 111.494436}, "27": {"neighbours": [34, 155], "node_range": 16.0, "x": 17.262489, "y": 78.828054}, "28": {"neighbours": [44, 57, 65, 77], "node_range": 16.0, "x": 159.092067, "y": 174.269698}, "29": {"neighbours": [24, 62], "node_range": 16.0, "x": 64.697956, "y": 76.598386}, "30": {"neighbours": [35, 39, 104, 117, 120], "node_range": 16.0, "x": 174.078177, "y": 80.32272}, "31": {"neighbours": [60, 108, 185, 194], "node_range": 16.0, "x": 144.713873, "y": 83.038094}, "32": {"neighbours": [40, 70, 190], "node_range": 16.0, "x": 61.493095, "y": 177.699241}, "33": {"neighbours": [59, 140], "node_range": 16.0, "x": 161.565786, "y": 64.664205}, "34": {"neighbours": [27, 155], "node_range": 16.0, "x": 21.598248, "y": 75.406591}, "35": {"neighbours": [30, 39, 104, 117, 120], "node_range": 16.0, "x": 185.125692, "y": 79.984032}, "36": {"neighbours": [47, 53, 72, 191, 194], "node_range": 16.0, "x": 122.604363, "y": 100.241487}, "37": {"neighbours": [42, 133, 149, 192, 200], "node_range": 16.0, "x": 177.376806, "y": 127.928049}, "38": {"neighbours": [87, 114], "node_range": 16.0, "x": 145.041566, "y": 15.755595}, "39": {"neighbours": [30, 35, 102, 104, 117, 120], "node_range": 16.0, "x": 182.740101, "y": 84.897849}, "40": {"neighbours": [32, 70, 143], "node_range": 16.0, "x": 68.164813, "y": 186.30115}, "41": {"neighbours": [73, 90, 141, 161], "node_range": 16.0, "x": 137.871463, "y": 143.650338}, "42": {"neighbours": [12, 37, 135, 136, 149, 192, 200], "node_range": 16.0, "x": 187.425519, "y": 120.587025}, "43": {"neighbours": [2, 56, 79, 85, 142], "node_range": 16.0, "x": 18.249821, "y": 33.967782}, "44": {"neighbours": [28, 57, 65, 77, 131], "node_range": 16.0, "x": 150.507836, "y": 173.701701}, "45": {"neighbours": [46, 152], "node_range": 16.0, "x": 5.920103, "y": 114.817412}, "46": {"neighbours": [45, 152, 195], "node_range": 16.0, "x": 7.665008, "y": 127.820653}, "47": {"neighbours": [5, 36, 51, 72], "node_range": 16.0, "x": 113.157649, "y": 99.913508}, "48": {"neighbours": [153], "node_range": 16.0, "x": 193.489407, "y": 47.470429}, "49": {"neighbours": [197], "node_range": 16.0, "x": 42.660332, "y": 186.933131}, "50": {"neighbours": [19, 76], "node_range": 16.0, "x": 84.968227, "y": 117.112816}, "51": {"neighbours": [5, 7, 47, 72, 160], "node_range": 16.0, "x": 99.466213, "y": 103.032758}, "52": {"neighbours": [4, 13, 20, 75, 127, 193], "node_range": 16.0, "x": 52.497489, "y": 53.515871}, "53": {"neighbours": [6, 36, 58, 108, 185, 191, 194, 198], "node_range": 16.0, "x": 135.750031, "y": 103.815087}, "54": {"neighbours": [10, 14, 69, 92, 115], "node_range": 16.0, "x": 101.230081, "y": 52.946263}, "55": {"neighbours": [92, 115, 116], "node_range": 16.0, "x": 105.891994, "y": 32.060538}, "56": {"neighbours": [2, 43, 79, 85, 142, 189], "node_range": 16.0, "x": 23.531694, "y": 27.208895}, "57": {"neighbours": [28, 44, 77], "node_range": 16.0, "x": 161.17734, "y": 169.377665}, "58": {"neighbours": [6, 53, 185, 191, 194, 198], "node_range": 16.0, "x": 142.71323, "y": 109.339957}, "59": {"neighbours": [33], "node_range": 16.0, "x": 157.463254, "y": 62.709546}, "60": {"neighbours": [31, 108, 183, 194], "node_range": 16.0, "x": 138.307556, "y": 80.652903}, "61": {"neighbours": [22, 80, 148], "node_range": 16.0, "x": 62.035523, "y": 101.012069}, "62": {"neighbours": [29, 148, 187], "node_range": 16.0, "x": 56.253574, "y": 84.14724}, "63": {"neighbours": [163], "node_range": 16.0, "x": 168.643896, "y": 187.792923}, "64": {"neighbours": [18, 68, 122, 186], "node_range": 16.0, "x": 133.457011, "y": 50.288174}, "65": {"neighbours": [28, 44, 77, 131], "node_range": 16.0, "x": 148.442448, "y": 179.49641}, "66": {"neighbours": [14, 171], "node_range": 16.0, "x": 85.998438, "y": 72.39567}, "67": {"neighbours": [22, 150], "node_range": 16.0, "x": 57.376753, "y": 117.018701}, "68": {"neighbours": [18, 64, 122, 157, 186], "node_range": 16.0, "x": 139.685265, "y": 38.8513}, "69": {"neighbours": [14, 54, 166], "node_range": 16.0, "x": 111.451382, "y": 64.862404}, "70": {"neighbours": [32, 40, 143], "node_range": 16.0, "x": 67.589484, "y": 189.21906}, "71": {"neighbours": [3, 94, 109], "node_range": 16.0, "x": 76.361501, "y": 137.716413}, "72": {"neighbours": [5, 36, 47, 51, 111, 172], "node_range": 16.0, "x": 111.920614, "y": 108.759612}, "73": {"neighbours": [41, 139], "node_range": 16.0, "x": 130.533088, "y": 150.069169}, "74": {"neighbours": [132, 170], "node_range": 16.0, "x": 8.347717, "y": 161.923774}, "75": {"neighbours": [4, 20, 52, 127, 193], "node_range": 16.0, "x": 53.442198, "y": 46.809135}, "76": {"neighbours": [5, 50, 88, 103, 111], "node_range": 16.0, "x": 98.176644, "y": 121.177093}, "77": {"neighbours": [28, 44, 57, 65, 131], "node_range": 16.0, "x": 151.954761, "y": 179.452514}, "78": {"neighbours": [86, 106], "node_range": 16.0, "x": 2.162272, "y": 17.202764}, "79": {"neighbours": [43, 56, 85, 142], "node_range": 16.0, "x": 13.286765, "y": 30.943639}, "80": {"neighbours": [22, 61, 148], "node_range": 16.0, "x": 63.570006, "y": 100.0833}, "81": {"neighbours": [123], "node_range": 16.0, "x": 0.589306, "y": 199.530784}, "82": {"neighbours": [107, 180], "node_range": 16.0, "x": 40.223602, "y": 6.603834}, "83": {"neighbours": [21, 91, 197], "node_range": 16.0, "x": 21.230669, "y": 188.543091}, "84": {"neighbours": [119, 167], "node_range": 16.0, "x": 1.197672, "y": 92.550972}, "85": {"neighbours": [2, 43, 56, 79, 142, 189], "node_range": 16.0, "x": 24.66358, "y": 27.054424}, "86": {"neighbours": [78, 106], "node_range": 16.0, "x": 14.375068, "y": 9.861087}, "87": {"neighbours": [38, 99, 176], "node_range": 16.0,