{"1": {"neighbours": [53, 75, 86, 101, 200], "node_range": 17.0, "x": 56.781267, "y": 82.925272}, "2": {"neighbours": [7, 12, 101, 189], "node_range": 17.0, "x": 83.078088, "y": 88.520134}, "3": {"neighbours": [105, 141, 197], "node_range": 17.0, "x": 48.087807, "y": 17.391006}, "4": {"neighbours": [21, 70, 190], "node_range": 17.0, "x": 16.0931, "y": 28.233624}, "5": {"neighbours": [10, 150, 180, 183, 187], "node_range": 17.0, "x": 117.674433, "y": 109.484009}, "6": {"neighbours": [31, 122], "node_range": 17.0, "x": 121.800554, "y": 146.529587}, "7": {"neighbours": [2, 12, 45, 165, 189], "node_range": 17.0, "x": 94.064263, "y": 85.846146}, "8": {"neighbours": [42, 176], "node_range": 17.0, "x": 52.058094, "y": 152.441339}, "9": {"neighbours": [116, 160], "node_range": 17.0, "x": 75.182701, "y": 5.748303}, "10": {"neighbours": [5, 126, 175, 180, 187], "node_range": 17.0, "x": 121.842518, "y": 122.367612}, "11": {"neighbours": [19, 38, 100, 115, 130, 194], "node_range": 17.0, "x": 24.588325, "y": 127.984124}, "12": {"neighbours": [2, 7, 45, 165, 189], "node_range": 17.0, "x": 94.162593, "y": 83.758427}, "13": {"neighbours": [26, 57, 63, 78, 134], "node_range": 17.0, "x": 182.440322, "y": 168.743512}, "14": {"neighbours": [71, 109, 170, 188], "node_range": 17.0, "x": 174.881424, "y": 148.592975}, "15": {"neighbours": [60, 69, 104, 152], "node_range": 17.0, "x": 96.424268, "y": 182.066546}, "16": {"neighbours": [24, 85], "node_range": 17.0, "x": 102.528775, "y": 163.046619}, "17": {"neighbours": [25, 44, 96, 157, 181], "node_range": 17.0, "x": 33.280302, "y": 51.562435}, "18": {"neighbours": [30, 33, 53, 94, 125, 132], "node_range": 17.0, "x": 50.362974, "y": 103.538905}, "19": {"neighbours": [11, 100, 115, 194], "node_range": 17.0, "x": 27.482242, "y": 122.159526}, "20": {"neighbours": [128], "node_range": 17.0, "x": 192.329753, "y": 115.596428}, "21": {"neighbours": [4, 40, 70, 83, 113, 190], "node_range": 17.0, "x": 13.432078, "y": 17.685324}, "22": {"neighbours": [74, 99, 145, 170, 172, 188, 198], "node_range": 17.0, "x": 166.690748, "y": 126.82269}, "23": {"neighbours": [61, 149, 154], "node_range": 17.0, "x": 198.838063, "y": 77.073732}, "24": {"neighbours": [16, 31, 122, 161], "node_range": 17.0, "x": 103.993812, "y": 154.999811}, "25": {"neighbours": [17, 44, 96, 157, 181], "node_range": 17.0, "x": 37.665173, "y": 58.527039}, "26": {"neighbours": [13, 57, 63, 78, 118, 134], "node_range": 17.0, "x": 185.89472, "y": 176.117058}, "27": {"neighbours": [49, 64, 145, 188], "node_range": 17.0, "x": 190.009725, "y": 132.833607}, "28": {"neighbours": [119, 127, 177, 178], "node_range": 17.0, "x": 122.812219, "y": 13.686063}, "29": {"neighbours": [93, 139], "node_range": 17.0, "x": 87.498278, "y": 41.699612}, "30": {"neighbours": [18, 33, 53, 66, 94, 125, 132, 195], "node_range": 17.0, "x": 56.817788, "y": 113.767348}, "31": {"neighbours": [6, 24, 106, 122, 126, 133], "node_range": 17.0, "x": 107.514585, "y": 141.638292}, "32": {"neighbours": [34, 55, 58, 136, 156], "node_range": 17.0, "x": 138.127605, "y": 53.451696}, "33": {"neighbours": [18, 30, 66, 94, 125, 132], "node_range": 17.0, "x": 43.360574, "y": 114.794183}, "34": {"neighbours": [32, 58, 136, 156], "node_range": 17.0, "x": 131.344329, "y": 63.074218}, "35": {"neighbours": [107, 121, 151], "node_range": 17.0, "x": 150.311162, "y": 26.961413}, "36": {"neighbours": [48, 67, 68, 97, 144, 158], "node_range": 17.0, "x": 65.815929, "y": 178.614895}, "37": {"neighbours": [171, 174, 182, 192], "node_range": 17.0, "x": 73.176977, "y": 140.30233}, "38": {"neighbours": [11, 130], "node_range": 17.0, "x": 17.888887, "y": 139.420496}, "39": {"neighbours": [82, 143, 173], "node_range": 17.0, "x": 11.603152, "y": 71.288208}, "40": {"neighbours": [21, 70, 113, 124], "node_range": 17.0, "x": 22.088001, "y": 7.176999}, "41": {"neighbours": [95, 108, 159, 169, 184, 185], "node_range": 17.0, "x": 151.0561, "y": 182.328122}, "42": {"neighbours": [8, 79, 115], "node_range": 17.0, "x": 40.036576, "y": 148.145035}, "43": {"neighbours": [88, 112, 148], "node_range": 17.0, "x": 187.97486, "y": 34.776219}, "44": {"neighbours": [17, 25, 96, 157, 181], "node_range": 17.0, "x": 30.153434, "y": 61.746354}, "45": {"neighbours": [7, 12, 165], "node_range": 17.0, "x": 99.2318, "y": 81.92377}, "46": {"neighbours": [129], "node_range": 17.0, "x": 17.303002, "y": 96.872545}, "47": {"neighbours": [51], "node_range": 17.0, "x": 14.592939, "y": 162.142613}, "48": {"neighbours": [36, 144, 168], "node_range": 17.0, "x": 58.515499, "y": 192.094593}, "49": {"neighbours": [27, 64, 145, 188], "node_range": 17.0, "x": 189.125669, "y": 133.434171}, "50": {"neighbours": [52, 74, 84, 109, 170, 172, 196], "node_range": 17.0, "x": 149.571417, "y": 145.018478}, "51": {"neighbours": [47], "node_range": 17.0, "x": 1.987187, "y": 156.415732}, "52": {"neighbours": [50, 84, 140, 146, 163, 196], "node_range": 17.0, "x": 139.692099, "y": 153.645868}, "53": {"neighbours": [1, 18, 30, 94, 101, 125, 195], "node_range": 17.0, "x": 61.209693, "y": 98.170953}, "54": {"neighbours": [98, 110, 114, 166, 179], "node_range": 17.0, "x": 143.792274, "y": 92.0451}, "55": {"neighbours": [32, 87, 123, 156], "node_range": 17.0, "x": 153.657631, "y": 55.378168}, "56": {"neighbours": [107, 142, 155, 193], "node_range": 17.0, "x": 154.418582, "y": 1.246451}, "57": {"neighbours": [13, 26, 78], "node_range": 17.0, "x": 194.198907, "y": 171.373963}, "58": {"neighbours": [32, 34, 136, 156], "node_range": 17.0, "x": 123.885843, "y": 51.032395}, "59": {"neighbours": [139], "node_range": 17.0, "x": 92.646617, "y": 22.737272}, "60": {"neighbours": [15, 69, 104], "node_range": 17.0, "x": 99.785315, "y": 188.802997}, "61": {"neighbours": [23, 149, 154], "node_range": 17.0, "x": 194.235594, "y": 79.471197}, "62": {"neighbours": [65, 154], "node_range": 17.0, "x": 175.833845, "y": 70.697939}, "63": {"neighbours": [13, 26, 71, 78, 118, 134], "node_range": 17.0, "x": 175.183666, "y": 171.328738}, "64": {"neighbours": [27, 49], "node_range": 17.0, "x": 195.289663, "y": 140.214236}, "65": {"neighbours": [62, 154], "node_range": 17.0, "x": 178.890002, "y": 69.883442}, "66": {"neighbours": [30, 33, 79, 115, 132], "node_range": 17.0, "x": 45.927311, "y": 125.091536}, "67": {"neighbours": [36, 68, 97, 144, 158], "node_range": 17.0, "x": 66.646549, "y": 175.7471}, "68": {"neighbours": [36, 67, 90, 97, 144, 158], "node_range": 17.0, "x": 61.206724, "y": 171.351185}, "69": {"neighbours": [15, 60], "node_range": 17.0, "x": 103.908572, "y": 189.892648}, "70": {"neighbours": [4, 21, 40, 83, 113], "node_range": 17.0, "x": 10.066231, "y": 12.992524}, "71": {"neighbours": [14, 63, 109, 134, 196], "node_range": 17.0, "x": 164.90758, "y": 161.916672}, "72": {"neighbours": [120, 147], "node_range": 17.0, "x": 62.622636, "y": 52.586469}, "73": {"neighbours": [111, 118, 153, 169, 184], "node_range": 17.0, "x": 170.577807, "y": 197.816853}, "74": {"neighbours": [22, 50, 99, 170, 172], "node_range": 17.0, "x": 153.812657, "y": 130.43202}, "75": {"neighbours": [1, 200], "node_range": 17.0, "x": 49.176279, "y": 76.036827}, "76": {"neighbours": [90, 176], "node_range": 17.0, "x": 33.838122, "y": 174.289459}, "77": {"neighbours": [103, 191], "node_range": 17.0, "x": 18.631645, "y": 190.275807}, "78": {"neighbours": [13, 26, 57, 63, 134], "node_range": 17.0, "x": 187.987552, "y": 166.53926}, "79": {"neighbours": [42, 66, 115, 174], "node_range": 17.0, "x": 49.979464, "y": 134.589515}, "80": {"neighbours": [182], "node_range": 17.0, "x": 78.153896, "y": 160.889219}, "81": {"neighbours": [100, 129, 194], "node_range": 17.0, "x": 5.097198, "y": 112.984706}, "82": {"neighbours": [39, 143, 173], "node_range": 17.0, "x": 1.100494, "y": 59.090006}, "83": {"neighbours": [21, 70, 113], "node_range": 17.0, "x": 2.406243, "y": 6.871972}, "84": {"neighbours": [50, 52, 109, 146, 185, 196], "node_range": 17.0, "x": 148.275435, "y": 153.355383}, "85": {"neighbours": [16], "node_range": 17.0, "x": 113.180054, "y": 173.662438},