{"1": {"neighbours": [14, 20, 134, 154, 189], "node_range": 17.0, "x": 168.574741, "y": 114.598324}, "2": {"neighbours": [10, 17, 49, 89, 111, 171, 182], "node_range": 17.0, "x": 124.568101, "y": 142.21251}, "3": {"neighbours": [62, 79, 109, 138, 141, 175], "node_range": 17.0, "x": 83.997441, "y": 196.61131}, "4": {"neighbours": [7], "node_range": 17.0, "x": 170.755045, "y": 23.204793}, "5": {"neighbours": [181], "node_range": 17.0, "x": 184.662144, "y": 75.600118}, "6": {"neighbours": [45, 53, 123, 125], "node_range": 17.0, "x": 20.973845, "y": 43.104166}, "7": {"neighbours": [4, 186], "node_range": 17.0, "x": 173.150512, "y": 15.499729}, "8": {"neighbours": [14, 20, 74, 134, 137, 183], "node_range": 17.0, "x": 168.33397, "y": 92.023077}, "9": {"neighbours": [86, 98, 152, 199], "node_range": 17.0, "x": 110.064928, "y": 59.856313}, "10": {"neighbours": [2, 89, 93, 111, 171], "node_range": 17.0, "x": 119.803155, "y": 146.864519}, "11": {"neighbours": [151, 192], "node_range": 17.0, "x": 1.146113, "y": 75.51349}, "12": {"neighbours": [113, 192, 193], "node_range": 17.0, "x": 18.642648, "y": 87.041275}, "13": {"neighbours": [194], "node_range": 17.0, "x": 9.885254, "y": 104.932331}, "14": {"neighbours": [1, 8, 20, 134, 154, 183, 189], "node_range": 17.0, "x": 169.216802, "y": 104.663414}, "15": {"neighbours": [38, 55, 75, 81, 157, 188], "node_range": 17.0, "x": 185.941197, "y": 182.782948}, "16": {"neighbours": [85, 122, 142], "node_range": 17.0, "x": 35.118876, "y": 155.644174}, "17": {"neighbours": [2, 49, 82, 111, 116], "node_range": 17.0, "x": 113.625381, "y": 129.283889}, "18": {"neighbours": [33, 70, 87, 98], "node_range": 17.0, "x": 89.340062, "y": 65.144369}, "19": {"neighbours": [41, 43, 44, 52, 69, 105], "node_range": 17.0, "x": 69.696271, "y": 146.69855}, "20": {"neighbours": [1, 8, 14, 134, 137, 154, 183], "node_range": 17.0, "x": 167.551452, "y": 103.049928}, "21": {"neighbours": [26], "node_range": 17.0, "x": 192.548033, "y": 58.738567}, "22": {"neighbours": [62, 79, 109, 175], "node_range": 17.0, "x": 98.646427, "y": 187.746618}, "23": {"neighbours": [58, 68, 83, 129, 139], "node_range": 17.0, "x": 145.987336, "y": 5.480743}, "24": {"neighbours": [79, 97, 110, 138, 141], "node_range": 17.0, "x": 70.662275, "y": 185.224158}, "25": {"neighbours": [27, 65, 67, 72, 159], "node_range": 17.0, "x": 150.447614, "y": 161.956019}, "26": {"neighbours": [21, 42], "node_range": 17.0, "x": 194.096788, "y": 44.438083}, "27": {"neighbours": [25, 65, 67, 72, 159], "node_range": 17.0, "x": 153.968956, "y": 177.482}, "28": {"neighbours": [114, 144, 185], "node_range": 17.0, "x": 92.259749, "y": 100.266668}, "29": {"neighbours": [38, 55, 147, 177, 188], "node_range": 17.0, "x": 193.462761, "y": 165.82757}, "30": {"neighbours": [49, 56, 99, 135, 170, 176, 182, 200], "node_range": 17.0, "x": 134.740253, "y": 124.030732}, "31": {"neighbours": [101, 104], "node_range": 17.0, "x": 49.619007, "y": 109.077393}, "32": {"neighbours": [148, 187], "node_range": 17.0, "x": 128.736649, "y": 180.962751}, "33": {"neighbours": [18, 70, 87, 98], "node_range": 17.0, "x": 81.730974, "y": 61.772357}, "34": {"neighbours": [61, 66, 112, 179], "node_range": 17.0, "x": 119.566089, "y": 38.443429}, "35": {"neighbours": [136, 156], "node_range": 17.0, "x": 26.27967, "y": 127.365987}, "36": {"neighbours": [103, 115, 166], "node_range": 17.0, "x": 67.143197, "y": 44.109374}, "37": {"neighbours": [40, 64, 92, 155, 165], "node_range": 17.0, "x": 74.087351, "y": 7.939167}, "38": {"neighbours": [15, 29, 55, 75, 81, 157, 188], "node_range": 17.0, "x": 195.312395, "y": 177.61602}, "39": {"neighbours": [48, 63, 190], "node_range": 17.0, "x": 3.661793, "y": 6.216482}, "40": {"neighbours": [37, 47, 64, 92, 155, 198], "node_range": 17.0, "x": 84.17238, "y": 7.822082}, "41": {"neighbours": [19, 43, 44, 52, 69, 121, 133], "node_range": 17.0, "x": 80.615988, "y": 148.678437}, "42": {"neighbours": [26], "node_range": 17.0, "x": 178.105763, "y": 46.16429}, "43": {"neighbours": [19, 41, 44, 52, 69, 133], "node_range": 17.0, "x": 77.420373, "y": 153.61471}, "44": {"neighbours": [19, 41, 43, 52, 69, 105, 121, 133], "node_range": 17.0, "x": 71.145937, "y": 144.274826}, "45": {"neighbours": [6, 53], "node_range": 17.0, "x": 6.883886, "y": 43.383099}, "46": {"neighbours": [145], "node_range": 17.0, "x": 51.09165, "y": 77.202058}, "47": {"neighbours": [40, 84, 92, 172, 198], "node_range": 17.0, "x": 98.913383, "y": 8.14582}, "48": {"neighbours": [39, 63, 190], "node_range": 17.0, "x": 5.860532, "y": 17.618072}, "49": {"neighbours": [2, 17, 30, 82, 111], "node_range": 17.0, "x": 120.584181, "y": 129.610835}, "50": {"neighbours": [60, 88], "node_range": 17.0, "x": 158.947449, "y": 46.555392}, "51": {"neighbours": [59, 73, 107, 118], "node_range": 17.0, "x": 165.966358, "y": 151.994435}, "52": {"neighbours": [19, 41, 43, 44, 105, 121, 133], "node_range": 17.0, "x": 75.594533, "y": 139.342508}, "53": {"neighbours": [6, 45, 125], "node_range": 17.0, "x": 18.36719, "y": 42.301778}, "54": {"neighbours": [126, 197], "node_range": 17.0, "x": 24.452801, "y": 189.004864}, "55": {"neighbours": [15, 29, 38, 147, 177, 188], "node_range": 17.0, "x": 194.332264, "y": 169.863789}, "56": {"neighbours": [30, 99, 135, 170, 200], "node_range": 17.0, "x": 139.481521, "y": 112.71473}, "57": {"neighbours": [122, 191], "node_range": 17.0, "x": 6.849082, "y": 163.395924}, "58": {"neighbours": [23, 68, 83, 129, 139], "node_range": 17.0, "x": 144.615137, "y": 9.744135}, "59": {"neighbours": [51, 73, 107, 147], "node_range": 17.0, "x": 172.702802, "y": 157.807206}, "60": {"neighbours": [50, 88, 94, 108, 119, 164, 169], "node_range": 17.0, "x": 149.575865, "y": 56.944082}, "61": {"neighbours": [34, 172, 179], "node_range": 17.0, "x": 112.214913, "y": 34.615268}, "62": {"neighbours": [3, 22, 79, 109, 110, 138, 141, 175], "node_range": 17.0, "x": 90.072923, "y": 187.267967}, "63": {"neighbours": [39, 48, 190], "node_range": 17.0, "x": 6.069293, "y": 11.910546}, "64": {"neighbours": [37, 40, 92, 165], "node_range": 17.0, "x": 74.02175, "y": 0.805955}, "65": {"neighbours": [25, 27, 67, 72, 159, 187], "node_range": 17.0, "x": 148.259878, "y": 171.272751}, "66": {"neighbours": [34, 86, 112, 119, 164, 195, 199], "node_range": 17.0, "x": 132.764303, "y": 47.450767}, "67": {"neighbours": [25, 27, 65, 72, 159], "node_range": 17.0, "x": 153.51497, "y": 171.181032}, "68": {"neighbours": [23, 58, 83, 129, 139], "node_range": 17.0, "x": 141.951345, "y": 18.910543}, "69": {"neighbours": [19, 41, 43, 44], "node_range": 17.0, "x": 71.816895, "y": 156.109872}, "70": {"neighbours": [18, 33, 87, 98], "node_range": 17.0, "x": 89.561953, "y": 48.222551}, "71": {"neighbours": [127], "node_range": 17.0, "x": 43.448659, "y": 22.052039}, "72": {"neighbours": [25, 27, 65, 67, 159], "node_range": 17.0, "x": 156.282371, "y": 172.042808}, "73": {"neighbours": [51, 59, 107], "node_range": 17.0, "x": 172.073241, "y": 157.887239}, "74": {"neighbours": [8, 131, 137, 183], "node_range": 17.0, "x": 166.116136, "y": 84.860133}, "75": {"neighbours": [15, 38, 81, 157, 188], "node_range": 17.0, "x": 187.342252, "y": 189.11609}, "76": {"neighbours": [100, 150, 152], "node_range": 17.0, "x": 119.826057, "y": 77.667159}, "77": {"neighbours": [161, 172], "node_range": 17.0, "x": 91.181831, "y": 29.312505}, "78": {"neighbours": [113, 123, 132, 184], "node_range": 17.0, "x": 29.380668, "y": 71.93554}, "79": {"neighbours": [3, 22, 24, 62, 109, 110, 138, 141, 175], "node_range": 17.0, "x": 83.412469, "y": 192.257066}, "80": {"neighbours": [93, 111, 133, 160], "node_range": 17.0, "x": 101.125622, "y": 153.41099}, "81": {"neighbours": [15, 38, 75, 157, 188], "node_range": 17.0, "x": 194.900976, "y": 189.276444}, "82": {"neighbours": [17, 49, 116], "node_range": 17.0, "x": 107.273185, "y": 128.353042}, "83": {"neighbours": [23, 58, 68, 129, 139], "node_range": 17.0, "x": 138.718015, "y": 10.642126}, "84": {"neighbours": [47, 172], "node_range": 17.0, "x": 114.769862, "y": 9.635322},