{"1": {"neighbours": [20, 31, 89, 95], "node_range": 17.0, "x": 78.836825, "y": 21.284327}, "2": {"neighbours": [15, 19, 59, 90, 151, 152, 156], "node_range": 17.0, "x": 52.133022, "y": 109.607219}, "3": {"neighbours": [71, 112, 116, 130, 150, 181], "node_range": 17.0, "x": 165.394084, "y": 130.408002}, "4": {"neighbours": [5, 155], "node_range": 17.0, "x": 45.803729, "y": 144.840714}, "5": {"neighbours": [4], "node_range": 17.0, "x": 34.052515, "y": 148.345337}, "6": {"neighbours": [7, 51, 83, 94, 109, 145, 164], "node_range": 17.0, "x": 153.570699, "y": 88.028068}, "7": {"neighbours": [6, 37, 83, 94, 111, 164], "node_range": 17.0, "x": 147.174671, "y": 100.821092}, "8": {"neighbours": [65, 67, 93], "node_range": 17.0, "x": 121.926726, "y": 29.579281}, "9": {"neighbours": [27, 91, 123], "node_range": 17.0, "x": 198.234656, "y": 131.303135}, "10": {"neighbours": [70, 87, 101, 102, 138, 165, 177], "node_range": 17.0, "x": 56.523501, "y": 181.865423}, "11": {"neighbours": [35, 96, 163], "node_range": 17.0, "x": 78.394378, "y": 139.749692}, "12": {"neighbours": [135, 196, 198], "node_range": 17.0, "x": 132.470748, "y": 196.038872}, "13": {"neighbours": [43, 53, 110, 162, 172, 175], "node_range": 17.0, "x": 89.195863, "y": 97.579376}, "14": {"neighbours": [48, 157, 163, 179], "node_range": 17.0, "x": 99.939287, "y": 155.861446}, "15": {"neighbours": [2, 19, 59, 90, 133, 166], "node_range": 17.0, "x": 58.661949, "y": 123.505902}, "16": {"neighbours": [74, 100], "node_range": 17.0, "x": 188.114298, "y": 189.0773}, "17": {"neighbours": [198], "node_range": 17.0, "x": 149.222715, "y": 191.689043}, "18": {"neighbours": [20, 26, 89, 149, 191], "node_range": 17.0, "x": 56.80607, "y": 30.940481}, "19": {"neighbours": [2, 15, 59, 90, 133], "node_range": 17.0, "x": 55.394657, "y": 122.083021}, "20": {"neighbours": [1, 18, 31, 89, 191], "node_range": 17.0, "x": 63.409202, "y": 27.643924}, "21": {"neighbours": [58, 71, 125, 130], "node_range": 17.0, "x": 141.803023, "y": 125.867921}, "22": {"neighbours": [33, 58, 76, 125], "node_range": 17.0, "x": 136.941363, "y": 142.910138}, "23": {"neighbours": [55, 63, 78, 194], "node_range": 17.0, "x": 5.111799, "y": 113.587432}, "24": {"neighbours": [87, 177], "node_range": 17.0, "x": 68.137426, "y": 167.194132}, "25": {"neighbours": [160, 174, 187, 189, 197], "node_range": 17.0, "x": 182.56828, "y": 89.065925}, "26": {"neighbours": [18, 149, 186], "node_range": 17.0, "x": 47.11319, "y": 42.49306}, "27": {"neighbours": [9, 91, 123], "node_range": 17.0, "x": 199.369452, "y": 132.774224}, "28": {"neighbours": [121, 140, 193], "node_range": 17.0, "x": 35.34029, "y": 84.287913}, "29": {"neighbours": [49, 192], "node_range": 17.0, "x": 125.144218, "y": 57.183308}, "30": {"neighbours": [54, 84, 120], "node_range": 17.0, "x": 198.662285, "y": 1.824255}, "31": {"neighbours": [1, 20, 89], "node_range": 17.0, "x": 71.27459, "y": 20.583432}, "32": {"neighbours": [52, 118, 135, 196, 198], "node_range": 17.0, "x": 135.596091, "y": 176.278567}, "33": {"neighbours": [22, 58, 76, 125], "node_range": 17.0, "x": 138.483194, "y": 142.909186}, "34": {"neighbours": [65, 93, 95, 141, 176], "node_range": 17.0, "x": 105.090548, "y": 33.571452}, "35": {"neighbours": [11, 96, 163], "node_range": 17.0, "x": 77.01684, "y": 137.945365}, "36": {"neighbours": [41, 68, 107, 128], "node_range": 17.0, "x": 188.806285, "y": 162.873447}, "37": {"neighbours": [7, 111], "node_range": 17.0, "x": 136.109529, "y": 109.13946}, "38": {"neighbours": [47, 72], "node_range": 17.0, "x": 102.856427, "y": 125.545269}, "39": {"neighbours": [116, 164, 197], "node_range": 17.0, "x": 163.699897, "y": 110.403621}, "40": {"neighbours": [69, 171], "node_range": 17.0, "x": 9.629739, "y": 62.750385}, "41": {"neighbours": [36, 68], "node_range": 17.0, "x": 198.058906, "y": 150.025927}, "42": {"neighbours": [106, 127, 158, 167], "node_range": 17.0, "x": 148.552078, "y": 28.378545}, "43": {"neighbours": [13, 88, 110, 124, 162, 172], "node_range": 17.0, "x": 98.961524, "y": 84.806797}, "44": {"neighbours": [77, 99], "node_range": 17.0, "x": 129.691781, "y": 8.363586}, "45": {"neighbours": [48, 118], "node_range": 17.0, "x": 113.867489, "y": 168.409764}, "46": {"neighbours": [81, 143], "node_range": 17.0, "x": 157.123603, "y": 4.255838}, "47": {"neighbours": [38, 58, 72, 108, 199], "node_range": 17.0, "x": 114.689006, "y": 126.914582}, "48": {"neighbours": [14, 45, 118], "node_range": 17.0, "x": 109.220384, "y": 168.128593}, "49": {"neighbours": [29, 192], "node_range": 17.0, "x": 117.421297, "y": 66.132512}, "50": {"neighbours": [56, 64, 92, 109, 113, 136, 144, 147, 173, 188, 190], "node_range": 17.0, "x": 169.127041, "y": 67.54464}, "51": {"neighbours": [6, 83, 94, 145], "node_range": 17.0, "x": 141.798659, "y": 81.888965}, "52": {"neighbours": [32, 76], "node_range": 17.0, "x": 132.512618, "y": 160.657711}, "53": {"neighbours": [13, 57, 159, 162, 166, 175], "node_range": 17.0, "x": 86.363346, "y": 107.276341}, "54": {"neighbours": [30, 84, 119, 120, 153], "node_range": 17.0, "x": 196.497317, "y": 13.016814}, "55": {"neighbours": [23, 194], "node_range": 17.0, "x": 16.595676, "y": 114.879101}, "56": {"neighbours": [50, 64, 92, 147, 154, 173, 188], "node_range": 17.0, "x": 156.91193, "y": 57.017882}, "57": {"neighbours": [53, 133, 151, 159, 161, 166, 175], "node_range": 17.0, "x": 75.424837, "y": 107.709303}, "58": {"neighbours": [21, 22, 33, 47, 125, 199], "node_range": 17.0, "x": 129.218034, "y": 131.569286}, "59": {"neighbours": [2, 15, 19, 90, 133, 151, 152, 159, 161, 166], "node_range": 17.0, "x": 58.77404, "y": 112.922418}, "60": {"neighbours": [97, 140, 148], "node_range": 17.0, "x": 19.766387, "y": 94.305771}, "61": {"neighbours": [97, 152], "node_range": 17.0, "x": 33.625717, "y": 106.573359}, "62": {"neighbours": [195], "node_range": 17.0, "x": 72.068143, "y": 3.442759}, "63": {"neighbours": [23, 148], "node_range": 17.0, "x": 3.275288, "y": 102.137284}, "64": {"neighbours": [50, 56, 92, 109, 136, 144, 147, 173, 188, 190], "node_range": 17.0, "x": 164.181109, "y": 67.047879}, "65": {"neighbours": [8, 34, 67, 93], "node_range": 17.0, "x": 117.172114, "y": 32.212593}, "66": {"neighbours": [178], "node_range": 17.0, "x": 17.746031, "y": 195.412229}, "67": {"neighbours": [8, 65, 77, 93, 99], "node_range": 17.0, "x": 122.028798, "y": 27.493102}, "68": {"neighbours": [36, 41, 107, 128], "node_range": 17.0, "x": 196.255571, "y": 162.130225}, "69": {"neighbours": [40, 105, 148, 171], "node_range": 17.0, "x": 3.397435, "y": 73.957908}, "70": {"neighbours": [10, 101, 138, 165], "node_range": 17.0, "x": 49.404793, "y": 183.343226}, "71": {"neighbours": [3, 21, 116, 130], "node_range": 17.0, "x": 155.145097, "y": 125.665622}, "72": {"neighbours": [38, 47, 108, 199], "node_range": 17.0, "x": 112.859222, "y": 123.650692}, "73": {"neighbours": [79, 127, 183], "node_range": 17.0, "x": 168.03811, "y": 32.017925}, "74": {"neighbours": [16, 100], "node_range": 17.0, "x": 173.757322, "y": 197.001453}, "75": {"neighbours": [103, 113, 137], "node_range": 17.0, "x": 194.318803, "y": 49.267743}, "76": {"neighbours": [22, 33, 52, 125], "node_range": 17.0, "x": 137.620711, "y": 154.609192}, "77": {"neighbours": [44, 67, 99], "node_range": 17.0, "x": 127.067325, "y": 11.873291}, "78": {"neighbours": [23, 194], "node_range": 17.0, "x": 1.612392, "y": 124.61666}, "79": {"neighbours": [73, 139, 183], "node_range": 17.0, "x": 177.688737, "y": 23.396188}, "80": {"neighbours": [114, 115, 200], "node_range": 17.0, "x": 31.664077, "y": 167.709066}, "81": {"neighbours": [46, 143], "node_range": 17.0, "x": 154.197341, "y": 11.853852}, "82": {"neighbours": [85], "node_range": 17.0, "x": 18.340214, "y": 3.926054}, "83": {"neighbours": [6, 7, 51, 94, 145, 164], "node_range": 17.0, "x": 154.619214, "y": 92.655992}, "84": {"neighbours": [30, 54, 119, 120, 153], "node_range": 17.0, "x": 196.399313, "y": 9.912577}, "85": {"neighbours": [82, 134, 169, 170], "node_range": 17.0, "x": 22.992493, "y": 17.37648},