{"1": {"neighbours": [22, 68, 76, 94, 119, 146, 164, 185], "node_range": 17.0, "x": 3.297871, "y": 115.602978}, "2": {"neighbours": [15, 35, 108, 150, 187], "node_range": 17.0, "x": 160.22883, "y": 180.024587}, "3": {"neighbours": [23, 85], "node_range": 17.0, "x": 60.031445, "y": 156.744088}, "4": {"neighbours": [33, 117], "node_range": 17.0, "x": 191.796682, "y": 114.797515}, "5": {"neighbours": [13, 25, 71, 99, 125], "node_range": 17.0, "x": 84.924217, "y": 130.074776}, "6": {"neighbours": [100, 122], "node_range": 17.0, "x": 188.941369, "y": 181.120535}, "7": {"neighbours": [131, 139, 197], "node_range": 17.0, "x": 162.163626, "y": 151.926394}, "8": {"neighbours": [16, 81], "node_range": 17.0, "x": 11.030357, "y": 180.242404}, "9": {"neighbours": [92, 136, 186], "node_range": 17.0, "x": 69.213735, "y": 65.353029}, "10": {"neighbours": [70], "node_range": 17.0, "x": 109.978801, "y": 1.312104}, "11": {"neighbours": [33, 74, 111, 115, 144, 161], "node_range": 17.0, "x": 191.200837, "y": 134.346161}, "12": {"neighbours": [50, 84, 92, 101, 186], "node_range": 17.0, "x": 48.933903, "y": 53.583108}, "13": {"neighbours": [5, 25, 47, 71, 88, 99], "node_range": 17.0, "x": 96.597573, "y": 134.941341}, "14": {"neighbours": [43, 145, 152, 160], "node_range": 17.0, "x": 155.304794, "y": 115.762584}, "15": {"neighbours": [2, 187], "node_range": 17.0, "x": 161.246557, "y": 174.054719}, "16": {"neighbours": [8, 81], "node_range": 17.0, "x": 3.048901, "y": 191.233948}, "17": {"neighbours": [20, 93, 135, 148], "node_range": 17.0, "x": 191.933611, "y": 76.647774}, "18": {"neighbours": [25, 99, 198], "node_range": 17.0, "x": 106.639227, "y": 120.012509}, "19": {"neighbours": [32, 159, 178], "node_range": 17.0, "x": 45.105418, "y": 91.301992}, "20": {"neighbours": [17, 93, 129, 135], "node_range": 17.0, "x": 182.503306, "y": 87.66107}, "21": {"neighbours": [26, 59, 173], "node_range": 17.0, "x": 17.521985, "y": 27.183123}, "22": {"neighbours": [1, 53, 68, 76, 96, 106, 164, 185], "node_range": 17.0, "x": 0.264756, "y": 101.134326}, "23": {"neighbours": [3, 38, 85, 107, 174], "node_range": 17.0, "x": 62.629185, "y": 151.45364}, "24": {"neighbours": [137], "node_range": 17.0, "x": 166.711039, "y": 1.139153}, "25": {"neighbours": [5, 13, 18, 47, 71, 99], "node_range": 17.0, "x": 98.743491, "y": 126.214547}, "26": {"neighbours": [21, 42, 59, 61, 105, 173], "node_range": 17.0, "x": 23.036056, "y": 34.958331}, "27": {"neighbours": [38, 80, 133, 134, 140, 189], "node_range": 17.0, "x": 90.003267, "y": 162.679096}, "28": {"neighbours": [36, 58, 63, 82, 132, 183], "node_range": 17.0, "x": 105.341036, "y": 83.578431}, "29": {"neighbours": [52, 75, 110, 180], "node_range": 17.0, "x": 27.860126, "y": 163.651425}, "30": {"neighbours": [120, 163, 200], "node_range": 17.0, "x": 11.341386, "y": 154.323954}, "31": {"neighbours": [155, 157, 189], "node_range": 17.0, "x": 72.262962, "y": 179.019463}, "32": {"neighbours": [19, 62, 98, 159], "node_range": 17.0, "x": 53.409554, "y": 98.43009}, "33": {"neighbours": [4, 11, 115, 117], "node_range": 17.0, "x": 198.301359, "y": 125.74788}, "34": {"neighbours": [111, 144, 145], "node_range": 17.0, "x": 175.227527, "y": 124.789831}, "35": {"neighbours": [2, 108, 150], "node_range": 17.0, "x": 152.926423, "y": 192.722041}, "36": {"neighbours": [28, 58, 63, 82, 132, 183], "node_range": 17.0, "x": 111.305052, "y": 84.052489}, "37": {"neighbours": [41, 95, 121, 142, 177], "node_range": 17.0, "x": 75.261668, "y": 36.760049}, "38": {"neighbours": [23, 27, 85, 133, 140, 189], "node_range": 17.0, "x": 78.574641, "y": 157.022199}, "39": {"neighbours": [191], "node_range": 17.0, "x": 34.438987, "y": 9.851289}, "40": {"neighbours": [89, 97, 103, 109, 151], "node_range": 17.0, "x": 196.700397, "y": 49.069724}, "41": {"neighbours": [37, 95, 177], "node_range": 17.0, "x": 90.274086, "y": 42.647564}, "42": {"neighbours": [26, 61, 104, 105, 114], "node_range": 17.0, "x": 15.747288, "y": 47.628681}, "43": {"neighbours": [14, 145, 152, 160], "node_range": 17.0, "x": 151.661934, "y": 114.08852}, "44": {"neighbours": [48, 94, 146], "node_range": 17.0, "x": 25.005917, "y": 126.040072}, "45": {"neighbours": [54], "node_range": 17.0, "x": 114.447597, "y": 187.531866}, "46": {"neighbours": [196, 199], "node_range": 17.0, "x": 131.97306, "y": 3.683521}, "47": {"neighbours": [13, 25, 71, 88, 99, 123, 133], "node_range": 17.0, "x": 98.893568, "y": 142.344582}, "48": {"neighbours": [44, 120, 181], "node_range": 17.0, "x": 31.902102, "y": 136.029774}, "49": {"neighbours": [147, 158], "node_range": 17.0, "x": 36.23961, "y": 197.419327}, "50": {"neighbours": [12, 101, 121, 142, 186], "node_range": 17.0, "x": 52.826704, "y": 47.996015}, "51": {"neighbours": [159, 176], "node_range": 17.0, "x": 29.58341, "y": 100.494294}, "52": {"neighbours": [29, 75, 110, 180], "node_range": 17.0, "x": 32.416063, "y": 176.073417}, "53": {"neighbours": [22, 96, 106, 149, 185], "node_range": 17.0, "x": 8.990125, "y": 89.57422}, "54": {"neighbours": [45, 73, 78], "node_range": 17.0, "x": 121.873086, "y": 174.110382}, "55": {"neighbours": [180], "node_range": 17.0, "x": 49.697863, "y": 173.093546}, "56": {"neighbours": [67, 70, 177, 190], "node_range": 17.0, "x": 99.642146, "y": 23.282093}, "57": {"neighbours": [134], "node_range": 17.0, "x": 92.300568, "y": 185.870318}, "58": {"neighbours": [28, 36, 82, 113, 167, 183], "node_range": 17.0, "x": 100.359557, "y": 76.921348}, "59": {"neighbours": [21, 26, 127, 170, 173], "node_range": 17.0, "x": 19.475854, "y": 19.927503}, "60": {"neighbours": [162, 192, 196, 199], "node_range": 17.0, "x": 136.800783, "y": 21.272419}, "61": {"neighbours": [26, 42, 173], "node_range": 17.0, "x": 12.462908, "y": 43.512013}, "62": {"neighbours": [32, 98, 182], "node_range": 17.0, "x": 66.402442, "y": 99.088518}, "63": {"neighbours": [28, 36, 72, 82, 124, 132, 183, 193], "node_range": 17.0, "x": 118.546472, "y": 93.293436}, "64": {"neighbours": [74, 100, 122, 128, 130, 138, 153, 161], "node_range": 17.0, "x": 197.061902, "y": 155.93614}, "65": {"neighbours": [109, 194], "node_range": 17.0, "x": 191.502546, "y": 18.769178}, "66": {"neighbours": [83], "node_range": 17.0, "x": 149.607016, "y": 135.894734}, "67": {"neighbours": [56, 70, 154, 177, 190], "node_range": 17.0, "x": 87.612155, "y": 15.96676}, "68": {"neighbours": [1, 22, 76, 94, 96, 106, 146, 164, 185], "node_range": 17.0, "x": 3.883597, "y": 109.739398}, "69": {"neighbours": [87, 90, 168, 172], "node_range": 17.0, "x": 135.900182, "y": 150.840165}, "70": {"neighbours": [10, 56, 67, 154, 190], "node_range": 17.0, "x": 95.131487, "y": 8.304054}, "71": {"neighbours": [5, 13, 25, 47, 99, 125, 133], "node_range": 17.0, "x": 88.385703, "y": 138.881526}, "72": {"neighbours": [63, 193], "node_range": 17.0, "x": 130.76093, "y": 102.910779}, "73": {"neighbours": [54, 87, 90, 172], "node_range": 17.0, "x": 132.339435, "y": 169.918612}, "74": {"neighbours": [11, 64, 115, 128, 130, 138, 144, 153, 161], "node_range": 17.0, "x": 191.178195, "y": 150.010531}, "75": {"neighbours": [29, 52, 81, 110, 180], "node_range": 17.0, "x": 28.67667, "y": 174.520018}, "76": {"neighbours": [1, 22, 68, 94, 119, 146, 164, 185], "node_range": 17.0, "x": 5.211855, "y": 112.899917}, "77": {"neighbours": [160, 165, 166], "node_range": 17.0, "x": 168.29898, "y": 101.916172}, "78": {"neighbours": [54, 80, 123, 168], "node_range": 17.0, "x": 115.808349, "y": 160.028366}, "79": {"neighbours": [104, 114, 149, 156, 178], "node_range": 17.0, "x": 26.395087, "y": 72.314877}, "80": {"neighbours": [27, 78, 123, 140], "node_range": 17.0, "x": 101.337176, "y": 161.984555}, "81": {"neighbours": [8, 16, 75, 147], "node_range": 17.0, "x": 16.947053, "y": 186.053854}, "82": {"neighbours": [28, 36, 58, 63, 132, 183], "node_range": 17.0, "x": 104.598303, "y": 85.84868}, "83": {"neighbours": [66, 152, 195], "node_range": 17.0, "x": 141.470028, "y": 128.117483}, "84": {"neighbours": [12, 104, 178, 186], "node_range": 17.0, "x": 39.464221, "y": 61.333117},