{"1": {"neighbours": [70, 111, 127, 129, 145, 167], "node_range": 17.0, "x": 158.556336, "y": 90.146042}, "2": {"neighbours": [12, 53, 80, 102, 196], "node_range": 17.0, "x": 8.509726, "y": 22.912111}, "3": {"neighbours": [123, 173], "node_range": 17.0, "x": 169.91417, "y": 0.496161}, "4": {"neighbours": [24, 39, 54, 114], "node_range": 17.0, "x": 89.373311, "y": 60.023341}, "5": {"neighbours": [144, 170, 183], "node_range": 17.0, "x": 121.553368, "y": 113.225069}, "6": {"neighbours": [23, 30, 38, 87, 195], "node_range": 17.0, "x": 173.85489, "y": 26.583692}, "7": {"neighbours": [56, 67, 157, 193], "node_range": 17.0, "x": 103.663457, "y": 36.119154}, "8": {"neighbours": [51, 55, 60, 86, 139, 168], "node_range": 17.0, "x": 70.160395, "y": 77.780658}, "9": {"neighbours": [77, 120, 133], "node_range": 17.0, "x": 179.112179, "y": 194.137496}, "10": {"neighbours": [35, 49, 72, 91, 108], "node_range": 17.0, "x": 174.783427, "y": 116.676844}, "11": {"neighbours": [65, 68, 85, 142, 200], "node_range": 17.0, "x": 29.962059, "y": 90.657077}, "12": {"neighbours": [2, 53, 80, 94, 102, 196], "node_range": 17.0, "x": 12.999218, "y": 33.977415}, "13": {"neighbours": [44, 101, 126, 141, 181, 185, 188], "node_range": 17.0, "x": 135.522315, "y": 180.392764}, "14": {"neighbours": [56, 67, 78, 184], "node_range": 17.0, "x": 114.54217, "y": 16.182285}, "15": {"neighbours": [84, 90, 97, 131], "node_range": 17.0, "x": 134.014439, "y": 38.736822}, "16": {"neighbours": [58, 119], "node_range": 17.0, "x": 145.885396, "y": 132.743171}, "17": {"neighbours": [20, 51, 57, 95, 104], "node_range": 17.0, "x": 43.090549, "y": 72.075127}, "18": {"neighbours": [44, 155, 166, 188], "node_range": 17.0, "x": 146.114391, "y": 165.181511}, "19": {"neighbours": [36, 39, 98, 114, 130, 153], "node_range": 17.0, "x": 103.507848, "y": 73.673049}, "20": {"neighbours": [17, 57, 95, 104, 112], "node_range": 17.0, "x": 41.023433, "y": 65.802443}, "21": {"neighbours": [70, 96, 127, 145, 152], "node_range": 17.0, "x": 137.803587, "y": 77.102117}, "22": {"neighbours": [33, 45], "node_range": 17.0, "x": 82.819333, "y": 135.755808}, "23": {"neighbours": [6, 30, 38, 87], "node_range": 17.0, "x": 185.375248, "y": 32.577677}, "24": {"neighbours": [4, 39, 54, 86, 114], "node_range": 17.0, "x": 87.659533, "y": 65.453539}, "25": {"neighbours": [43, 113, 156, 158, 182], "node_range": 17.0, "x": 53.821497, "y": 29.375247}, "26": {"neighbours": [194], "node_range": 17.0, "x": 102.868377, "y": 199.371652}, "27": {"neighbours": [87, 147], "node_range": 17.0, "x": 193.677162, "y": 16.03716}, "28": {"neighbours": [41, 42, 73, 81, 179, 180], "node_range": 17.0, "x": 64.069467, "y": 111.123318}, "29": {"neighbours": [50, 109, 117, 163, 174, 175, 176], "node_range": 17.0, "x": 184.353926, "y": 74.051703}, "30": {"neighbours": [6, 23, 38, 87], "node_range": 17.0, "x": 183.367441, "y": 35.087998}, "31": {"neighbours": [48, 92], "node_range": 17.0, "x": 170.660543, "y": 155.175902}, "32": {"neighbours": [144, 170], "node_range": 17.0, "x": 103.056666, "y": 112.646859}, "33": {"neighbours": [22, 47, 105], "node_range": 17.0, "x": 67.661933, "y": 142.018785}, "34": {"neighbours": [48], "node_range": 17.0, "x": 187.602196, "y": 152.884906}, "35": {"neighbours": [10, 72], "node_range": 17.0, "x": 168.544432, "y": 127.619056}, "36": {"neighbours": [19, 114, 130, 172], "node_range": 17.0, "x": 102.236787, "y": 83.751286}, "37": {"neighbours": [59, 115, 135, 198], "node_range": 17.0, "x": 5.709766, "y": 74.241746}, "38": {"neighbours": [6, 23, 30, 87], "node_range": 17.0, "x": 179.794102, "y": 30.060282}, "39": {"neighbours": [4, 19, 24, 54, 98, 130, 153], "node_range": 17.0, "x": 98.7725, "y": 63.599124}, "40": {"neighbours": [65, 68, 160, 200], "node_range": 17.0, "x": 27.127488, "y": 108.534371}, "41": {"neighbours": [28, 42, 73, 81, 148], "node_range": 17.0, "x": 61.256841, "y": 121.031763}, "42": {"neighbours": [28, 41, 81, 148, 180], "node_range": 17.0, "x": 68.937265, "y": 118.927556}, "43": {"neighbours": [25, 156], "node_range": 17.0, "x": 46.038461, "y": 35.701171}, "44": {"neighbours": [13, 18, 101, 126, 181, 185, 188], "node_range": 17.0, "x": 135.71444, "y": 176.37939}, "45": {"neighbours": [22, 99], "node_range": 17.0, "x": 87.944892, "y": 141.099174}, "46": {"neighbours": [169], "node_range": 17.0, "x": 198.823155, "y": 171.537712}, "47": {"neighbours": [33, 105, 136, 162], "node_range": 17.0, "x": 62.325073, "y": 153.440389}, "48": {"neighbours": [31, 34, 92], "node_range": 17.0, "x": 181.872912, "y": 156.121456}, "49": {"neighbours": [10, 72, 91, 111, 129, 167], "node_range": 17.0, "x": 161.306021, "y": 111.253453}, "50": {"neighbours": [29, 106, 150, 174, 199], "node_range": 17.0, "x": 192.468943, "y": 88.049742}, "51": {"neighbours": [8, 17, 55, 60, 64, 125], "node_range": 17.0, "x": 55.737578, "y": 74.783291}, "52": {"neighbours": [98, 130, 153], "node_range": 17.0, "x": 120.189523, "y": 61.53011}, "53": {"neighbours": [2, 12, 80, 102, 196], "node_range": 17.0, "x": 11.943689, "y": 33.097582}, "54": {"neighbours": [4, 24, 39, 114], "node_range": 17.0, "x": 86.566942, "y": 70.76518}, "55": {"neighbours": [8, 51, 60, 64, 86, 125], "node_range": 17.0, "x": 63.054327, "y": 72.448814}, "56": {"neighbours": [7, 14, 67, 184], "node_range": 17.0, "x": 104.847772, "y": 26.539881}, "57": {"neighbours": [17, 20, 63, 95, 104, 112, 142], "node_range": 17.0, "x": 28.543682, "y": 70.493199}, "58": {"neighbours": [16, 119], "node_range": 17.0, "x": 144.430867, "y": 137.314777}, "59": {"neighbours": [37, 115, 135, 198], "node_range": 17.0, "x": 2.50823, "y": 69.36954}, "60": {"neighbours": [8, 51, 55, 139], "node_range": 17.0, "x": 63.076357, "y": 77.915002}, "61": {"neighbours": [117, 175], "node_range": 17.0, "x": 192.154856, "y": 56.068973}, "62": {"neighbours": [108], "node_range": 17.0, "x": 193.610691, "y": 129.314631}, "63": {"neighbours": [57, 95, 104, 112], "node_range": 17.0, "x": 22.083701, "y": 61.641877}, "64": {"neighbours": [51, 55, 86, 125], "node_range": 17.0, "x": 58.445957, "y": 60.613624}, "65": {"neighbours": [11, 40, 68, 85, 142, 177, 200], "node_range": 17.0, "x": 21.079926, "y": 95.101899}, "66": {"neighbours": [140], "node_range": 17.0, "x": 25.160299, "y": 6.333012}, "67": {"neighbours": [7, 14, 56, 184, 193], "node_range": 17.0, "x": 109.94477, "y": 29.321925}, "68": {"neighbours": [11, 40, 65, 85, 200], "node_range": 17.0, "x": 36.128136, "y": 96.770322}, "69": {"neighbours": [75, 76, 88, 121, 186, 189], "node_range": 17.0, "x": 26.130078, "y": 187.927864}, "70": {"neighbours": [1, 21, 96, 127, 145], "node_range": 17.0, "x": 145.067856, "y": 83.275433}, "71": {"neighbours": [100, 132, 149, 192], "node_range": 17.0, "x": 111.642614, "y": 163.774594}, "72": {"neighbours": [10, 35, 49, 119], "node_range": 17.0, "x": 163.504937, "y": 127.387012}, "73": {"neighbours": [28, 41, 81, 139, 179], "node_range": 17.0, "x": 56.583488, "y": 105.615533}, "74": {"neighbours": [113, 154, 158, 182, 191], "node_range": 17.0, "x": 74.525338, "y": 31.500099}, "75": {"neighbours": [69, 107, 121], "node_range": 17.0, "x": 36.523594, "y": 194.99601}, "76": {"neighbours": [69, 186, 189], "node_range": 17.0, "x": 14.666002, "y": 194.292526}, "77": {"neighbours": [9, 169], "node_range": 17.0, "x": 190.405674, "y": 192.523899}, "78": {"neighbours": [14, 137, 184], "node_range": 17.0, "x": 118.649292, "y": 10.173172}, "79": {"neighbours": [161], "node_range": 17.0, "x": 43.863008, "y": 11.822538}, "80": {"neighbours": [2, 12, 53, 94, 116, 140], "node_range": 17.0, "x": 17.31103, "y": 23.896501}, "81": {"neighbours": [28, 41, 42, 73, 148], "node_range": 17.0, "x": 58.058617, "y": 117.875178}, "82": {"neighbours": [110], "node_range": 17.0, "x": 89.661929, "y": 3.703938}, "83": {"neighbours": [160], "node_range": 17.0, "x": 32.620254, "y": 125.333695}, "84": {"neighbours": [15, 97], "node_range": 17.0, "x": 148.611594, "y": 44.750039}, "85": {"neighbours": [11, 65, 68, 142], "node_range": 17.0, "x": 23.760599, "y": 88.705143},