{"1": {"neighbours": [21, 48, 76], "node_range": 11.0, "x": 48.794179, "y": 0.10622}, "2": {"neighbours": [75], "node_range": 11.0, "x": 63.721411, "y": 86.014493}, "3": {"neighbours": [16, 29], "node_range": 11.0, "x": 38.475596, "y": 40.875945}, "4": {"neighbours": [31, 38, 52, 61, 62, 63], "node_range": 11.0, "x": 56.000211, "y": 40.658167}, "5": {"neighbours": [7, 78], "node_range": 11.0, "x": 99.316778, "y": 10.615966}, "6": {"neighbours": [94], "node_range": 11.0, "x": 0.952504, "y": 89.070335}, "7": {"neighbours": [5, 14, 78], "node_range": 11.0, "x": 96.565331, "y": 1.262058}, "8": {"neighbours": [17, 30, 93, 94], "node_range": 11.0, "x": 2.797407, "y": 75.480592}, "9": {"neighbours": [68, 69, 70, 85], "node_range": 11.0, "x": 77.282653, "y": 52.662828}, "10": {"neighbours": [57], "node_range": 11.0, "x": 75.635628, "y": 36.780649}, "11": {"neighbours": [18, 77, 84, 86, 87], "node_range": 11.0, "x": 41.193262, "y": 27.428919}, "12": {"neighbours": [71, 90, 96], "node_range": 11.0, "x": 18.165479, "y": 29.529806}, "13": {"neighbours": [33], "node_range": 11.0, "x": 88.207624, "y": 87.931433}, "14": {"neighbours": [7, 78], "node_range": 11.0, "x": 88.55316, "y": 3.631504}, "15": {"neighbours": [46, 66, 81, 82, 88], "node_range": 11.0, "x": 61.165811, "y": 22.504438}, "16": {"neighbours": [3, 29, 39], "node_range": 11.0, "x": 31.306193, "y": 46.130095}, "17": {"neighbours": [8, 30, 58, 93, 94], "node_range": 11.0, "x": 3.958537, "y": 70.96676}, "18": {"neighbours": [11, 42, 51, 77, 86, 88], "node_range": 11.0, "x": 40.830429, "y": 17.599304}, "19": {"neighbours": [40, 53, 64, 100], "node_range": 11.0, "x": 30.466143, "y": 89.271227}, "20": {"neighbours": [40, 41], "node_range": 11.0, "x": 16.944105, "y": 93.596984}, "21": {"neighbours": [1, 48, 51, 76, 81, 88], "node_range": 11.0, "x": 48.67197, "y": 9.044774}, "22": {"neighbours": [64, 65], "node_range": 11.0, "x": 43.500614, "y": 92.631233}, "23": {"neighbours": [59, 60, 69, 70, 83, 95], "node_range": 11.0, "x": 81.227523, "y": 63.628648}, "24": {"neighbours": [56, 60], "node_range": 11.0, "x": 96.967061, "y": 51.946148}, "25": {"neighbours": [34, 43, 58], "node_range": 11.0, "x": 12.072288, "y": 56.377918}, "26": {"neighbours": [36, 89], "node_range": 11.0, "x": 70.601314, "y": 99.300658}, "27": {"neighbours": [50, 97, 99], "node_range": 11.0, "x": 51.207648, "y": 63.651035}, "28": {"neighbours": [35, 37, 96], "node_range": 11.0, "x": 4.851518, "y": 26.013049}, "29": {"neighbours": [3, 16, 39, 55, 91], "node_range": 11.0, "x": 30.84369, "y": 47.305127}, "30": {"neighbours": [8, 17, 94], "node_range": 11.0, "x": 13.372702, "y": 73.905295}, "31": {"neighbours": [4, 47, 52, 73, 85], "node_range": 11.0, "x": 65.408821, "y": 43.939593}, "32": {"neighbours": [42, 48, 51], "node_range": 11.0, "x": 33.469586, "y": 7.652378}, "33": {"neighbours": [13], "node_range": 11.0, "x": 97.772964, "y": 89.505023}, "34": {"neighbours": [25, 43, 55], "node_range": 11.0, "x": 15.936008, "y": 51.06943}, "35": {"neighbours": [28, 37, 96], "node_range": 11.0, "x": 3.044467, "y": 36.105082}, "36": {"neighbours": [26], "node_range": 11.0, "x": 77.561142, "y": 97.382178}, "37": {"neighbours": [28, 35, 96], "node_range": 11.0, "x": 0.736356, "y": 29.966524}, "38": {"neighbours": [4, 61, 62, 98], "node_range": 11.0, "x": 47.80685, "y": 47.481764}, "39": {"neighbours": [16, 29, 55, 91], "node_range": 11.0, "x": 29.264563, "y": 47.601467}, "40": {"neighbours": [19, 20, 41, 64, 100], "node_range": 11.0, "x": 26.242757, "y": 98.680754}, "41": {"neighbours": [20, 40, 64], "node_range": 11.0, "x": 23.442247, "y": 99.722557}, "42": {"neighbours": [18, 32, 48, 51], "node_range": 11.0, "x": 37.059895, "y": 9.035193}, "43": {"neighbours": [25, 34], "node_range": 11.0, "x": 14.216872, "y": 53.916211}, "44": {"neighbours": [71, 72], "node_range": 11.0, "x": 19.590874, "y": 17.924042}, "45": {"neighbours": [55], "node_range": 11.0, "x": 23.235296, "y": 64.441791}, "46": {"neighbours": [15, 54, 66, 80, 82], "node_range": 11.0, "x": 67.67275, "y": 19.084425}, "47": {"neighbours": [31, 49, 68, 73, 85, 97, 98], "node_range": 11.0, "x": 65.431699, "y": 49.556818}, "48": {"neighbours": [1, 21, 32, 42, 51, 76], "node_range": 11.0, "x": 42.373604, "y": 1.703473}, "49": {"neighbours": [47, 50, 68, 73, 97, 98], "node_range": 11.0, "x": 61.287885, "y": 58.355794}, "50": {"neighbours": [27, 49, 79, 97], "node_range": 11.0, "x": 59.059185, "y": 65.260666}, "51": {"neighbours": [18, 21, 32, 42, 48, 76], "node_range": 11.0, "x": 39.725588, "y": 7.630632}, "52": {"neighbours": [4, 31, 61, 62, 63], "node_range": 11.0, "x": 56.641855, "y": 37.320751}, "53": {"neighbours": [19, 100], "node_range": 11.0, "x": 30.22948, "y": 81.705222}, "54": {"neighbours": [46, 80], "node_range": 11.0, "x": 77.429224, "y": 15.104927}, "55": {"neighbours": [29, 34, 39, 45, 91], "node_range": 11.0, "x": 25.339145, "y": 55.58853}, "56": {"neighbours": [24, 60, 69, 74], "node_range": 11.0, "x": 95.19093, "y": 57.51335}, "57": {"neighbours": [10], "node_range": 11.0, "x": 81.34519, "y": 39.901124}, "58": {"neighbours": [17, 25, 93], "node_range": 11.0, "x": 6.44821, "y": 63.125261}, "59": {"neighbours": [23, 68, 70, 79], "node_range": 11.0, "x": 71.00656, "y": 64.526602}, "60": {"neighbours": [23, 24, 56, 69, 70, 74, 95], "node_range": 11.0, "x": 90.848525, "y": 59.653904}, "61": {"neighbours": [4, 38, 52, 62, 63, 87], "node_range": 11.0, "x": 53.251304, "y": 38.753285}, "62": {"neighbours": [4, 38, 52, 61, 97, 98], "node_range": 11.0, "x": 52.760397, "y": 47.319269}, "63": {"neighbours": [4, 52, 61, 87], "node_range": 11.0, "x": 50.214605, "y": 36.321183}, "64": {"neighbours": [19, 22, 40, 41, 100], "node_range": 11.0, "x": 34.030086, "y": 97.29092}, "65": {"neighbours": [22], "node_range": 11.0, "x": 48.872795, "y": 95.295782}, "66": {"neighbours": [15, 46, 82], "node_range": 11.0, "x": 61.710255, "y": 25.459499}, "67": {"neighbours": [75], "node_range": 11.0, "x": 54.460146, "y": 76.199649}, "68": {"neighbours": [9, 47, 49, 59, 73, 85], "node_range": 11.0, "x": 69.52839, "y": 54.401561}, "69": {"neighbours": [9, 23, 56, 60, 70], "node_range": 11.0, "x": 86.713419, "y": 56.790812}, "70": {"neighbours": [9, 23, 59, 60, 69], "node_range": 11.0, "x": 80.79359, "y": 60.415812}, "71": {"neighbours": [12, 44, 84], "node_range": 11.0, "x": 25.021601, "y": 26.670455}, "72": {"neighbours": [44], "node_range": 11.0, "x": 15.87657, "y": 15.364146}, "73": {"neighbours": [31, 47, 49, 68, 85, 97, 98], "node_range": 11.0, "x": 64.153759, "y": 50.608259}, "74": {"neighbours": [56, 60, 92, 95], "node_range": 11.0, "x": 96.752974, "y": 66.443707}, "75": {"neighbours": [2, 67], "node_range": 11.0, "x": 55.810193, "y": 85.483207}, "76": {"neighbours": [1, 21, 48, 51, 81, 88], "node_range": 11.0, "x": 49.103252, "y": 10.005896}, "77": {"neighbours": [11, 18, 84, 86, 87], "node_range": 11.0, "x": 40.84654, "y": 21.562681}, "78": {"neighbours": [5, 7, 14], "node_range": 11.0, "x": 98.52189, "y": 0.744983}, "79": {"neighbours": [50, 59], "node_range": 11.0, "x": 66.927946, "y": 71.628859}, "80": {"neighbours": [46, 54], "node_range": 11.0, "x": 72.662607, "y": 19.863594}, "81": {"neighbours": [15, 21, 76, 82, 88], "node_range": 11.0, "x": 53.664447, "y": 17.111241}, "82": {"neighbours": [15, 46, 66, 81, 88], "node_range": 11.0, "x": 58.506936, "y": 16.08626}, "83": {"neighbours": [23, 95], "node_range": 11.0, "x": 79.048966, "y": 72.729309}, "84": {"neighbours": [11, 71, 77, 86], "node_range": 11.0, "x": 34.893819, "y": 27.217098}, "85": {"neighbours": [9, 31, 47, 68, 73], "node_range": 11.0, "x": 72.16678, "y": 51.244094}, "86": {"neighbours": [11, 18, 77, 84, 87, 88], "node_range": 11.0, "x": 41.79894, "y": 21.030287}, "87": {"neighbours": [11, 61, 63, 77, 86], "node_range": 11.0, "x": 48.231782, "y": 29.357839}, "88": {"neighbours": [15, 18, 21, 76, 81, 82, 86], "node_range": 11.0, "x": 51.644283, "y": 18.604892}, "89": {"neighbours": [26], "node_range": 11.0, "x": 61.857725, "y": 98.496497},