{"1": {"neighbours": [66, 85], "node_range": 11.0, "x": 13.337828, "y": 95.350589}, "2": {"neighbours": [7, 56, 76, 81, 98], "node_range": 11.0, "x": 49.087623, "y": 40.834842}, "3": {"neighbours": [5, 6, 39], "node_range": 11.0, "x": 67.641054, "y": 5.556824}, "4": {"neighbours": [14, 59, 82], "node_range": 11.0, "x": 59.668829, "y": 83.869423}, "5": {"neighbours": [3, 42, 79, 84], "node_range": 11.0, "x": 58.836076, "y": 5.367837}, "6": {"neighbours": [3, 39, 91], "node_range": 11.0, "x": 71.470204, "y": 12.836402}, "7": {"neighbours": [2, 48, 56, 76, 81, 98], "node_range": 11.0, "x": 45.201785, "y": 36.832615}, "8": {"neighbours": [13, 28, 30, 69], "node_range": 11.0, "x": 86.690211, "y": 28.173526}, "9": {"neighbours": [20, 36, 51, 63], "node_range": 11.0, "x": 31.117663, "y": 67.340008}, "10": {"neighbours": [20, 24, 36, 62, 73], "node_range": 11.0, "x": 14.251982, "y": 70.925935}, "11": {"neighbours": [17, 21], "node_range": 11.0, "x": 17.096413, "y": 59.609691}, "12": {"neighbours": [61, 82, 90, 100], "node_range": 11.0, "x": 45.928385, "y": 82.492471}, "13": {"neighbours": [8, 23, 28], "node_range": 11.0, "x": 94.371944, "y": 35.277418}, "14": {"neighbours": [4, 59], "node_range": 11.0, "x": 60.775049, "y": 76.9535}, "15": {"neighbours": [37], "node_range": 11.0, "x": 95.629156, "y": 92.507868}, "16": {"neighbours": [25, 26, 31, 87], "node_range": 11.0, "x": 8.495342, "y": 23.913216}, "17": {"neighbours": [11, 21, 71, 83], "node_range": 11.0, "x": 12.331792, "y": 55.466761}, "18": {"neighbours": [41, 57, 65], "node_range": 11.0, "x": 74.564308, "y": 51.429366}, "19": {"neighbours": [96, 97], "node_range": 11.0, "x": 91.26634, "y": 77.314258}, "20": {"neighbours": [9, 10, 22, 24, 36, 51, 63, 73], "node_range": 11.0, "x": 23.661158, "y": 74.654876}, "21": {"neighbours": [11, 17, 83], "node_range": 11.0, "x": 19.480051, "y": 49.340765}, "22": {"neighbours": [20, 24, 36, 51, 63, 73, 85], "node_range": 11.0, "x": 22.72685, "y": 80.412292}, "23": {"neighbours": [13, 65, 88], "node_range": 11.0, "x": 86.583213, "y": 42.34728}, "24": {"neighbours": [10, 20, 22, 36, 51, 63, 73], "node_range": 11.0, "x": 18.993761, "y": 73.436512}, "25": {"neighbours": [16, 26, 31, 33, 87], "node_range": 11.0, "x": 3.528824, "y": 27.763246}, "26": {"neighbours": [16, 25], "node_range": 11.0, "x": 1.799819, "y": 20.966512}, "27": {"neighbours": [89], "node_range": 11.0, "x": 25.482699, "y": 0.645843}, "28": {"neighbours": [8, 13, 69], "node_range": 11.0, "x": 97.04189, "y": 25.231792}, "29": {"neighbours": [64, 98], "node_range": 11.0, "x": 36.329397, "y": 44.658228}, "30": {"neighbours": [8, 32, 46, 69, 75, 88], "node_range": 11.0, "x": 79.631942, "y": 30.964422}, "31": {"neighbours": [16, 25, 33, 52, 67, 87], "node_range": 11.0, "x": 9.602109, "y": 32.804379}, "32": {"neighbours": [30, 44, 46, 75, 88], "node_range": 11.0, "x": 74.784716, "y": 31.178371}, "33": {"neighbours": [25, 31, 52, 67, 87], "node_range": 11.0, "x": 5.061726, "y": 37.685744}, "34": {"neighbours": [86], "node_range": 11.0, "x": 90.729528, "y": 13.924349}, "35": {"neighbours": [86], "node_range": 11.0, "x": 79.693726, "y": 0.180649}, "36": {"neighbours": [9, 10, 20, 22, 24, 51, 63, 73], "node_range": 11.0, "x": 22.803585, "y": 70.373445}, "37": {"neighbours": [15], "node_range": 11.0, "x": 97.729887, "y": 91.672158}, "38": {"neighbours": [86], "node_range": 11.0, "x": 93.349461, "y": 0.374384}, "39": {"neighbours": [3, 6, 91], "node_range": 11.0, "x": 67.553769, "y": 13.199501}, "40": {"neighbours": [99], "node_range": 11.0, "x": 80.744315, "y": 98.776005}, "41": {"neighbours": [18, 53, 95], "node_range": 11.0, "x": 65.379596, "y": 46.907158}, "42": {"neighbours": [5, 79, 84], "node_range": 11.0, "x": 56.629989, "y": 9.847511}, "43": {"neighbours": [78, 96], "node_range": 11.0, "x": 99.757676, "y": 69.233738}, "44": {"neighbours": [32, 46, 50, 75, 88], "node_range": 11.0, "x": 68.503366, "y": 34.551076}, "45": {"neighbours": [58, 70], "node_range": 11.0, "x": 78.627458, "y": 76.515967}, "46": {"neighbours": [30, 32, 44, 75, 88], "node_range": 11.0, "x": 74.368848, "y": 31.740263}, "47": {"neighbours": [74, 79, 84], "node_range": 11.0, "x": 44.825519, "y": 11.076955}, "48": {"neighbours": [7, 72], "node_range": 11.0, "x": 43.103985, "y": 29.195481}, "49": {"neighbours": [72], "node_range": 11.0, "x": 31.879558, "y": 25.764008}, "50": {"neighbours": [44, 56, 76, 81], "node_range": 11.0, "x": 61.078283, "y": 34.317393}, "51": {"neighbours": [9, 20, 22, 24, 36, 61, 63], "node_range": 11.0, "x": 26.178439, "y": 76.249412}, "52": {"neighbours": [31, 33, 67, 87], "node_range": 11.0, "x": 13.397918, "y": 35.948211}, "53": {"neighbours": [41, 95], "node_range": 11.0, "x": 60.306231, "y": 49.30101}, "54": {"neighbours": [66, 77], "node_range": 11.0, "x": 3.643447, "y": 89.417134}, "55": {"neighbours": [64, 80, 92], "node_range": 11.0, "x": 42.930968, "y": 59.312648}, "56": {"neighbours": [2, 7, 50, 76, 81], "node_range": 11.0, "x": 54.087444, "y": 31.216457}, "57": {"neighbours": [18, 60, 65], "node_range": 11.0, "x": 79.264651, "y": 54.55882}, "58": {"neighbours": [45], "node_range": 11.0, "x": 81.132859, "y": 83.397911}, "59": {"neighbours": [4, 14], "node_range": 11.0, "x": 63.981309, "y": 84.885344}, "60": {"neighbours": [57, 70], "node_range": 11.0, "x": 77.590059, "y": 62.802183}, "61": {"neighbours": [12, 51, 90], "node_range": 11.0, "x": 36.07767, "y": 78.941538}, "62": {"neighbours": [10, 73], "node_range": 11.0, "x": 8.332631, "y": 68.276217}, "63": {"neighbours": [9, 20, 22, 24, 36, 51], "node_range": 11.0, "x": 26.463813, "y": 71.078049}, "64": {"neighbours": [29, 55, 92, 98], "node_range": 11.0, "x": 43.076456, "y": 53.127476}, "65": {"neighbours": [18, 23, 57, 75, 88], "node_range": 11.0, "x": 80.490702, "y": 44.080554}, "66": {"neighbours": [1, 54, 77], "node_range": 11.0, "x": 7.904021, "y": 92.107451}, "67": {"neighbours": [31, 33, 52, 87], "node_range": 11.0, "x": 14.761993, "y": 34.814061}, "68": {"neighbours": [82, 100], "node_range": 11.0, "x": 52.530749, "y": 96.315667}, "69": {"neighbours": [8, 28, 30], "node_range": 11.0, "x": 87.764432, "y": 24.971353}, "70": {"neighbours": [45, 60], "node_range": 11.0, "x": 75.82551, "y": 67.618979}, "71": {"neighbours": [17], "node_range": 11.0, "x": 6.793658, "y": 49.086844}, "72": {"neighbours": [48, 49], "node_range": 11.0, "x": 42.07297, "y": 24.407506}, "73": {"neighbours": [10, 20, 22, 24, 36, 62], "node_range": 11.0, "x": 14.52468, "y": 73.799498}, "74": {"neighbours": [47, 79, 84], "node_range": 11.0, "x": 42.700916, "y": 11.263021}, "75": {"neighbours": [30, 32, 44, 46, 65, 88], "node_range": 11.0, "x": 74.452241, "y": 40.404195}, "76": {"neighbours": [2, 7, 50, 56, 81, 98], "node_range": 11.0, "x": 51.314267, "y": 36.541082}, "77": {"neighbours": [54, 66], "node_range": 11.0, "x": 6.351456, "y": 85.722828}, "78": {"neighbours": [43, 96], "node_range": 11.0, "x": 99.632406, "y": 67.402288}, "79": {"neighbours": [5, 42, 47, 74, 84], "node_range": 11.0, "x": 50.534911, "y": 8.981173}, "80": {"neighbours": [55, 90], "node_range": 11.0, "x": 44.334836, "y": 68.243184}, "81": {"neighbours": [2, 7, 50, 56, 76], "node_range": 11.0, "x": 54.18627, "y": 33.038422}, "82": {"neighbours": [4, 12, 68, 100], "node_range": 11.0, "x": 53.103446, "y": 89.787904}, "83": {"neighbours": [17, 21], "node_range": 11.0, "x": 18.223661, "y": 46.85167}, "84": {"neighbours": [5, 42, 47, 74, 79], "node_range": 11.0, "x": 52.212117, "y": 6.27781}, "85": {"neighbours": [1, 22], "node_range": 11.0, "x": 18.782208, "y": 90.053783}, "86": {"neighbours": [34, 35, 38], "node_range": 11.0, "x": 88.33616, "y": 4.862252}, "87": {"neighbours": [16, 25, 31, 33, 52, 67], "node_range": 11.0, "x": 12.052882, "y": 31.873539}, "88": {"neighbours": [23, 30, 32, 44, 46, 65, 75], "node_range": 11.0, "x": 76.24814, "y": 39.590363}, "89": {"neighbours": [27], "node_range": 11.0, "x": 17.06562, "y": 5.895046}, "90": {"neighbours": [12, 61, 80, 100], "node_range": 11.0, "x": 45.561635,