{"1": {"neighbours": [11, 30, 41, 48, 66, 86], "node_range": 11.0, "x": 18.568925, "y": 55.970246}, "2": {"neighbours": [13, 20, 23, 32, 64, 82, 98], "node_range": 11.0, "x": 52.50539, "y": 20.55915}, "3": {"neighbours": [29, 34, 40, 61], "node_range": 11.0, "x": 68.57327, "y": 91.596185}, "4": {"neighbours": [5, 6, 16, 39, 88], "node_range": 11.0, "x": 23.456742, "y": 15.461111}, "5": {"neighbours": [4, 6, 16, 18, 28, 73], "node_range": 11.0, "x": 14.374907, "y": 9.318858}, "6": {"neighbours": [4, 5, 16, 28, 37, 39], "node_range": 11.0, "x": 17.860814, "y": 18.075937}, "7": {"neighbours": [81, 89, 98], "node_range": 11.0, "x": 62.047882, "y": 5.64376}, "8": {"neighbours": [19, 33, 47, 52, 55, 60, 69, 76], "node_range": 11.0, "x": 67.595267, "y": 59.299845}, "9": {"neighbours": [27], "node_range": 11.0, "x": 84.919379, "y": 44.346977}, "10": {"neighbours": [46, 90], "node_range": 11.0, "x": 18.392016, "y": 75.068134}, "11": {"neighbours": [1, 30, 48, 57, 66, 86], "node_range": 11.0, "x": 11.532321, "y": 51.500352}, "12": {"neighbours": [38, 67, 75], "node_range": 11.0, "x": 83.901264, "y": 68.836451}, "13": {"neighbours": [2, 43, 74, 78, 94], "node_range": 11.0, "x": 45.13699, "y": 26.904041}, "14": {"neighbours": [75, 77], "node_range": 11.0, "x": 88.968592, "y": 80.667076}, "15": {"neighbours": [39, 44, 71], "node_range": 11.0, "x": 30.260936, "y": 6.031185}, "16": {"neighbours": [4, 5, 6, 28, 37, 70], "node_range": 11.0, "x": 16.991741, "y": 17.429993}, "17": {"neighbours": [45], "node_range": 11.0, "x": 40.203972, "y": 77.876504}, "18": {"neighbours": [5, 28, 70, 100], "node_range": 11.0, "x": 6.027365, "y": 16.477154}, "19": {"neighbours": [8, 76], "node_range": 11.0, "x": 74.179028, "y": 50.853309}, "20": {"neighbours": [2, 82, 98], "node_range": 11.0, "x": 48.794316, "y": 16.032217}, "21": {"neighbours": [58, 91], "node_range": 11.0, "x": 5.616695, "y": 37.940406}, "22": {"neighbours": [31, 40], "node_range": 11.0, "x": 85.939493, "y": 96.897279}, "23": {"neighbours": [2, 32, 64, 81, 82, 98], "node_range": 11.0, "x": 59.845337, "y": 18.621712}, "24": {"neighbours": [49], "node_range": 11.0, "x": 67.741802, "y": 29.493696}, "25": {"neighbours": [36, 60, 72], "node_range": 11.0, "x": 48.902767, "y": 60.307126}, "26": {"neighbours": [68], "node_range": 11.0, "x": 89.283038, "y": 20.430243}, "27": {"neighbours": [9, 51], "node_range": 11.0, "x": 91.351685, "y": 52.325266}, "28": {"neighbours": [5, 6, 16, 18, 70, 73, 100], "node_range": 11.0, "x": 11.885855, "y": 13.587147}, "29": {"neighbours": [3, 34, 40, 61], "node_range": 11.0, "x": 67.137954, "y": 96.552727}, "30": {"neighbours": [1, 11, 41, 62, 66, 86], "node_range": 11.0, "x": 18.980771, "y": 56.915694}, "31": {"neighbours": [22], "node_range": 11.0, "x": 90.434942, "y": 91.930746}, "32": {"neighbours": [2, 23, 64, 81, 82, 98], "node_range": 11.0, "x": 60.895646, "y": 18.580011}, "33": {"neighbours": [8, 47, 52, 55, 59, 60, 69], "node_range": 11.0, "x": 63.179586, "y": 65.056515}, "34": {"neighbours": [3, 29, 61, 92], "node_range": 11.0, "x": 59.401909, "y": 93.973628}, "35": {"neighbours": [97], "node_range": 11.0, "x": 50.661946, "y": 44.980563}, "36": {"neighbours": [25, 60, 72, 99], "node_range": 11.0, "x": 48.582054, "y": 60.409212}, "37": {"neighbours": [6, 16, 70], "node_range": 11.0, "x": 13.762362, "y": 26.488311}, "38": {"neighbours": [12], "node_range": 11.0, "x": 82.118755, "y": 59.90554}, "39": {"neighbours": [4, 6, 15, 44, 88], "node_range": 11.0, "x": 27.432329, "y": 13.633786}, "40": {"neighbours": [3, 22, 29], "node_range": 11.0, "x": 76.133519, "y": 95.553301}, "41": {"neighbours": [1, 30, 95], "node_range": 11.0, "x": 27.435841, "y": 53.180558}, "42": {"neighbours": [47, 55, 63, 67], "node_range": 11.0, "x": 74.588625, "y": 75.107243}, "43": {"neighbours": [13, 44, 74, 78, 88, 94], "node_range": 11.0, "x": 38.316708, "y": 19.767356}, "44": {"neighbours": [15, 39, 43, 71, 88], "node_range": 11.0, "x": 36.116783, "y": 10.959448}, "45": {"neighbours": [17], "node_range": 11.0, "x": 44.886754, "y": 77.784292}, "46": {"neighbours": [10, 50, 62], "node_range": 11.0, "x": 23.78321, "y": 73.355035}, "47": {"neighbours": [8, 33, 42, 52, 55, 59, 63, 67, 69], "node_range": 11.0, "x": 69.688012, "y": 68.591047}, "48": {"neighbours": [1, 11, 66, 86], "node_range": 11.0, "x": 11.858829, "y": 48.293448}, "49": {"neighbours": [24], "node_range": 11.0, "x": 73.184874, "y": 29.471446}, "50": {"neighbours": [46, 85], "node_range": 11.0, "x": 29.105633, "y": 82.33612}, "51": {"neighbours": [27], "node_range": 11.0, "x": 96.50182, "y": 59.350756}, "52": {"neighbours": [8, 33, 47, 55, 60, 69, 76], "node_range": 11.0, "x": 62.599318, "y": 62.802802}, "53": {"neighbours": [56, 65, 87], "node_range": 11.0, "x": 13.430573, "y": 98.446768}, "54": {"neighbours": [79], "node_range": 11.0, "x": 99.552878, "y": 37.079365}, "55": {"neighbours": [8, 33, 42, 47, 52, 69], "node_range": 11.0, "x": 68.953088, "y": 66.334185}, "56": {"neighbours": [53, 65, 87, 96], "node_range": 11.0, "x": 6.737926, "y": 91.956537}, "57": {"neighbours": [11, 58, 66], "node_range": 11.0, "x": 2.314197, "y": 54.674711}, "58": {"neighbours": [21, 57], "node_range": 11.0, "x": 0.8035, "y": 46.946804}, "59": {"neighbours": [33, 47, 63, 69], "node_range": 11.0, "x": 60.652495, "y": 73.91568}, "60": {"neighbours": [8, 25, 33, 36, 52, 69], "node_range": 11.0, "x": 58.822459, "y": 59.174512}, "61": {"neighbours": [3, 29, 34, 92], "node_range": 11.0, "x": 60.52575, "y": 92.255498}, "62": {"neighbours": [30, 46], "node_range": 11.0, "x": 25.631913, "y": 64.516875}, "63": {"neighbours": [42, 47, 59], "node_range": 11.0, "x": 64.05352, "y": 77.339009}, "64": {"neighbours": [2, 23, 32, 81, 82, 98], "node_range": 11.0, "x": 60.691971, "y": 17.41372}, "65": {"neighbours": [53, 56], "node_range": 11.0, "x": 2.968768, "y": 97.677565}, "66": {"neighbours": [1, 11, 30, 48, 57, 86], "node_range": 11.0, "x": 12.889937, "y": 56.531768}, "67": {"neighbours": [12, 42, 47], "node_range": 11.0, "x": 76.64801, "y": 76.462202}, "68": {"neighbours": [26, 80, 83], "node_range": 11.0, "x": 78.673047, "y": 17.923607}, "69": {"neighbours": [8, 33, 47, 52, 55, 59, 60], "node_range": 11.0, "x": 65.900928, "y": 64.558739}, "70": {"neighbours": [16, 18, 28, 37, 100], "node_range": 11.0, "x": 6.69584, "y": 19.582267}, "71": {"neighbours": [15, 44], "node_range": 11.0, "x": 32.275532, "y": 1.079866}, "72": {"neighbours": [25, 36, 95, 99], "node_range": 11.0, "x": 40.96889, "y": 55.362407}, "73": {"neighbours": [5, 28, 93, 100], "node_range": 11.0, "x": 10.503285, "y": 4.279842}, "74": {"neighbours": [13, 43, 78, 88, 94], "node_range": 11.0, "x": 36.26435, "y": 24.065549}, "75": {"neighbours": [12, 14, 77], "node_range": 11.0, "x": 87.597396, "y": 72.798845}, "76": {"neighbours": [8, 19, 52], "node_range": 11.0, "x": 68.650627, "y": 53.803649}, "77": {"neighbours": [14, 75], "node_range": 11.0, "x": 96.954169, "y": 74.397246}, "78": {"neighbours": [13, 43, 74, 88, 94], "node_range": 11.0, "x": 38.591773, "y": 26.721379}, "79": {"neighbours": [54], "node_range": 11.0, "x": 99.764124, "y": 40.912218}, "80": {"neighbours": [68, 83], "node_range": 11.0, "x": 76.220858, "y": 15.997426}, "81": {"neighbours": [7, 23, 32, 64, 82, 83, 98], "node_range": 11.0, "x": 62.641837, "y": 12.244985}, "82": {"neighbours": [2, 20, 23, 32, 64, 81, 98], "node_range": 11.0, "x": 55.670169, "y": 14.771277}, "83": {"neighbours": [68, 80, 81, 89], "node_range": 11.0, "x": 72.929347, "y": 9.795947}, "84": {"neighbours": [85], "node_range": 11.0, "x": 39.242682, "y": 90.537058}, "85": {"neighbours": [50, 84], "node_range": 11.0, "x": 30.298752, "y": 85.11889}, "86": {"neighbours": [1, 11, 30, 48, 66], "node_range": 11.0, "x": 14.100043, "y": 59.026927}, "87": {"neighbours": [53, 56, 96], "node_range": 11.0, "x": 13.453927, "y": 89.524767}, "88": {"neighbours": [4, 39, 43, 44, 74, 78], "node_range": 11.0, "x": 32.954083, "y": 18.112663}, "89": {"neighbours": [7, 83], "node_range": 11.0,