{"1": {"neighbours": [62, 77, 79, 80, 92], "node_range": 11.0, "x": 42.595093, "y": 17.910064}, "2": {"neighbours": [99], "node_range": 11.0, "x": 15.278683, "y": 62.035663}, "3": {"neighbours": [48, 59], "node_range": 11.0, "x": 16.087856, "y": 3.869058}, "4": {"neighbours": [7, 35, 38, 40, 81, 83, 89, 98], "node_range": 11.0, "x": 24.993748, "y": 78.46423}, "5": {"neighbours": [24, 30, 64, 96], "node_range": 11.0, "x": 29.80277, "y": 44.028438}, "6": {"neighbours": [11, 12, 50], "node_range": 11.0, "x": 50.341747, "y": 84.053099}, "7": {"neighbours": [4, 52, 81, 83, 89, 98], "node_range": 11.0, "x": 30.012047, "y": 83.447059}, "8": {"neighbours": [22], "node_range": 11.0, "x": 68.199943, "y": 70.725726}, "9": {"neighbours": [39, 45, 47], "node_range": 11.0, "x": 92.605353, "y": 66.309877}, "10": {"neighbours": [14, 17, 18, 23, 65, 85, 86], "node_range": 11.0, "x": 60.239472, "y": 40.750379}, "11": {"neighbours": [6, 12, 50, 97], "node_range": 11.0, "x": 49.269242, "y": 85.062003}, "12": {"neighbours": [6, 11, 63, 97], "node_range": 11.0, "x": 42.707186, "y": 90.10832}, "13": {"neighbours": [26, 32, 33, 71], "node_range": 11.0, "x": 7.418241, "y": 52.32769}, "14": {"neighbours": [10, 17, 18, 23, 36, 85, 86], "node_range": 11.0, "x": 62.675903, "y": 39.261758}, "15": {"neighbours": [47, 75, 87], "node_range": 11.0, "x": 97.782923, "y": 54.265667}, "16": {"neighbours": [19, 31, 54, 99], "node_range": 11.0, "x": 1.835322, "y": 71.300625}, "17": {"neighbours": [10, 14, 28, 43, 65, 100], "node_range": 11.0, "x": 57.780245, "y": 48.7483}, "18": {"neighbours": [10, 14, 23, 85, 86], "node_range": 11.0, "x": 58.4648, "y": 33.8523}, "19": {"neighbours": [16, 31, 35, 38, 40, 54, 69, 89, 99], "node_range": 11.0, "x": 10.249831, "y": 75.90593}, "20": {"neighbours": [57, 60], "node_range": 11.0, "x": 66.56953, "y": 11.752681}, "21": {"neighbours": [55], "node_range": 11.0, "x": 82.212253, "y": 4.539319}, "22": {"neighbours": [8], "node_range": 11.0, "x": 69.477772, "y": 71.409957}, "23": {"neighbours": [10, 14, 18, 86], "node_range": 11.0, "x": 54.585325, "y": 34.531054}, "24": {"neighbours": [5, 44], "node_range": 11.0, "x": 23.767536, "y": 35.894871}, "25": {"neighbours": [27, 57, 60, 85], "node_range": 11.0, "x": 70.915426, "y": 28.325873}, "26": {"neighbours": [13, 32, 33, 44], "node_range": 11.0, "x": 10.698723, "y": 48.676545}, "27": {"neighbours": [25, 57, 60, 68, 84], "node_range": 11.0, "x": 75.911579, "y": 21.461323}, "28": {"neighbours": [17, 37, 43, 65, 100], "node_range": 11.0, "x": 62.73049, "y": 51.865308}, "29": {"neighbours": [62, 80], "node_range": 11.0, "x": 51.482515, "y": 11.310445}, "30": {"neighbours": [5, 46, 96], "node_range": 11.0, "x": 22.19082, "y": 49.078221}, "31": {"neighbours": [16, 19, 54], "node_range": 11.0, "x": 1.253937, "y": 75.964644}, "32": {"neighbours": [13, 26, 33], "node_range": 11.0, "x": 0.875795, "y": 44.671118}, "33": {"neighbours": [13, 26, 32, 71], "node_range": 11.0, "x": 5.089053, "y": 47.226185}, "34": {"neighbours": [72], "node_range": 11.0, "x": 95.951385, "y": 5.318877}, "35": {"neighbours": [4, 19, 38, 40, 69, 89, 99], "node_range": 11.0, "x": 14.276053, "y": 77.576871}, "36": {"neighbours": [14, 65, 85], "node_range": 11.0, "x": 72.288491, "y": 41.201738}, "37": {"neighbours": [28, 43, 65, 100], "node_range": 11.0, "x": 62.35983, "y": 60.36443}, "38": {"neighbours": [4, 19, 35, 40, 69, 89, 99], "node_range": 11.0, "x": 14.076228, "y": 79.320986}, "39": {"neighbours": [9, 45, 47, 56], "node_range": 11.0, "x": 91.332027, "y": 69.974662}, "40": {"neighbours": [4, 19, 35, 38, 69, 81, 89, 99], "node_range": 11.0, "x": 19.714782, "y": 75.375863}, "41": {"neighbours": [82], "node_range": 11.0, "x": 37.101939, "y": 61.640274}, "42": {"neighbours": [56, 61, 70], "node_range": 11.0, "x": 87.216598, "y": 81.877864}, "43": {"neighbours": [17, 28, 37, 65, 100], "node_range": 11.0, "x": 60.052058, "y": 52.38256}, "44": {"neighbours": [24, 26, 78], "node_range": 11.0, "x": 14.938138, "y": 38.703918}, "45": {"neighbours": [9, 39, 47], "node_range": 11.0, "x": 97.399792, "y": 66.123344}, "46": {"neighbours": [30, 82, 96], "node_range": 11.0, "x": 24.398103, "y": 54.262454}, "47": {"neighbours": [9, 15, 39, 45, 87], "node_range": 11.0, "x": 92.241578, "y": 63.052379}, "48": {"neighbours": [3, 59], "node_range": 11.0, "x": 7.706891, "y": 9.348724}, "49": {"neighbours": [51, 64], "node_range": 11.0, "x": 44.618657, "y": 41.560277}, "50": {"neighbours": [6, 11], "node_range": 11.0, "x": 57.660533, "y": 87.631073}, "51": {"neighbours": [49, 64], "node_range": 11.0, "x": 40.853759, "y": 45.304619}, "52": {"neighbours": [7, 83, 90, 91], "node_range": 11.0, "x": 25.899594, "y": 89.884861}, "53": {"neighbours": [62], "node_range": 11.0, "x": 56.224773, "y": 21.613322}, "54": {"neighbours": [16, 19, 31, 99], "node_range": 11.0, "x": 2.730421, "y": 74.494153}, "55": {"neighbours": [21], "node_range": 11.0, "x": 84.448449, "y": 5.017584}, "56": {"neighbours": [39, 42], "node_range": 11.0, "x": 82.473467, "y": 73.486778}, "57": {"neighbours": [20, 25, 27, 60], "node_range": 11.0, "x": 69.27889, "y": 19.149181}, "58": {"neighbours": [66, 68, 84, 95], "node_range": 11.0, "x": 88.093062, "y": 31.979679}, "59": {"neighbours": [3, 48], "node_range": 11.0, "x": 18.125925, "y": 6.04026}, "60": {"neighbours": [20, 25, 27, 57, 84], "node_range": 11.0, "x": 72.329111, "y": 20.812455}, "61": {"neighbours": [42, 70], "node_range": 11.0, "x": 78.444732, "y": 86.541753}, "62": {"neighbours": [1, 29, 53, 80], "node_range": 11.0, "x": 52.364661, "y": 17.547845}, "63": {"neighbours": [12, 97], "node_range": 11.0, "x": 45.68894, "y": 97.562934}, "64": {"neighbours": [5, 49, 51], "node_range": 11.0, "x": 40.123176, "y": 45.754329}, "65": {"neighbours": [10, 17, 28, 36, 37, 43], "node_range": 11.0, "x": 65.939173, "y": 49.991267}, "66": {"neighbours": [58, 75, 95], "node_range": 11.0, "x": 89.896128, "y": 38.215823}, "67": {"neighbours": [87], "node_range": 11.0, "x": 80.273679, "y": 49.051176}, "68": {"neighbours": [27, 58, 84], "node_range": 11.0, "x": 82.918809, "y": 28.654001}, "69": {"neighbours": [19, 35, 38, 40, 89], "node_range": 11.0, "x": 13.879963, "y": 83.315667}, "70": {"neighbours": [42, 61], "node_range": 11.0, "x": 87.410026, "y": 87.726744}, "71": {"neighbours": [13, 33], "node_range": 11.0, "x": 1.9202, "y": 55.695888}, "72": {"neighbours": [34], "node_range": 11.0, "x": 93.233739, "y": 13.872691}, "73": {"neighbours": [78], "node_range": 11.0, "x": 17.944521, "y": 25.772922}, "74": {"neighbours": [82], "node_range": 11.0, "x": 26.586871, "y": 65.99063}, "75": {"neighbours": [15, 66, 95], "node_range": 11.0, "x": 98.683176, "y": 43.965941}, "76": {"neighbours": [77, 79], "node_range": 11.0, "x": 37.570376, "y": 32.552759}, "77": {"neighbours": [1, 76, 79, 80, 92], "node_range": 11.0, "x": 40.930756, "y": 23.768052}, "78": {"neighbours": [44, 73], "node_range": 11.0, "x": 15.984422, "y": 28.11898}, "79": {"neighbours": [1, 76, 77, 80, 92], "node_range": 11.0, "x": 39.801544, "y": 22.85355}, "80": {"neighbours": [1, 29, 62, 77, 79, 92], "node_range": 11.0, "x": 43.549958, "y": 16.637218}, "81": {"neighbours": [4, 7, 40, 83, 89, 98], "node_range": 11.0, "x": 28.293973, "y": 78.073272}, "82": {"neighbours": [41, 46, 74], "node_range": 11.0, "x": 31.306448, "y": 62.578244}, "83": {"neighbours": [4, 7, 52, 81, 98], "node_range": 11.0, "x": 33.51646, "y": 82.198605}, "84": {"neighbours": [27, 58, 60, 68], "node_range": 11.0, "x": 82.760674, "y": 22.462219}, "85": {"neighbours": [10, 14, 18, 25, 36, 86], "node_range": 11.0, "x": 65.925873, "y": 36.636227}, "86": {"neighbours": [10, 14, 18, 23, 85], "node_range": 11.0, "x": 58.749619, "y": 32.898148}, "87": {"neighbours": [15, 47, 67], "node_range": 11.0, "x": 89.919078, "y": 52.368842}, "88": {"neighbours": [93, 100], "node_range": 11.0, "x": 55.475975, "y": 69.25375}, "89": {"neighbours": [4, 7, 19, 35, 38, 40, 69, 81, 99], "node_range": 11.0, "x": 20.336319, "y": 79.272509},