{"1": {"neighbours": [75], "node_range": 11.0, "x": 29.333385, "y": 35.036713}, "2": {"neighbours": [11, 61, 72, 90, 93], "node_range": 11.0, "x": 11.481449, "y": 57.405617}, "3": {"neighbours": [42], "node_range": 11.0, "x": 92.622833, "y": 8.17577}, "4": {"neighbours": [9, 23, 73, 83], "node_range": 11.0, "x": 81.500607, "y": 17.469686}, "5": {"neighbours": [33, 66], "node_range": 11.0, "x": 38.848214, "y": 26.098218}, "6": {"neighbours": [21, 25, 49], "node_range": 11.0, "x": 55.873565, "y": 63.120597}, "7": {"neighbours": [17, 26, 37, 43, 67, 92, 99], "node_range": 11.0, "x": 55.917378, "y": 92.129422}, "8": {"neighbours": [40, 47, 70], "node_range": 11.0, "x": 29.389671, "y": 66.649306}, "9": {"neighbours": [4, 23, 39, 52, 73, 83, 96], "node_range": 11.0, "x": 85.917066, "y": 25.5471}, "10": {"neighbours": [71], "node_range": 11.0, "x": 74.823118, "y": 99.386282}, "11": {"neighbours": [2, 40, 90], "node_range": 11.0, "x": 18.719362, "y": 62.608799}, "12": {"neighbours": [34, 41, 82], "node_range": 11.0, "x": 28.85683, "y": 16.22521}, "13": {"neighbours": [19, 48, 54, 84, 94], "node_range": 11.0, "x": 82.17335, "y": 67.312949}, "14": {"neighbours": [36, 46, 53, 95], "node_range": 11.0, "x": 72.421821, "y": 44.791595}, "15": {"neighbours": [83, 96], "node_range": 11.0, "x": 88.766811, "y": 36.271118}, "16": {"neighbours": [65, 85], "node_range": 11.0, "x": 53.812631, "y": 2.51704}, "17": {"neighbours": [7, 26, 37, 64, 92], "node_range": 11.0, "x": 45.985861, "y": 94.806973}, "18": {"neighbours": [35, 57, 75, 100], "node_range": 11.0, "x": 35.448564, "y": 46.653403}, "19": {"neighbours": [13, 24, 48, 54, 84, 94], "node_range": 11.0, "x": 86.203923, "y": 67.387293}, "20": {"neighbours": [28, 31, 56, 86], "node_range": 11.0, "x": 19.947176, "y": 93.077942}, "21": {"neighbours": [6, 25, 27, 49], "node_range": 11.0, "x": 50.654916, "y": 59.694739}, "22": {"neighbours": [47, 70, 79], "node_range": 11.0, "x": 38.657309, "y": 73.428454}, "23": {"neighbours": [4, 9, 39, 52, 73, 83, 96], "node_range": 11.0, "x": 83.253685, "y": 25.405233}, "24": {"neighbours": [19, 84, 94], "node_range": 11.0, "x": 93.391153, "y": 70.530092}, "25": {"neighbours": [6, 21, 49, 98], "node_range": 11.0, "x": 49.829536, "y": 67.813281}, "26": {"neighbours": [7, 17, 64, 92], "node_range": 11.0, "x": 45.504549, "y": 93.68767}, "27": {"neighbours": [21, 49, 100], "node_range": 11.0, "x": 49.018401, "y": 54.321282}, "28": {"neighbours": [20, 31], "node_range": 11.0, "x": 9.70441, "y": 89.374119}, "29": {"neighbours": [71], "node_range": 11.0, "x": 83.285177, "y": 89.722577}, "30": {"neighbours": [34, 69, 77, 89], "node_range": 11.0, "x": 12.417028, "y": 12.464676}, "31": {"neighbours": [20, 28], "node_range": 11.0, "x": 9.351787, "y": 95.958326}, "32": {"neighbours": [54], "node_range": 11.0, "x": 68.044597, "y": 61.511528}, "33": {"neighbours": [5, 35, 66, 75], "node_range": 11.0, "x": 40.262162, "y": 31.464221}, "34": {"neighbours": [12, 30, 41, 82], "node_range": 11.0, "x": 22.795833, "y": 10.325594}, "35": {"neighbours": [18, 33, 57, 66, 75, 100], "node_range": 11.0, "x": 39.107153, "y": 41.462049}, "36": {"neighbours": [14, 53, 80, 81, 95], "node_range": 11.0, "x": 66.285515, "y": 43.117453}, "37": {"neighbours": [7, 17, 43, 67], "node_range": 11.0, "x": 56.598573, "y": 97.445054}, "38": {"neighbours": [69, 77, 89], "node_range": 11.0, "x": 6.805018, "y": 23.376732}, "39": {"neighbours": [9, 23, 44, 46, 52, 96], "node_range": 11.0, "x": 78.379081, "y": 30.26921}, "40": {"neighbours": [8, 11, 70, 90], "node_range": 11.0, "x": 24.011904, "y": 68.068462}, "41": {"neighbours": [12, 34, 82], "node_range": 11.0, "x": 29.55447, "y": 8.866585}, "42": {"neighbours": [3], "node_range": 11.0, "x": 86.260582, "y": 3.864048}, "43": {"neighbours": [7, 37, 67, 92, 99], "node_range": 11.0, "x": 54.922533, "y": 87.496167}, "44": {"neighbours": [39, 46, 52, 78], "node_range": 11.0, "x": 71.914326, "y": 29.567194}, "45": {"neighbours": [76, 88], "node_range": 11.0, "x": 17.032261, "y": 77.397748}, "46": {"neighbours": [14, 39, 44, 52, 96], "node_range": 11.0, "x": 76.430502, "y": 36.833402}, "47": {"neighbours": [8, 22, 49, 70, 79], "node_range": 11.0, "x": 38.002883, "y": 67.496623}, "48": {"neighbours": [13, 19, 54, 84, 94], "node_range": 11.0, "x": 80.233231, "y": 72.896126}, "49": {"neighbours": [6, 21, 25, 27, 47], "node_range": 11.0, "x": 45.140194, "y": 64.073931}, "50": {"neighbours": [55, 58], "node_range": 11.0, "x": 92.633301, "y": 53.398051}, "51": {"neighbours": [62, 68, 74, 78], "node_range": 11.0, "x": 58.069618, "y": 19.025775}, "52": {"neighbours": [9, 23, 39, 44, 46, 78, 96], "node_range": 11.0, "x": 75.548218, "y": 27.489976}, "53": {"neighbours": [14, 36, 80, 81, 95], "node_range": 11.0, "x": 68.578622, "y": 48.089082}, "54": {"neighbours": [13, 19, 32, 48], "node_range": 11.0, "x": 76.691138, "y": 63.505402}, "55": {"neighbours": [50], "node_range": 11.0, "x": 85.113694, "y": 52.471924}, "56": {"neighbours": [20, 86], "node_range": 11.0, "x": 20.230394, "y": 92.75598}, "57": {"neighbours": [18, 35, 75, 100], "node_range": 11.0, "x": 36.627204, "y": 50.999334}, "58": {"neighbours": [50], "node_range": 11.0, "x": 97.414536, "y": 52.805181}, "59": {"neighbours": [68, 74], "node_range": 11.0, "x": 46.599953, "y": 16.353832}, "60": {"neighbours": [63, 88], "node_range": 11.0, "x": 1.488396, "y": 80.297162}, "61": {"neighbours": [2, 72, 90, 93], "node_range": 11.0, "x": 8.701555, "y": 57.547595}, "62": {"neighbours": [51, 65, 68, 74, 87], "node_range": 11.0, "x": 61.654575, "y": 11.264679}, "63": {"neighbours": [60, 76, 88, 97], "node_range": 11.0, "x": 5.219008, "y": 76.410661}, "64": {"neighbours": [17, 26, 92], "node_range": 11.0, "x": 44.338873, "y": 95.087915}, "65": {"neighbours": [16, 62, 85, 87], "node_range": 11.0, "x": 57.85963, "y": 2.156871}, "66": {"neighbours": [5, 33, 35, 75], "node_range": 11.0, "x": 40.359529, "y": 36.597907}, "67": {"neighbours": [7, 37, 43, 99], "node_range": 11.0, "x": 56.128472, "y": 88.064768}, "68": {"neighbours": [51, 59, 62, 74], "node_range": 11.0, "x": 53.907383, "y": 17.240751}, "69": {"neighbours": [30, 38, 77, 89], "node_range": 11.0, "x": 6.552698, "y": 13.183702}, "70": {"neighbours": [8, 22, 40, 47, 79], "node_range": 11.0, "x": 34.221187, "y": 67.074074}, "71": {"neighbours": [10, 29], "node_range": 11.0, "x": 83.426894, "y": 94.638866}, "72": {"neighbours": [2, 61, 90, 93, 97], "node_range": 11.0, "x": 5.398819, "y": 60.495221}, "73": {"neighbours": [4, 9, 23], "node_range": 11.0, "x": 81.366239, "y": 16.873034}, "74": {"neighbours": [51, 59, 62, 68], "node_range": 11.0, "x": 57.410054, "y": 17.386382}, "75": {"neighbours": [1, 18, 33, 35, 57, 66, 100], "node_range": 11.0, "x": 38.135032, "y": 40.370197}, "76": {"neighbours": [45, 63, 88], "node_range": 11.0, "x": 14.889159, "y": 79.277735}, "77": {"neighbours": [30, 38, 69, 89], "node_range": 11.0, "x": 7.99556, "y": 18.834691}, "78": {"neighbours": [44, 51, 52], "node_range": 11.0, "x": 67.711932, "y": 21.662693}, "79": {"neighbours": [22, 47, 70], "node_range": 11.0, "x": 39.097317, "y": 73.706839}, "80": {"neighbours": [36, 53, 81], "node_range": 11.0, "x": 60.568211, "y": 47.829856}, "81": {"neighbours": [36, 53, 80], "node_range": 11.0, "x": 62.024167, "y": 40.032868}, "82": {"neighbours": [12, 34, 41], "node_range": 11.0, "x": 27.651011, "y": 13.668002}, "83": {"neighbours": [4, 9, 15, 23], "node_range": 11.0, "x": 88.741067, "y": 25.57099}, "84": {"neighbours": [13, 19, 24, 48, 94], "node_range": 11.0, "x": 90.430239, "y": 71.188349}, "85": {"neighbours": [16, 65], "node_range": 11.0, "x": 49.522401, "y": 1.662336}, "86": {"neighbours": [20, 56, 91], "node_range": 11.0, "x": 25.287716, "y": 87.790141}, "87": {"neighbours": [62, 65], "node_range": 11.0, "x": 64.531995, "y": 8.582427}, "88": {"neighbours": [45, 60, 63, 76, 97], "node_range": 11.0, "x": 7.611771, "y": 76.971347}, "89": {"neighbours": [30, 38, 69, 77], "node_range": 11.0, "x": 9.161255, "y": 19.859401},