{"1": {"neighbours": [69], "node_range": 12.0, "x": 1.674329, "y": 32.503533}, "2": {"neighbours": [9, 61], "node_range": 12.0, "x": 13.208059, "y": 83.225603}, "3": {"neighbours": [10, 33, 54], "node_range": 12.0, "x": 30.175287, "y": 77.502691}, "4": {"neighbours": [11, 18, 23, 40, 43], "node_range": 12.0, "x": 67.53997, "y": 21.230134}, "5": {"neighbours": [26, 42, 64, 68, 81], "node_range": 12.0, "x": 78.262148, "y": 71.252925}, "6": {"neighbours": [52, 72], "node_range": 12.0, "x": 40.10694, "y": 39.538347}, "7": {"neighbours": [23, 24, 72], "node_range": 12.0, "x": 54.779085, "y": 26.900226}, "8": {"neighbours": [17, 25, 46, 93], "node_range": 12.0, "x": 99.018325, "y": 15.08363}, "9": {"neighbours": [2, 61], "node_range": 12.0, "x": 8.033841, "y": 85.503357}, "10": {"neighbours": [3, 20, 22, 31, 51, 97], "node_range": 12.0, "x": 33.287573, "y": 86.559579}, "11": {"neighbours": [4, 18, 40, 43, 88], "node_range": 12.0, "x": 78.730311, "y": 21.897899}, "12": {"neighbours": [16, 44], "node_range": 12.0, "x": 55.670868, "y": 98.148321}, "13": {"neighbours": [59, 83], "node_range": 12.0, "x": 70.853679, "y": 97.034067}, "14": {"neighbours": [18, 32, 36, 43, 100], "node_range": 12.0, "x": 68.507622, "y": 33.650085}, "15": {"neighbours": [45, 50], "node_range": 12.0, "x": 98.639888, "y": 57.15889}, "16": {"neighbours": [12, 20, 22, 29, 44, 51, 82], "node_range": 12.0, "x": 52.315485, "y": 89.178073}, "17": {"neighbours": [8, 25, 46, 66, 73, 93], "node_range": 12.0, "x": 91.003633, "y": 11.955384}, "18": {"neighbours": [4, 11, 14, 23, 32, 40, 43], "node_range": 12.0, "x": 69.325156, "y": 26.154133}, "19": {"neighbours": [28, 41, 65, 71, 95, 98, 100], "node_range": 12.0, "x": 78.614479, "y": 48.594529}, "20": {"neighbours": [10, 16, 22, 31, 44, 51, 97], "node_range": 12.0, "x": 42.27659, "y": 94.369979}, "21": {"neighbours": [29, 62, 89], "node_range": 12.0, "x": 47.096933, "y": 72.611708}, "22": {"neighbours": [10, 16, 20, 29, 44, 51, 62, 89, 97], "node_range": 12.0, "x": 43.784502, "y": 85.765972}, "23": {"neighbours": [4, 7, 18, 24], "node_range": 12.0, "x": 58.537997, "y": 25.25427}, "24": {"neighbours": [7, 23], "node_range": 12.0, "x": 53.565587, "y": 19.528572}, "25": {"neighbours": [8, 17, 46, 93], "node_range": 12.0, "x": 94.431579, "y": 16.535557}, "26": {"neighbours": [5, 28, 42, 81, 98], "node_range": 12.0, "x": 80.084192, "y": 62.932979}, "27": {"neighbours": [56, 63, 87, 94], "node_range": 12.0, "x": 99.629757, "y": 91.38489}, "28": {"neighbours": [19, 26, 42, 71, 81, 98], "node_range": 12.0, "x": 76.804566, "y": 59.053279}, "29": {"neighbours": [16, 21, 22, 44, 51, 62, 82, 89], "node_range": 12.0, "x": 51.896268, "y": 82.243637}, "30": {"neighbours": [45, 80, 86], "node_range": 12.0, "x": 96.164318, "y": 38.592575}, "31": {"neighbours": [10, 20, 97], "node_range": 12.0, "x": 31.067384, "y": 97.21309}, "32": {"neighbours": [14, 18, 36, 41, 43, 88, 100], "node_range": 12.0, "x": 71.959238, "y": 35.162221}, "33": {"neighbours": [3, 48, 54, 75], "node_range": 12.0, "x": 23.149809, "y": 71.189732}, "34": {"neighbours": [60, 67, 74], "node_range": 12.0, "x": 16.708377, "y": 42.647595}, "35": {"neighbours": [74, 78], "node_range": 12.0, "x": 25.954861, "y": 34.941319}, "36": {"neighbours": [14, 32, 39, 57, 65, 71, 96, 100], "node_range": 12.0, "x": 67.127207, "y": 41.671359}, "37": {"neighbours": [38], "node_range": 12.0, "x": 63.644557, "y": 69.26371}, "38": {"neighbours": [37], "node_range": 12.0, "x": 62.698594, "y": 68.202615}, "39": {"neighbours": [36, 57, 58, 65, 96], "node_range": 12.0, "x": 56.842501, "y": 43.45643}, "40": {"neighbours": [4, 11, 18, 43, 88], "node_range": 12.0, "x": 78.732284, "y": 22.698333}, "41": {"neighbours": [19, 32, 43, 71, 86, 88, 100], "node_range": 12.0, "x": 80.45825, "y": 38.947936}, "42": {"neighbours": [5, 26, 28, 81, 98], "node_range": 12.0, "x": 76.447358, "y": 63.670391}, "43": {"neighbours": [4, 11, 14, 18, 32, 40, 41, 88], "node_range": 12.0, "x": 76.507811, "y": 28.176956}, "44": {"neighbours": [12, 16, 20, 22, 29, 51, 97], "node_range": 12.0, "x": 49.670866, "y": 93.670393}, "45": {"neighbours": [15, 30, 80], "node_range": 12.0, "x": 98.433032, "y": 46.776864}, "46": {"neighbours": [8, 17, 25, 66, 73], "node_range": 12.0, "x": 90.469467, "y": 7.983948}, "47": {"neighbours": [53, 76, 78, 84, 91, 99], "node_range": 12.0, "x": 34.750122, "y": 24.914856}, "48": {"neighbours": [33, 55, 60, 75], "node_range": 12.0, "x": 21.965996, "y": 59.974275}, "49": {"neighbours": [77], "node_range": 12.0, "x": 21.812359, "y": 0.442577}, "50": {"neighbours": [15], "node_range": 12.0, "x": 95.348897, "y": 63.428237}, "51": {"neighbours": [10, 16, 20, 22, 29, 44, 62, 89, 97], "node_range": 12.0, "x": 43.86273, "y": 84.755505}, "52": {"neighbours": [6], "node_range": 12.0, "x": 34.121621, "y": 48.929743}, "53": {"neighbours": [47, 76, 91, 99], "node_range": 12.0, "x": 38.228209, "y": 14.117586}, "54": {"neighbours": [3, 33], "node_range": 12.0, "x": 30.621705, "y": 73.928934}, "55": {"neighbours": [48, 70], "node_range": 12.0, "x": 10.62765, "y": 62.152545}, "56": {"neighbours": [27, 63, 87, 94], "node_range": 12.0, "x": 99.916238, "y": 97.473835}, "57": {"neighbours": [36, 39, 65, 96, 100], "node_range": 12.0, "x": 62.004667, "y": 44.39793}, "58": {"neighbours": [39], "node_range": 12.0, "x": 53.061031, "y": 54.355723}, "59": {"neighbours": [13, 82, 90], "node_range": 12.0, "x": 66.787493, "y": 87.985354}, "60": {"neighbours": [34, 48, 67], "node_range": 12.0, "x": 18.132419, "y": 51.930256}, "61": {"neighbours": [2, 9], "node_range": 12.0, "x": 5.557326, "y": 79.137742}, "62": {"neighbours": [21, 22, 29, 51, 89], "node_range": 12.0, "x": 46.348737, "y": 76.815189}, "63": {"neighbours": [27, 56, 87, 94], "node_range": 12.0, "x": 96.265965, "y": 92.859534}, "64": {"neighbours": [5, 68, 81], "node_range": 12.0, "x": 81.59569, "y": 80.240263}, "65": {"neighbours": [19, 36, 39, 57, 71, 96, 98, 100], "node_range": 12.0, "x": 66.901698, "y": 49.005865}, "66": {"neighbours": [17, 46, 73], "node_range": 12.0, "x": 91.263757, "y": 3.135914}, "67": {"neighbours": [34, 60], "node_range": 12.0, "x": 15.033882, "y": 48.341179}, "68": {"neighbours": [5, 64], "node_range": 12.0, "x": 84.441787, "y": 80.879653}, "69": {"neighbours": [1, 92], "node_range": 12.0, "x": 4.389856, "y": 23.867073}, "70": {"neighbours": [55], "node_range": 12.0, "x": 1.10138, "y": 65.526885}, "71": {"neighbours": [19, 28, 36, 41, 65, 95, 98, 100], "node_range": 12.0, "x": 75.592366, "y": 48.464411}, "72": {"neighbours": [6, 7, 99], "node_range": 12.0, "x": 46.209463, "y": 30.175909}, "73": {"neighbours": [17, 46, 66, 79], "node_range": 12.0, "x": 84.716649, "y": 5.643593}, "74": {"neighbours": [34, 35, 78], "node_range": 12.0, "x": 25.743609, "y": 37.299321}, "75": {"neighbours": [33, 48], "node_range": 12.0, "x": 30.364364, "y": 61.716705}, "76": {"neighbours": [47, 53, 84, 91, 99], "node_range": 12.0, "x": 31.601944, "y": 19.329701}, "77": {"neighbours": [49], "node_range": 12.0, "x": 27.943876, "y": 0.329724}, "78": {"neighbours": [35, 47, 74, 84], "node_range": 12.0, "x": 29.92271, "y": 31.356816}, "79": {"neighbours": [73], "node_range": 12.0, "x": 75.910738, "y": 7.364486}, "80": {"neighbours": [30, 45, 95], "node_range": 12.0, "x": 93.107901, "y": 43.102779}, "81": {"neighbours": [5, 26, 28, 42, 64], "node_range": 12.0, "x": 81.096102, "y": 68.287902}, "82": {"neighbours": [16, 29, 59, 90], "node_range": 12.0, "x": 60.860949, "y": 87.129936}, "83": {"neighbours": [13, 85], "node_range": 12.0, "x": 74.943207, "y": 98.744522}, "84": {"neighbours": [47, 76, 78, 91], "node_range": 12.0, "x": 26.772919, "y": 21.244025}, "85": {"neighbours": [83], "node_range": 12.0, "x": 84.232123, "y": 95.914262}, "86": {"neighbours": [30, 41, 88, 93], "node_range": 12.0, "x": 88.554752, "y": 30.47589}, "87": {"neighbours": [27, 56, 63, 94], "node_range": 12.0, "x": 98.474846, "y": 85.835726}, "88": {"neighbours": [11, 32, 40, 41, 43, 86], "node_range": 12.0,