{"1": {"neighbours": [3, 15, 23, 31, 42, 43, 78], "node_range": 12.0, "x": 45.90393, "y": 22.450585}, "2": {"neighbours": [5, 55, 56, 99], "node_range": 12.0, "x": 78.039725, "y": 39.682026}, "3": {"neighbours": [1, 8, 15, 23, 31, 42, 43, 78], "node_range": 12.0, "x": 44.92216, "y": 20.723496}, "4": {"neighbours": [89], "node_range": 12.0, "x": 67.216602, "y": 0.368769}, "5": {"neighbours": [2, 28, 84, 99], "node_range": 12.0, "x": 68.11851, "y": 34.990674}, "6": {"neighbours": [14, 46, 58, 98, 100], "node_range": 12.0, "x": 64.863307, "y": 64.572039}, "7": {"neighbours": [9, 24, 57, 90, 94], "node_range": 12.0, "x": 12.637972, "y": 70.570389}, "8": {"neighbours": [3, 20, 31], "node_range": 12.0, "x": 34.250178, "y": 17.184111}, "9": {"neighbours": [7, 24, 57, 90, 94], "node_range": 12.0, "x": 15.276962, "y": 70.962775}, "10": {"neighbours": [19, 27, 38, 59, 61], "node_range": 12.0, "x": 30.288503, "y": 35.736153}, "11": {"neighbours": [35, 48, 65, 85], "node_range": 12.0, "x": 24.798733, "y": 91.729206}, "12": {"neighbours": [48, 52, 81, 90], "node_range": 12.0, "x": 11.634933, "y": 93.118212}, "13": {"neighbours": [68, 71, 87], "node_range": 12.0, "x": 51.63646, "y": 95.295623}, "14": {"neighbours": [6, 58, 63, 66, 98, 100], "node_range": 12.0, "x": 71.818248, "y": 66.253715}, "15": {"neighbours": [1, 3, 23, 42, 43, 78], "node_range": 12.0, "x": 49.124176, "y": 23.2599}, "16": {"neighbours": [22, 37, 67, 97], "node_range": 12.0, "x": 87.739742, "y": 32.074753}, "17": {"neighbours": [26, 34, 54, 70, 88], "node_range": 12.0, "x": 83.601368, "y": 91.360596}, "18": {"neighbours": [33, 75, 96], "node_range": 12.0, "x": 43.165514, "y": 51.557853}, "19": {"neighbours": [10, 27, 31, 38, 42, 61, 79], "node_range": 12.0, "x": 38.847849, "y": 33.257246}, "20": {"neighbours": [8, 31], "node_range": 12.0, "x": 26.36304, "y": 20.396611}, "21": {"neighbours": [60, 71, 73, 80], "node_range": 12.0, "x": 47.026818, "y": 81.095596}, "22": {"neighbours": [16, 37, 86, 97], "node_range": 12.0, "x": 96.272293, "y": 36.154768}, "23": {"neighbours": [1, 3, 15, 42, 43, 78], "node_range": 12.0, "x": 56.044025, "y": 20.004072}, "24": {"neighbours": [7, 9, 57, 94], "node_range": 12.0, "x": 9.743871, "y": 64.740573}, "25": {"neighbours": [40, 53, 60, 82, 95], "node_range": 12.0, "x": 34.18363, "y": 67.969074}, "26": {"neighbours": [17, 34, 47, 51, 92], "node_range": 12.0, "x": 77.109864, "y": 82.242152}, "27": {"neighbours": [10, 19, 38, 59, 61], "node_range": 12.0, "x": 29.325251, "y": 40.007938}, "28": {"neighbours": [5, 99], "node_range": 12.0, "x": 65.156832, "y": 45.127659}, "29": {"neighbours": [74, 83], "node_range": 12.0, "x": 72.050258, "y": 16.608243}, "30": {"neighbours": [41, 55, 56, 63], "node_range": 12.0, "x": 79.685613, "y": 53.505912}, "31": {"neighbours": [1, 3, 8, 19, 20, 38], "node_range": 12.0, "x": 34.844503, "y": 23.36718}, "32": {"neighbours": [50, 93], "node_range": 12.0, "x": 4.867574, "y": 35.065002}, "33": {"neighbours": [18, 61, 75, 79, 96], "node_range": 12.0, "x": 45.025312, "y": 46.198158}, "34": {"neighbours": [17, 26, 54, 70], "node_range": 12.0, "x": 83.415073, "y": 92.104684}, "35": {"neighbours": [11, 65, 85], "node_range": 12.0, "x": 30.296552, "y": 89.740591}, "36": {"neighbours": [44, 72], "node_range": 12.0, "x": 97.067131, "y": 68.909217}, "37": {"neighbours": [16, 22, 86, 97], "node_range": 12.0, "x": 96.370003, "y": 38.081547}, "38": {"neighbours": [10, 19, 27, 31, 61, 79], "node_range": 12.0, "x": 36.429187, "y": 33.028793}, "39": {"neighbours": [64, 77], "node_range": 12.0, "x": 12.448825, "y": 8.222214}, "40": {"neighbours": [25, 53, 60, 82, 95], "node_range": 12.0, "x": 39.832273, "y": 67.648406}, "41": {"neighbours": [30], "node_range": 12.0, "x": 89.150809, "y": 52.405172}, "42": {"neighbours": [1, 3, 15, 19, 23, 78, 79, 84], "node_range": 12.0, "x": 49.135669, "y": 28.386884}, "43": {"neighbours": [1, 3, 15, 23, 78], "node_range": 12.0, "x": 51.574991, "y": 13.249061}, "44": {"neighbours": [36, 88], "node_range": 12.0, "x": 98.682044, "y": 78.877958}, "45": {"neighbours": [67, 74, 83, 91], "node_range": 12.0, "x": 86.231847, "y": 10.896833}, "46": {"neighbours": [6, 47, 58, 98, 100], "node_range": 12.0, "x": 60.722835, "y": 75.82093}, "47": {"neighbours": [26, 46, 51, 62], "node_range": 12.0, "x": 68.132607, "y": 83.615385}, "48": {"neighbours": [11, 12, 85, 90], "node_range": 12.0, "x": 17.651294, "y": 82.829563}, "49": {"neighbours": [70], "node_range": 12.0, "x": 97.086298, "y": 93.228912}, "50": {"neighbours": [32], "node_range": 12.0, "x": 1.360234, "y": 25.152537}, "51": {"neighbours": [26, 47], "node_range": 12.0, "x": 74.181674, "y": 82.676352}, "52": {"neighbours": [12, 81], "node_range": 12.0, "x": 11.735417, "y": 98.866923}, "53": {"neighbours": [25, 40, 60, 82, 95], "node_range": 12.0, "x": 30.338641, "y": 68.638658}, "54": {"neighbours": [17, 34, 62], "node_range": 12.0, "x": 74.186195, "y": 96.880029}, "55": {"neighbours": [2, 30, 56], "node_range": 12.0, "x": 77.49207, "y": 46.916633}, "56": {"neighbours": [2, 30, 55, 99], "node_range": 12.0, "x": 77.096593, "y": 43.27202}, "57": {"neighbours": [7, 9, 24, 94], "node_range": 12.0, "x": 16.907608, "y": 67.801898}, "58": {"neighbours": [6, 14, 46, 98, 100], "node_range": 12.0, "x": 69.97457, "y": 71.42777}, "59": {"neighbours": [10, 27, 69], "node_range": 12.0, "x": 23.012938, "y": 36.410573}, "60": {"neighbours": [21, 25, 40, 53, 73, 80, 82, 95], "node_range": 12.0, "x": 38.184461, "y": 73.813495}, "61": {"neighbours": [10, 19, 27, 33, 38, 75, 79], "node_range": 12.0, "x": 37.796454, "y": 38.242499}, "62": {"neighbours": [47, 54, 68], "node_range": 12.0, "x": 64.630475, "y": 94.782803}, "63": {"neighbours": [14, 30, 66, 72, 100], "node_range": 12.0, "x": 79.067991, "y": 62.947417}, "64": {"neighbours": [39], "node_range": 12.0, "x": 8.774333, "y": 1.241379}, "65": {"neighbours": [11, 35, 81, 85], "node_range": 12.0, "x": 23.804629, "y": 96.366626}, "66": {"neighbours": [14, 63, 72, 92], "node_range": 12.0, "x": 82.912296, "y": 69.247487}, "67": {"neighbours": [16, 45, 74, 83, 97], "node_range": 12.0, "x": 88.603477, "y": 21.379622}, "68": {"neighbours": [13, 62, 87], "node_range": 12.0, "x": 55.502746, "y": 97.441744}, "69": {"neighbours": [59, 93], "node_range": 12.0, "x": 13.637361, "y": 43.539087}, "70": {"neighbours": [17, 34, 49], "node_range": 12.0, "x": 89.363439, "y": 97.450415}, "71": {"neighbours": [13, 21, 73, 80, 87], "node_range": 12.0, "x": 46.572828, "y": 84.901025}, "72": {"neighbours": [36, 63, 66, 92], "node_range": 12.0, "x": 85.982267, "y": 68.219122}, "73": {"neighbours": [21, 60, 71, 80], "node_range": 12.0, "x": 45.766398, "y": 82.228859}, "74": {"neighbours": [29, 45, 67, 83], "node_range": 12.0, "x": 78.821471, "y": 19.750798}, "75": {"neighbours": [18, 33, 61, 79, 96], "node_range": 12.0, "x": 46.902328, "y": 43.267029}, "76": {"neighbours": [94], "node_range": 12.0, "x": 21.52647, "y": 55.029487}, "77": {"neighbours": [39], "node_range": 12.0, "x": 22.169476, "y": 8.335967}, "78": {"neighbours": [1, 3, 15, 23, 42, 43], "node_range": 12.0, "x": 51.52316, "y": 19.404429}, "79": {"neighbours": [19, 33, 38, 42, 61, 75], "node_range": 12.0, "x": 42.26376, "y": 36.956646}, "80": {"neighbours": [21, 60, 71, 73], "node_range": 12.0, "x": 45.294359, "y": 80.115795}, "81": {"neighbours": [12, 52, 65], "node_range": 12.0, "x": 13.95109, "y": 97.657641}, "82": {"neighbours": [25, 40, 53, 60, 95], "node_range": 12.0, "x": 33.400499, "y": 73.377149}, "83": {"neighbours": [29, 45, 67, 74], "node_range": 12.0, "x": 80.965686, "y": 15.261022}, "84": {"neighbours": [5, 42, 99], "node_range": 12.0, "x": 57.0597, "y": 35.28472}, "85": {"neighbours": [11, 35, 48, 65, 90], "node_range": 12.0, "x": 24.641475, "y": 88.832107}, "86": {"neighbours": [22, 37], "node_range": 12.0, "x": 97.557345, "y": 43.04515}, "87": {"neighbours": [13, 68, 71], "node_range": 12.0, "x": 45.88731, "y": 95.532055}, "88": {"neighbours": [17, 44, 92], "node_range": 12.0,