{"1": {"neighbours": [10, 51], "node_range": 12.0, "x": 32.969068, "y": 8.282127}, "2": {"neighbours": [20, 26, 36, 42, 72, 79], "node_range": 12.0, "x": 52.481479, "y": 45.763021}, "3": {"neighbours": [40, 85], "node_range": 12.0, "x": 50.843962, "y": 2.299643}, "4": {"neighbours": [22, 68, 98], "node_range": 12.0, "x": 73.154001, "y": 59.471808}, "5": {"neighbours": [37, 61, 74, 83, 91], "node_range": 12.0, "x": 95.958186, "y": 31.706173}, "6": {"neighbours": [25, 81], "node_range": 12.0, "x": 18.01814, "y": 33.420148}, "7": {"neighbours": [59], "node_range": 12.0, "x": 78.981464, "y": 29.361231}, "8": {"neighbours": [14, 19, 55, 78], "node_range": 12.0, "x": 90.196698, "y": 2.485817}, "9": {"neighbours": [13, 48, 62, 67, 68, 75, 86], "node_range": 12.0, "x": 62.465798, "y": 68.195509}, "10": {"neighbours": [1, 51], "node_range": 12.0, "x": 32.603963, "y": 4.696349}, "11": {"neighbours": [54], "node_range": 12.0, "x": 96.510115, "y": 63.009096}, "12": {"neighbours": [15, 66, 70, 80, 100], "node_range": 12.0, "x": 20.115444, "y": 63.459667}, "13": {"neighbours": [9, 62, 67, 75], "node_range": 12.0, "x": 59.268595, "y": 69.549439}, "14": {"neighbours": [8, 19, 55], "node_range": 12.0, "x": 99.472928, "y": 3.148615}, "15": {"neighbours": [12, 43, 46, 87], "node_range": 12.0, "x": 26.513046, "y": 58.054087}, "16": {"neighbours": [77], "node_range": 12.0, "x": 35.462616, "y": 30.295413}, "17": {"neighbours": [30, 94], "node_range": 12.0, "x": 74.868402, "y": 40.907656}, "18": {"neighbours": [30, 89, 91, 96], "node_range": 12.0, "x": 87.507123, "y": 47.16118}, "19": {"neighbours": [8, 14, 55], "node_range": 12.0, "x": 94.712488, "y": 1.173111}, "20": {"neighbours": [2, 26, 36, 42, 79], "node_range": 12.0, "x": 51.741333, "y": 48.567812}, "21": {"neighbours": [26, 42, 67, 68, 75], "node_range": 12.0, "x": 61.469137, "y": 55.718388}, "22": {"neighbours": [4, 68, 98], "node_range": 12.0, "x": 74.003536, "y": 55.239923}, "23": {"neighbours": [46], "node_range": 12.0, "x": 34.228871, "y": 43.329817}, "24": {"neighbours": [27, 60, 76, 88, 95], "node_range": 12.0, "x": 41.014343, "y": 92.381904}, "25": {"neighbours": [6, 82], "node_range": 12.0, "x": 18.740969, "y": 38.620884}, "26": {"neighbours": [2, 20, 21, 36, 42, 79], "node_range": 12.0, "x": 49.884846, "y": 54.148972}, "27": {"neighbours": [24, 60, 76, 88, 95], "node_range": 12.0, "x": 40.496768, "y": 94.366805}, "28": {"neighbours": [39, 54], "node_range": 12.0, "x": 96.138642, "y": 78.143955}, "29": {"neighbours": [53, 62], "node_range": 12.0, "x": 57.249603, "y": 85.373313}, "30": {"neighbours": [17, 18, 91], "node_range": 12.0, "x": 79.16774, "y": 42.636706}, "31": {"neighbours": [51], "node_range": 12.0, "x": 20.925145, "y": 0.642662}, "32": {"neighbours": [65, 90], "node_range": 12.0, "x": 73.420269, "y": 96.161618}, "33": {"neighbours": [35, 73], "node_range": 12.0, "x": 67.908857, "y": 14.561592}, "34": {"neighbours": [52, 81], "node_range": 12.0, "x": 5.46694, "y": 26.294647}, "35": {"neighbours": [33], "node_range": 12.0, "x": 73.014518, "y": 18.250265}, "36": {"neighbours": [2, 20, 26, 42, 79], "node_range": 12.0, "x": 48.958833, "y": 48.892075}, "37": {"neighbours": [5, 45, 61, 64, 74, 83], "node_range": 12.0, "x": 91.522413, "y": 25.822726}, "38": {"neighbours": [41, 99], "node_range": 12.0, "x": 17.542354, "y": 99.446491}, "39": {"neighbours": [28, 44, 58], "node_range": 12.0, "x": 87.335832, "y": 86.234431}, "40": {"neighbours": [3, 85], "node_range": 12.0, "x": 45.090153, "y": 3.926826}, "41": {"neighbours": [38, 47, 97, 99], "node_range": 12.0, "x": 15.230511, "y": 89.591396}, "42": {"neighbours": [2, 20, 21, 26, 36, 67, 75, 79], "node_range": 12.0, "x": 60.324431, "y": 52.537563}, "43": {"neighbours": [15, 46, 87], "node_range": 12.0, "x": 37.883829, "y": 55.898484}, "44": {"neighbours": [39, 48, 86, 90], "node_range": 12.0, "x": 77.526208, "y": 81.577539}, "45": {"neighbours": [37, 55, 61, 64, 74, 83], "node_range": 12.0, "x": 91.379509, "y": 17.586364}, "46": {"neighbours": [15, 23, 43, 82, 87], "node_range": 12.0, "x": 28.052425, "y": 52.662151}, "47": {"neighbours": [41, 63, 69, 70, 80, 97, 100], "node_range": 12.0, "x": 15.507371, "y": 78.766045}, "48": {"neighbours": [9, 44, 62, 86], "node_range": 12.0, "x": 68.616488, "y": 77.280847}, "49": {"neighbours": [56, 57, 66], "node_range": 12.0, "x": 36.930488, "y": 73.663626}, "50": {"neighbours": [63, 69, 97], "node_range": 12.0, "x": 1.332015, "y": 80.612242}, "51": {"neighbours": [1, 10, 31], "node_range": 12.0, "x": 29.766341, "y": 0.187936}, "52": {"neighbours": [34, 93], "node_range": 12.0, "x": 4.952026, "y": 35.711792}, "53": {"neighbours": [29, 62, 86], "node_range": 12.0, "x": 56.747065, "y": 82.154187}, "54": {"neighbours": [11, 28], "node_range": 12.0, "x": 94.719999, "y": 67.508617}, "55": {"neighbours": [8, 14, 19, 45, 64, 78], "node_range": 12.0, "x": 91.295099, "y": 6.503679}, "56": {"neighbours": [49, 60], "node_range": 12.0, "x": 44.938302, "y": 78.12302}, "57": {"neighbours": [49, 66, 80, 87], "node_range": 12.0, "x": 33.707687, "y": 71.263878}, "58": {"neighbours": [39], "node_range": 12.0, "x": 92.29298, "y": 89.798533}, "59": {"neighbours": [7], "node_range": 12.0, "x": 79.056963, "y": 28.745735}, "60": {"neighbours": [24, 27, 56, 88, 95], "node_range": 12.0, "x": 37.386857, "y": 87.399801}, "61": {"neighbours": [5, 37, 45, 64, 74, 83], "node_range": 12.0, "x": 91.500241, "y": 24.709242}, "62": {"neighbours": [9, 13, 29, 48, 53, 75, 86], "node_range": 12.0, "x": 60.908013, "y": 74.737858}, "63": {"neighbours": [47, 50, 69, 97], "node_range": 12.0, "x": 5.821189, "y": 79.838128}, "64": {"neighbours": [37, 45, 55, 61, 74, 83], "node_range": 12.0, "x": 93.347737, "y": 18.094305}, "65": {"neighbours": [32, 90], "node_range": 12.0, "x": 78.292259, "y": 95.395456}, "66": {"neighbours": [12, 49, 57, 80, 100], "node_range": 12.0, "x": 28.718834, "y": 70.965476}, "67": {"neighbours": [9, 13, 21, 42, 68, 75], "node_range": 12.0, "x": 58.975289, "y": 62.045374}, "68": {"neighbours": [4, 9, 21, 22, 67, 75], "node_range": 12.0, "x": 70.093028, "y": 64.032802}, "69": {"neighbours": [47, 50, 63, 70, 97, 100], "node_range": 12.0, "x": 9.59884, "y": 74.695547}, "70": {"neighbours": [12, 47, 69, 80, 100], "node_range": 12.0, "x": 15.878962, "y": 70.894192}, "71": {"neighbours": [72, 77], "node_range": 12.0, "x": 54.432358, "y": 29.450043}, "72": {"neighbours": [2, 71, 94], "node_range": 12.0, "x": 59.337874, "y": 37.839445}, "73": {"neighbours": [33], "node_range": 12.0, "x": 63.676202, "y": 10.197203}, "74": {"neighbours": [5, 37, 45, 61, 64, 83], "node_range": 12.0, "x": 93.845303, "y": 25.054268}, "75": {"neighbours": [9, 13, 21, 42, 62, 67, 68], "node_range": 12.0, "x": 61.723239, "y": 63.220224}, "76": {"neighbours": [24, 27], "node_range": 12.0, "x": 50.139355, "y": 97.04281}, "77": {"neighbours": [16, 71], "node_range": 12.0, "x": 46.389435, "y": 26.067553}, "78": {"neighbours": [8, 55], "node_range": 12.0, "x": 81.553105, "y": 9.684867}, "79": {"neighbours": [2, 20, 26, 36, 42], "node_range": 12.0, "x": 50.910705, "y": 46.425453}, "80": {"neighbours": [12, 47, 57, 66, 70, 100], "node_range": 12.0, "x": 22.781855, "y": 74.59137}, "81": {"neighbours": [6, 34, 92], "node_range": 12.0, "x": 12.987396, "y": 24.352984}, "82": {"neighbours": [25, 46], "node_range": 12.0, "x": 19.1227, "y": 46.673484}, "83": {"neighbours": [5, 37, 45, 61, 64, 74], "node_range": 12.0, "x": 93.688009, "y": 27.061891}, "84": {"neighbours": [93], "node_range": 12.0, "x": 1.427723, "y": 47.715969}, "85": {"neighbours": [3, 40], "node_range": 12.0, "x": 48.195946, "y": 9.848801}, "86": {"neighbours": [9, 44, 48, 53, 62], "node_range": 12.0, "x": 68.0207, "y": 78.765872}, "87": {"neighbours": [15, 43, 46, 57], "node_range": 12.0, "x": 36.627098, "y": 60.034548}, "88": {"neighbours": [24, 27, 60, 95], "node_range": 12.0, "x": 36.469961, "y": 94.817252}, "89": {"neighbours": [18, 91, 96], "node_range": 12.0, "x": 95.094647, "y": 44.559181},