{"1": {"neighbours": [3, 16, 37], "node_range": 12.0, "x": 88.247292, "y": 65.321751}, "2": {"neighbours": [35, 54], "node_range": 12.0, "x": 17.460139, "y": 2.148889}, "3": {"neighbours": [1, 16, 31, 37, 63, 71], "node_range": 12.0, "x": 97.927425, "y": 70.200948}, "4": {"neighbours": [15, 25], "node_range": 12.0, "x": 51.272432, "y": 1.655091}, "5": {"neighbours": [51, 65, 70, 83], "node_range": 12.0, "x": 78.979295, "y": 44.0144}, "6": {"neighbours": [34, 67], "node_range": 12.0, "x": 6.750953, "y": 99.00027}, "7": {"neighbours": [15, 20, 92, 93], "node_range": 12.0, "x": 68.089043, "y": 15.059207}, "8": {"neighbours": [14, 40, 62, 81], "node_range": 12.0, "x": 44.798442, "y": 20.678588}, "9": {"neighbours": [10, 18, 26, 69, 98], "node_range": 12.0, "x": 78.277284, "y": 83.730563}, "10": {"neighbours": [9, 24, 71, 98], "node_range": 12.0, "x": 86.676664, "y": 89.866928}, "11": {"neighbours": [14, 81, 94], "node_range": 12.0, "x": 51.194789, "y": 32.926548}, "12": {"neighbours": [17, 29, 56, 65, 83], "node_range": 12.0, "x": 97.542053, "y": 42.606837}, "13": {"neighbours": [46, 52, 78, 100], "node_range": 12.0, "x": 44.082159, "y": 64.093336}, "14": {"neighbours": [8, 11, 81], "node_range": 12.0, "x": 44.563442, "y": 29.54293}, "15": {"neighbours": [4, 7, 20, 23, 25, 62, 92], "node_range": 12.0, "x": 60.763439, "y": 7.636164}, "16": {"neighbours": [1, 3, 37, 63, 71], "node_range": 12.0, "x": 88.631925, "y": 70.00949}, "17": {"neighbours": [12, 29, 32, 56, 65], "node_range": 12.0, "x": 98.33609, "y": 35.876198}, "18": {"neighbours": [9, 21, 26, 69, 99], "node_range": 12.0, "x": 72.646223, "y": 83.967251}, "19": {"neighbours": [45], "node_range": 12.0, "x": 91.363158, "y": 2.00035}, "20": {"neighbours": [7, 15, 55, 92], "node_range": 12.0, "x": 69.912111, "y": 3.308111}, "21": {"neighbours": [18, 24, 26, 57, 69, 98], "node_range": 12.0, "x": 70.060281, "y": 92.714158}, "22": {"neighbours": [30, 44, 84], "node_range": 12.0, "x": 7.849473, "y": 44.649309}, "23": {"neighbours": [15, 25, 62], "node_range": 12.0, "x": 55.720143, "y": 13.006088}, "24": {"neighbours": [10, 21, 26, 57, 98], "node_range": 12.0, "x": 76.658081, "y": 96.347348}, "25": {"neighbours": [4, 15, 23, 62], "node_range": 12.0, "x": 49.601697, "y": 3.745015}, "26": {"neighbours": [9, 18, 21, 24, 57, 69, 98], "node_range": 12.0, "x": 70.029643, "y": 91.606535}, "27": {"neighbours": [28, 77, 88], "node_range": 12.0, "x": 34.525952, "y": 96.355955}, "28": {"neighbours": [27, 77, 96], "node_range": 12.0, "x": 45.502328, "y": 92.439024}, "29": {"neighbours": [12, 17, 56, 65, 70, 83], "node_range": 12.0, "x": 91.29436, "y": 43.811154}, "30": {"neighbours": [22, 44, 84], "node_range": 12.0, "x": 7.704387, "y": 47.531702}, "31": {"neighbours": [3, 63, 71], "node_range": 12.0, "x": 97.129811, "y": 80.200227}, "32": {"neighbours": [17, 89, 90, 97], "node_range": 12.0, "x": 99.435953, "y": 26.342276}, "33": {"neighbours": [74, 75, 84], "node_range": 12.0, "x": 0.439996, "y": 59.587156}, "34": {"neighbours": [6, 43, 67], "node_range": 12.0, "x": 4.909652, "y": 98.01368}, "35": {"neighbours": [2, 54, 60, 68], "node_range": 12.0, "x": 20.643456, "y": 6.443989}, "36": {"neighbours": [53, 72, 80], "node_range": 12.0, "x": 71.313861, "y": 61.714112}, "37": {"neighbours": [1, 3, 16, 76], "node_range": 12.0, "x": 93.299101, "y": 65.399466}, "38": {"neighbours": [59, 82], "node_range": 12.0, "x": 4.981638, "y": 6.111116}, "39": {"neighbours": [44, 50, 58], "node_range": 12.0, "x": 19.651845, "y": 50.833407}, "40": {"neighbours": [8], "node_range": 12.0, "x": 38.53454, "y": 17.639336}, "41": {"neighbours": [73, 75, 86], "node_range": 12.0, "x": 12.308365, "y": 73.967234}, "42": {"neighbours": [61, 86], "node_range": 12.0, "x": 17.932566, "y": 91.432501}, "43": {"neighbours": [34, 67], "node_range": 12.0, "x": 1.393533, "y": 88.234973}, "44": {"neighbours": [22, 30, 39, 58], "node_range": 12.0, "x": 15.593369, "y": 48.888911}, "45": {"neighbours": [19, 47, 64, 89], "node_range": 12.0, "x": 91.595675, "y": 4.380206}, "46": {"neighbours": [13, 52, 100], "node_range": 12.0, "x": 45.667573, "y": 66.537676}, "47": {"neighbours": [45, 64, 89, 93, 97], "node_range": 12.0, "x": 87.872123, "y": 15.055722}, "48": {"neighbours": [50, 58], "node_range": 12.0, "x": 26.875947, "y": 40.645965}, "49": {"neighbours": [61, 66, 87, 88, 95, 96], "node_range": 12.0, "x": 34.763288, "y": 81.073692}, "50": {"neighbours": [39, 48, 58], "node_range": 12.0, "x": 28.459331, "y": 49.319218}, "51": {"neighbours": [5, 80, 85], "node_range": 12.0, "x": 73.20991, "y": 48.326376}, "52": {"neighbours": [13, 46, 66, 100], "node_range": 12.0, "x": 39.631589, "y": 69.888541}, "53": {"neighbours": [36, 72, 80], "node_range": 12.0, "x": 66.98818, "y": 61.60336}, "54": {"neighbours": [2, 35, 59, 60, 68], "node_range": 12.0, "x": 18.261952, "y": 10.86828}, "55": {"neighbours": [20, 92], "node_range": 12.0, "x": 74.993835, "y": 1.128729}, "56": {"neighbours": [12, 17, 29, 65], "node_range": 12.0, "x": 97.929265, "y": 41.312146}, "57": {"neighbours": [21, 24, 26, 98], "node_range": 12.0, "x": 76.516785, "y": 98.662698}, "58": {"neighbours": [39, 44, 48, 50], "node_range": 12.0, "x": 27.056148, "y": 48.386309}, "59": {"neighbours": [38, 54, 82], "node_range": 12.0, "x": 7.502563, "y": 14.334001}, "60": {"neighbours": [35, 54, 68], "node_range": 12.0, "x": 28.640332, "y": 7.957599}, "61": {"neighbours": [42, 49, 86, 87, 88, 95], "node_range": 12.0, "x": 23.875155, "y": 83.537848}, "62": {"neighbours": [8, 15, 23, 25], "node_range": 12.0, "x": 53.479438, "y": 14.929847}, "63": {"neighbours": [3, 16, 31, 71], "node_range": 12.0, "x": 90.309332, "y": 77.241065}, "64": {"neighbours": [45, 47, 89, 90, 97], "node_range": 12.0, "x": 95.411583, "y": 13.54575}, "65": {"neighbours": [5, 12, 17, 29, 56, 83], "node_range": 12.0, "x": 86.816643, "y": 37.226386}, "66": {"neighbours": [49, 52, 95, 100], "node_range": 12.0, "x": 33.114637, "y": 70.736244}, "67": {"neighbours": [6, 34, 43], "node_range": 12.0, "x": 5.649009, "y": 88.96741}, "68": {"neighbours": [35, 54, 60, 79], "node_range": 12.0, "x": 22.651734, "y": 17.154913}, "69": {"neighbours": [9, 18, 21, 26, 99], "node_range": 12.0, "x": 66.690168, "y": 84.267895}, "70": {"neighbours": [5, 29, 83], "node_range": 12.0, "x": 85.582132, "y": 50.61383}, "71": {"neighbours": [3, 10, 16, 31, 63], "node_range": 12.0, "x": 92.141876, "y": 79.521858}, "72": {"neighbours": [36, 53, 80], "node_range": 12.0, "x": 69.62899, "y": 64.597287}, "73": {"neighbours": [41, 74, 75], "node_range": 12.0, "x": 9.601242, "y": 69.626179}, "74": {"neighbours": [33, 73, 75], "node_range": 12.0, "x": 3.582859, "y": 62.080582}, "75": {"neighbours": [33, 41, 73, 74], "node_range": 12.0, "x": 6.484451, "y": 69.215863}, "76": {"neighbours": [37], "node_range": 12.0, "x": 96.453408, "y": 56.346548}, "77": {"neighbours": [27, 28, 87, 88, 96], "node_range": 12.0, "x": 35.16912, "y": 94.139347}, "78": {"neighbours": [13], "node_range": 12.0, "x": 41.326513, "y": 53.980038}, "79": {"neighbours": [68], "node_range": 12.0, "x": 26.696637, "y": 23.342306}, "80": {"neighbours": [36, 51, 53, 72, 85], "node_range": 12.0, "x": 68.205405, "y": 58.202462}, "81": {"neighbours": [8, 11, 14], "node_range": 12.0, "x": 44.57043, "y": 28.475}, "82": {"neighbours": [38, 59], "node_range": 12.0, "x": 2.875395, "y": 13.187695}, "83": {"neighbours": [5, 12, 29, 65, 70], "node_range": 12.0, "x": 85.735869, "y": 44.684506}, "84": {"neighbours": [22, 30, 33], "node_range": 12.0, "x": 1.742168, "y": 49.116695}, "85": {"neighbours": [51, 80, 91, 94], "node_range": 12.0, "x": 65.551212, "y": 46.862701}, "86": {"neighbours": [41, 42, 61], "node_range": 12.0, "x": 18.163919, "y": 81.450063}, "87": {"neighbours": [49, 61, 77, 88, 95, 96], "node_range": 12.0, "x": 35.049427, "y": 84.06895}, "88": {"neighbours": [27, 49, 61, 77, 87, 95, 96], "node_range": 12.0, "x": 32.825885, "y": 89.90811}, "89": {"neighbours": [32, 45, 47, 64, 90, 97], "node_range": 12.0, "x": 94.833602,