{"1": {"neighbours": [13, 77], "node_range": 12.0, "x": 21.573227, "y": 99.428658}, "2": {"neighbours": [14, 65, 80, 97], "node_range": 12.0, "x": 77.378069, "y": 2.987861}, "3": {"neighbours": [5, 18, 25, 33, 39, 49, 72], "node_range": 12.0, "x": 42.030548, "y": 48.796148}, "4": {"neighbours": [17, 34, 40, 43], "node_range": 12.0, "x": 45.322583, "y": 26.941502}, "5": {"neighbours": [3, 25, 33, 39, 51, 72], "node_range": 12.0, "x": 46.866562, "y": 46.57294}, "6": {"neighbours": [7, 19, 45, 86, 87], "node_range": 12.0, "x": 85.848015, "y": 27.659269}, "7": {"neighbours": [6, 9, 20, 45, 81], "node_range": 12.0, "x": 80.585369, "y": 21.076947}, "8": {"neighbours": [66], "node_range": 12.0, "x": 22.48053, "y": 63.323092}, "9": {"neighbours": [7, 20, 45, 60], "node_range": 12.0, "x": 71.392701, "y": 26.35471}, "10": {"neighbours": [27, 32, 59, 63, 85, 90, 92, 99], "node_range": 12.0, "x": 20.728099, "y": 45.501495}, "11": {"neighbours": [33, 49], "node_range": 12.0, "x": 51.923613, "y": 59.486025}, "12": {"neighbours": [19, 86, 87], "node_range": 12.0, "x": 93.681704, "y": 41.125728}, "13": {"neighbours": [1, 31, 75, 77], "node_range": 12.0, "x": 17.779952, "y": 92.651091}, "14": {"neighbours": [2, 65, 80, 97], "node_range": 12.0, "x": 68.466126, "y": 2.080587}, "15": {"neighbours": [21, 35, 52, 61, 73, 83, 93], "node_range": 12.0, "x": 78.060966, "y": 84.380543}, "16": {"neighbours": [48], "node_range": 12.0, "x": 95.948121, "y": 63.004482}, "17": {"neighbours": [4, 29, 34, 40, 95], "node_range": 12.0, "x": 43.485438, "y": 21.692626}, "18": {"neighbours": [3, 25, 39, 49, 66], "node_range": 12.0, "x": 32.982019, "y": 55.585625}, "19": {"neighbours": [6, 12, 86, 87], "node_range": 12.0, "x": 86.108934, "y": 34.241406}, "20": {"neighbours": [7, 9, 45, 65], "node_range": 12.0, "x": 73.474789, "y": 21.663984}, "21": {"neighbours": [15, 35, 52, 61, 73, 83, 93], "node_range": 12.0, "x": 78.043797, "y": 88.936133}, "22": {"neighbours": [40, 46, 47, 50, 64, 91], "node_range": 12.0, "x": 31.91409, "y": 11.553381}, "23": {"neighbours": [63, 67, 70, 84, 90], "node_range": 12.0, "x": 0.806975, "y": 40.193849}, "24": {"neighbours": [30, 78, 100], "node_range": 12.0, "x": 71.735784, "y": 62.679069}, "25": {"neighbours": [3, 5, 18, 39, 49], "node_range": 12.0, "x": 39.638347, "y": 54.20903}, "26": {"neighbours": [28, 32, 59, 70, 92], "node_range": 12.0, "x": 9.705426, "y": 57.406212}, "27": {"neighbours": [10, 32, 59, 63, 70, 84, 90, 92, 99], "node_range": 12.0, "x": 15.104547, "y": 45.473351}, "28": {"neighbours": [26, 70], "node_range": 12.0, "x": 2.439298, "y": 58.414715}, "29": {"neighbours": [17, 40, 41, 79, 95], "node_range": 12.0, "x": 50.511024, "y": 15.136977}, "30": {"neighbours": [24, 78], "node_range": 12.0, "x": 79.478429, "y": 66.39595}, "31": {"neighbours": [13], "node_range": 12.0, "x": 20.264819, "y": 81.639895}, "32": {"neighbours": [10, 26, 27, 59, 63, 70, 90, 92], "node_range": 12.0, "x": 14.08119, "y": 52.946554}, "33": {"neighbours": [3, 5, 11, 39, 51, 72, 88], "node_range": 12.0, "x": 50.437176, "y": 47.911839}, "34": {"neighbours": [4, 17, 43, 51, 60], "node_range": 12.0, "x": 52.256526, "y": 29.167181}, "35": {"neighbours": [15, 21, 52, 73, 83], "node_range": 12.0, "x": 77.820009, "y": 82.854092}, "36": {"neighbours": [38, 49, 58, 82, 89], "node_range": 12.0, "x": 45.993582, "y": 70.994025}, "37": {"neighbours": [74], "node_range": 12.0, "x": 9.634553, "y": 21.343784}, "38": {"neighbours": [36, 49, 71, 89], "node_range": 12.0, "x": 38.547017, "y": 68.972061}, "39": {"neighbours": [3, 5, 18, 25, 33, 49, 72], "node_range": 12.0, "x": 41.427647, "y": 49.010181}, "40": {"neighbours": [4, 17, 22, 29, 47, 95], "node_range": 12.0, "x": 40.416456, "y": 18.642277}, "41": {"neighbours": [29, 79, 95], "node_range": 12.0, "x": 50.962783, "y": 10.175486}, "42": {"neighbours": [44, 48, 61], "node_range": 12.0, "x": 91.193784, "y": 79.320095}, "43": {"neighbours": [4, 34, 51, 60], "node_range": 12.0, "x": 56.835393, "y": 28.486688}, "44": {"neighbours": [42, 61, 73], "node_range": 12.0, "x": 93.705412, "y": 83.8777}, "45": {"neighbours": [6, 7, 9, 20, 65], "node_range": 12.0, "x": 76.17212, "y": 20.726248}, "46": {"neighbours": [22, 50, 64, 91], "node_range": 12.0, "x": 28.571608, "y": 1.730952}, "47": {"neighbours": [22, 40, 50, 64, 79, 95], "node_range": 12.0, "x": 38.280984, "y": 9.811375}, "48": {"neighbours": [16, 42], "node_range": 12.0, "x": 95.872253, "y": 70.1869}, "49": {"neighbours": [3, 11, 18, 25, 36, 38, 39, 89], "node_range": 12.0, "x": 40.683619, "y": 60.674269}, "50": {"neighbours": [22, 46, 47, 64, 91], "node_range": 12.0, "x": 30.081124, "y": 10.891007}, "51": {"neighbours": [5, 33, 34, 43, 88], "node_range": 12.0, "x": 56.160066, "y": 39.558706}, "52": {"neighbours": [15, 21, 35, 83], "node_range": 12.0, "x": 78.638436, "y": 79.027526}, "53": {"neighbours": [81, 94], "node_range": 12.0, "x": 99.543006, "y": 10.991591}, "54": {"neighbours": [57, 68, 69], "node_range": 12.0, "x": 47.383293, "y": 93.470214}, "55": {"neighbours": [61, 73], "node_range": 12.0, "x": 90.748036, "y": 97.876859}, "56": {"neighbours": [58, 68, 69, 82], "node_range": 12.0, "x": 52.985864, "y": 82.120584}, "57": {"neighbours": [54, 58, 68, 69, 82], "node_range": 12.0, "x": 39.698238, "y": 86.449787}, "58": {"neighbours": [36, 56, 57, 68, 69, 82], "node_range": 12.0, "x": 47.683742, "y": 79.815078}, "59": {"neighbours": [10, 26, 27, 32, 63, 70, 84, 90, 92], "node_range": 12.0, "x": 12.153835, "y": 49.431552}, "60": {"neighbours": [9, 34, 43], "node_range": 12.0, "x": 62.10125, "y": 27.162702}, "61": {"neighbours": [15, 21, 42, 44, 55, 73], "node_range": 12.0, "x": 88.377184, "y": 90.468974}, "62": {"neighbours": [76, 88], "node_range": 12.0, "x": 65.866195, "y": 48.793524}, "63": {"neighbours": [10, 23, 27, 32, 59, 67, 70, 84, 90, 92], "node_range": 12.0, "x": 11.54395, "y": 44.597}, "64": {"neighbours": [22, 46, 47, 50, 91], "node_range": 12.0, "x": 31.73174, "y": 8.786567}, "65": {"neighbours": [2, 14, 20, 45, 80, 97], "node_range": 12.0, "x": 71.986373, "y": 11.319888}, "66": {"neighbours": [8, 18], "node_range": 12.0, "x": 27.943106, "y": 62.055281}, "67": {"neighbours": [23, 63, 70, 84, 90], "node_range": 12.0, "x": 1.616892, "y": 43.179343}, "68": {"neighbours": [54, 56, 57, 58, 69, 82], "node_range": 12.0, "x": 44.045, "y": 89.515039}, "69": {"neighbours": [54, 56, 57, 58, 68, 82], "node_range": 12.0, "x": 48.0541, "y": 87.899387}, "70": {"neighbours": [23, 26, 27, 28, 32, 59, 63, 67, 84, 90, 92], "node_range": 12.0, "x": 5.134902, "y": 50.692581}, "71": {"neighbours": [38, 82, 89], "node_range": 12.0, "x": 34.086682, "y": 73.601593}, "72": {"neighbours": [3, 5, 33, 39, 85], "node_range": 12.0, "x": 41.823879, "y": 41.687441}, "73": {"neighbours": [15, 21, 35, 44, 55, 61, 83], "node_range": 12.0, "x": 85.193429, "y": 90.092583}, "74": {"neighbours": [37], "node_range": 12.0, "x": 1.055754, "y": 27.699895}, "75": {"neighbours": [13], "node_range": 12.0, "x": 9.484375, "y": 96.355061}, "76": {"neighbours": [62, 88], "node_range": 12.0, "x": 64.434405, "y": 48.286234}, "77": {"neighbours": [1, 13], "node_range": 12.0, "x": 26.134353, "y": 99.581978}, "78": {"neighbours": [24, 30, 100], "node_range": 12.0, "x": 71.755211, "y": 61.124224}, "79": {"neighbours": [29, 41, 47, 95], "node_range": 12.0, "x": 46.977377, "y": 7.661922}, "80": {"neighbours": [2, 14, 65, 97], "node_range": 12.0, "x": 75.207484, "y": 6.557284}, "81": {"neighbours": [7, 53, 94], "node_range": 12.0, "x": 88.280147, "y": 12.062688}, "82": {"neighbours": [36, 56, 57, 58, 68, 69, 71], "node_range": 12.0, "x": 42.375337, "y": 81.275062}, "83": {"neighbours": [15, 21, 35, 52, 73, 93], "node_range": 12.0, "x": 75.474426, "y": 85.470296}, "84": {"neighbours": [23, 27, 59, 63, 67, 70, 90, 92], "node_range": 12.0, "x": 8.127669, "y": 42.113537}, "85": {"neighbours": [10, 72, 99], "node_range": 12.0, "x": 30.338355, "y": 38.483608}, "86": {"neighbours": [6, 12, 19], "node_range": 12.0, "x": 84.454367,