{"1": {"neighbours": [21, 51, 57, 79, 93, 96], "node_range": 15.0, "x": 24.869583, "y": 9.143229}, "2": {"neighbours": [15, 65, 69, 87, 95], "node_range": 15.0, "x": 89.148067, "y": 4.323726}, "3": {"neighbours": [11, 14, 71, 75], "node_range": 15.0, "x": 97.662349, "y": 75.162826}, "4": {"neighbours": [12, 30, 68, 92], "node_range": 15.0, "x": 97.718655, "y": 37.223615}, "5": {"neighbours": [10, 16, 25, 26, 38, 46, 49, 67, 100], "node_range": 15.0, "x": 39.696767, "y": 43.352517}, "6": {"neighbours": [34, 67, 73, 76, 83], "node_range": 15.0, "x": 22.260022, "y": 62.915263}, "7": {"neighbours": [13, 23, 27, 28, 31, 52, 54, 61], "node_range": 15.0, "x": 63.275062, "y": 25.93052}, "8": {"neighbours": [18, 24, 35, 37, 39, 44, 47, 60, 70, 89, 97], "node_range": 15.0, "x": 57.669345, "y": 92.328939}, "9": {"neighbours": [18, 24, 45, 73], "node_range": 15.0, "x": 36.43908, "y": 85.360446}, "10": {"neighbours": [5, 16, 26, 38, 46, 66, 67, 80, 100], "node_range": 15.0, "x": 32.985375, "y": 40.360875}, "11": {"neighbours": [3, 14, 42, 48, 55, 58], "node_range": 15.0, "x": 93.519262, "y": 63.667725}, "12": {"neighbours": [4, 30, 65, 68, 69, 77], "node_range": 15.0, "x": 92.777589, "y": 27.274673}, "13": {"neighbours": [7, 23, 27, 28, 32, 52, 54, 61], "node_range": 15.0, "x": 70.10031, "y": 25.163744}, "14": {"neighbours": [3, 11, 71, 75], "node_range": 15.0, "x": 96.294192, "y": 75.129977}, "15": {"neighbours": [2, 65, 69, 77, 87, 95], "node_range": 15.0, "x": 86.207564, "y": 9.153527}, "16": {"neighbours": [5, 10, 26, 46, 66, 67, 80, 100], "node_range": 15.0, "x": 30.678245, "y": 42.456357}, "17": {"neighbours": [20, 21, 50, 57, 78, 94, 98], "node_range": 15.0, "x": 4.26444, "y": 18.342821}, "18": {"neighbours": [8, 9, 24, 37, 39, 45, 97], "node_range": 15.0, "x": 44.310259, "y": 94.768954}, "19": {"neighbours": [31, 36, 56, 81, 82], "node_range": 15.0, "x": 47.557664, "y": 15.70112}, "20": {"neighbours": [17, 21, 50, 57, 78, 94], "node_range": 15.0, "x": 6.762124, "y": 13.893644}, "21": {"neighbours": [1, 17, 20, 50, 51, 57, 62, 79, 80, 93, 94, 98], "node_range": 15.0, "x": 17.594553, "y": 19.776622}, "22": {"neighbours": [35, 44, 60, 63, 89, 91], "node_range": 15.0, "x": 67.963561, "y": 76.17884}, "23": {"neighbours": [7, 13, 28, 32, 52, 54, 61], "node_range": 15.0, "x": 68.580477, "y": 32.7655}, "24": {"neighbours": [8, 9, 18, 39], "node_range": 15.0, "x": 45.632282, "y": 83.976837}, "25": {"neighbours": [5, 26, 38, 46, 49], "node_range": 15.0, "x": 48.089276, "y": 39.27779}, "26": {"neighbours": [5, 10, 16, 25, 38, 46, 67, 86, 100], "node_range": 15.0, "x": 36.883321, "y": 47.805976}, "27": {"neighbours": [7, 13, 31, 52, 95], "node_range": 15.0, "x": 70.100895, "y": 13.193481}, "28": {"neighbours": [7, 13, 23, 31, 36, 52, 54, 61], "node_range": 15.0, "x": 59.558246, "y": 26.923988}, "29": {"neighbours": [63, 86, 91], "node_range": 15.0, "x": 54.898007, "y": 65.398742}, "30": {"neighbours": [4, 12, 68, 69, 77, 92], "node_range": 15.0, "x": 89.735057, "y": 30.232648}, "31": {"neighbours": [7, 19, 27, 28, 36, 52, 56, 84], "node_range": 15.0, "x": 58.570566, "y": 14.810752}, "32": {"neighbours": [13, 23, 54, 61], "node_range": 15.0, "x": 70.577267, "y": 39.725076}, "33": {"neighbours": [41, 88], "node_range": 15.0, "x": 0.236606, "y": 83.860409}, "34": {"neighbours": [6, 67, 73, 76, 83], "node_range": 15.0, "x": 23.729785, "y": 63.102032}, "35": {"neighbours": [8, 22, 44, 60, 63, 89, 91, 97], "node_range": 15.0, "x": 61.527432, "y": 79.258574}, "36": {"neighbours": [19, 28, 31, 81, 82], "node_range": 15.0, "x": 49.101997, "y": 19.038999}, "37": {"neighbours": [8, 18, 39, 97], "node_range": 15.0, "x": 48.265481, "y": 99.869185}, "38": {"neighbours": [5, 10, 25, 26, 46, 49, 86], "node_range": 15.0, "x": 46.023143, "y": 47.504525}, "39": {"neighbours": [8, 18, 24, 37, 47, 89, 97], "node_range": 15.0, "x": 54.382182, "y": 93.471157}, "40": {"neighbours": [43, 53, 72, 74, 99], "node_range": 15.0, "x": 2.368255, "y": 45.269726}, "41": {"neighbours": [33, 88], "node_range": 15.0, "x": 6.433927, "y": 82.408915}, "42": {"neighbours": [11, 48, 55, 58, 85, 90], "node_range": 15.0, "x": 83.097254, "y": 53.05675}, "43": {"neighbours": [40, 53, 72, 74, 99], "node_range": 15.0, "x": 0.360401, "y": 52.047775}, "44": {"neighbours": [8, 22, 35, 47, 59, 60, 63, 89, 97], "node_range": 15.0, "x": 67.967684, "y": 82.62455}, "45": {"neighbours": [9, 18], "node_range": 15.0, "x": 29.847712, "y": 95.499855}, "46": {"neighbours": [5, 10, 16, 25, 26, 38, 49, 100], "node_range": 15.0, "x": 43.160807, "y": 39.200109}, "47": {"neighbours": [8, 39, 44, 59, 60, 70, 89, 97], "node_range": 15.0, "x": 64.625614, "y": 95.575011}, "48": {"neighbours": [11, 42, 55, 58, 85], "node_range": 15.0, "x": 88.701842, "y": 56.492679}, "49": {"neighbours": [5, 25, 38, 46], "node_range": 15.0, "x": 51.316196, "y": 42.771163}, "50": {"neighbours": [17, 20, 21, 57, 78, 94, 98], "node_range": 15.0, "x": 7.071898, "y": 17.567717}, "51": {"neighbours": [1, 21, 57, 79, 80, 81, 93, 96], "node_range": 15.0, "x": 27.455318, "y": 18.38934}, "52": {"neighbours": [7, 13, 23, 27, 28, 31, 54, 61], "node_range": 15.0, "x": 70.991549, "y": 22.364716}, "53": {"neighbours": [40, 43, 72, 74, 99], "node_range": 15.0, "x": 0.989952, "y": 49.293432}, "54": {"neighbours": [7, 13, 23, 28, 32, 52, 61], "node_range": 15.0, "x": 73.406748, "y": 32.063}, "55": {"neighbours": [11, 42, 48, 58, 92], "node_range": 15.0, "x": 92.805488, "y": 57.127952}, "56": {"neighbours": [19, 31, 82, 84], "node_range": 15.0, "x": 50.661561, "y": 2.673626}, "57": {"neighbours": [1, 17, 20, 21, 50, 51, 62, 79, 80, 93, 94, 98], "node_range": 15.0, "x": 18.572565, "y": 20.808835}, "58": {"neighbours": [11, 42, 48, 55], "node_range": 15.0, "x": 92.751491, "y": 58.506569}, "59": {"neighbours": [44, 47, 70], "node_range": 15.0, "x": 78.588138, "y": 91.765026}, "60": {"neighbours": [8, 22, 35, 44, 47, 63, 89, 97], "node_range": 15.0, "x": 66.798433, "y": 82.298862}, "61": {"neighbours": [7, 13, 23, 28, 32, 52, 54], "node_range": 15.0, "x": 62.838277, "y": 31.096719}, "62": {"neighbours": [21, 57, 66, 72, 80, 98, 100], "node_range": 15.0, "x": 19.212171, "y": 32.055521}, "63": {"neighbours": [22, 29, 35, 44, 60, 64, 85, 90, 91], "node_range": 15.0, "x": 68.343444, "y": 70.695721}, "64": {"neighbours": [63, 85, 90, 91], "node_range": 15.0, "x": 67.349212, "y": 56.476352}, "65": {"neighbours": [2, 12, 15, 69, 77, 87, 95], "node_range": 15.0, "x": 88.050451, "y": 14.569748}, "66": {"neighbours": [10, 16, 62, 72, 80, 100], "node_range": 15.0, "x": 23.184389, "y": 37.614992}, "67": {"neighbours": [5, 6, 10, 16, 26, 34, 76, 86], "node_range": 15.0, "x": 31.574357, "y": 54.256773}, "68": {"neighbours": [4, 12, 30, 69, 77, 92], "node_range": 15.0, "x": 94.855328, "y": 29.625787}, "69": {"neighbours": [2, 12, 15, 30, 65, 68, 77, 87, 95], "node_range": 15.0, "x": 92.95225, "y": 16.00941}, "70": {"neighbours": [8, 47, 59, 89, 97], "node_range": 15.0, "x": 68.871907, "y": 97.800101}, "71": {"neighbours": [3, 14, 75], "node_range": 15.0, "x": 93.069558, "y": 83.437089}, "72": {"neighbours": [40, 43, 53, 62, 66, 74, 98, 99], "node_range": 15.0, "x": 11.28793, "y": 42.147524}, "73": {"neighbours": [6, 9, 34, 76, 83], "node_range": 15.0, "x": 25.394146, "y": 75.29838}, "74": {"neighbours": [40, 43, 53, 72, 99], "node_range": 15.0, "x": 8.099263, "y": 47.305027}, "75": {"neighbours": [3, 14, 71], "node_range": 15.0, "x": 97.079967, "y": 87.268802}, "76": {"neighbours": [6, 34, 67, 73, 83], "node_range": 15.0, "x": 24.639476, "y": 63.272943}, "77": {"neighbours": [12, 15, 30, 65, 68, 69, 95], "node_range": 15.0, "x": 89.60095, "y": 20.710867}, "78": {"neighbours": [17, 20, 50, 94], "node_range": 15.0, "x": 9.665193, "y": 5.475682}, "79": {"neighbours": [1, 21, 51, 57, 80, 81, 93, 96], "node_range": 15.0, "x": 31.467625, "y": 18.42981}, "80": {"neighbours": [10, 16, 21, 51, 57, 62, 66, 79, 100], "node_range": 15.0, "x": 24.6697, "y": 30.626692},