{"1": {"neighbours": [43, 63], "node_range": 15.0, "x": 47.834587, "y": 59.454037}, "2": {"neighbours": [8, 29, 47, 55, 76], "node_range": 15.0, "x": 23.157172, "y": 7.270275}, "3": {"neighbours": [9, 33, 42, 56, 91, 93, 94, 97], "node_range": 15.0, "x": 36.223598, "y": 88.230292}, "4": {"neighbours": [41, 43, 45, 69, 85], "node_range": 15.0, "x": 32.047484, "y": 54.581205}, "5": {"neighbours": [17, 21, 89, 99], "node_range": 15.0, "x": 62.477295, "y": 32.427862}, "6": {"neighbours": [41, 44, 55, 70, 72], "node_range": 15.0, "x": 29.197564, "y": 32.263308}, "7": {"neighbours": [13, 25, 39, 61, 82, 86], "node_range": 15.0, "x": 77.314212, "y": 7.146043}, "8": {"neighbours": [2, 26], "node_range": 15.0, "x": 36.883752, "y": 2.676321}, "9": {"neighbours": [3, 49, 64, 81, 91, 94, 97], "node_range": 15.0, "x": 25.764316, "y": 83.848562}, "10": {"neighbours": [29, 47, 76], "node_range": 15.0, "x": 1.731749, "y": 14.552142}, "11": {"neighbours": [14, 16, 18, 36, 52, 66, 87, 88, 90, 98], "node_range": 15.0, "x": 73.222131, "y": 81.577996}, "12": {"neighbours": [27, 44, 55, 59, 76], "node_range": 15.0, "x": 12.166157, "y": 30.310731}, "13": {"neighbours": [7, 15, 20, 25, 39, 51, 82, 86, 89, 100], "node_range": 15.0, "x": 84.907517, "y": 16.914121}, "14": {"neighbours": [11, 48, 88, 95], "node_range": 15.0, "x": 81.833267, "y": 93.833481}, "15": {"neighbours": [13, 20, 39, 51, 54, 71, 82, 89, 100], "node_range": 15.0, "x": 79.156919, "y": 29.326138}, "16": {"neighbours": [11, 18, 19, 30, 40, 50, 52, 66, 78, 87, 90], "node_range": 15.0, "x": 75.591358, "y": 70.223369}, "17": {"neighbours": [5, 58, 63, 99], "node_range": 15.0, "x": 55.389957, "y": 37.835593}, "18": {"neighbours": [11, 16, 38, 40, 50, 52, 66, 78, 87, 90, 96], "node_range": 15.0, "x": 81.827507, "y": 70.780782}, "19": {"neighbours": [16, 28, 30, 36, 50, 52, 74, 87, 98], "node_range": 15.0, "x": 61.892884, "y": 69.64227}, "20": {"neighbours": [13, 15, 21, 25, 39, 51, 54, 71, 82, 89, 100], "node_range": 15.0, "x": 78.945906, "y": 25.455869}, "21": {"neighbours": [5, 20, 60, 89], "node_range": 15.0, "x": 65.700415, "y": 20.575207}, "22": {"neighbours": [39, 51], "node_range": 15.0, "x": 99.214241, "y": 22.923576}, "23": {"neighbours": [27, 37, 65, 68], "node_range": 15.0, "x": 3.616726, "y": 48.783062}, "24": {"neighbours": [53], "node_range": 15.0, "x": 55.119095, "y": 98.005233}, "25": {"neighbours": [7, 13, 20, 39, 51, 82, 86, 89, 100], "node_range": 15.0, "x": 83.144317, "y": 13.259936}, "26": {"neighbours": [8, 60, 92], "node_range": 15.0, "x": 44.924958, "y": 9.737718}, "27": {"neighbours": [12, 23, 44, 59, 68], "node_range": 15.0, "x": 6.087563, "y": 40.432736}, "28": {"neighbours": [19, 30, 36, 52, 74, 87, 93, 98], "node_range": 15.0, "x": 57.83217, "y": 73.965446}, "29": {"neighbours": [2, 10, 47, 55, 76], "node_range": 15.0, "x": 13.859762, "y": 8.116897}, "30": {"neighbours": [16, 19, 28, 36, 50, 52, 84, 87], "node_range": 15.0, "x": 63.801355, "y": 63.520583}, "31": {"neighbours": [60, 61, 92], "node_range": 15.0, "x": 59.11731, "y": 1.728002}, "32": {"neighbours": [38, 66, 96], "node_range": 15.0, "x": 99.013253, "y": 69.772157}, "33": {"neighbours": [3, 49, 56, 93], "node_range": 15.0, "x": 41.054573, "y": 74.973882}, "34": {"neighbours": [57, 62, 71, 83], "node_range": 15.0, "x": 96.349371, "y": 39.609567}, "35": {"neighbours": [40, 50, 54, 78, 84], "node_range": 15.0, "x": 79.671142, "y": 53.2501}, "36": {"neighbours": [11, 19, 28, 30, 52, 74, 87, 98], "node_range": 15.0, "x": 61.01628, "y": 73.961739}, "37": {"neighbours": [23, 65, 68, 79], "node_range": 15.0, "x": 4.959495, "y": 55.883274}, "38": {"neighbours": [18, 32, 40, 78, 90, 96], "node_range": 15.0, "x": 95.693187, "y": 65.963798}, "39": {"neighbours": [7, 13, 15, 20, 22, 25, 51, 82, 86, 89, 100], "node_range": 15.0, "x": 85.53971, "y": 17.161066}, "40": {"neighbours": [16, 18, 35, 38, 50, 52, 66, 78, 84, 87, 90, 96], "node_range": 15.0, "x": 81.400249, "y": 66.85329}, "41": {"neighbours": [4, 6, 44, 45, 65, 68, 69, 70, 85], "node_range": 15.0, "x": 22.641764, "y": 43.742738}, "42": {"neighbours": [3, 56, 91, 94, 97], "node_range": 15.0, "x": 40.292132, "y": 94.435552}, "43": {"neighbours": [1, 4, 45, 58, 63, 72], "node_range": 15.0, "x": 44.965587, "y": 49.219206}, "44": {"neighbours": [6, 12, 27, 41, 55, 59, 68], "node_range": 15.0, "x": 14.316087, "y": 34.039028}, "45": {"neighbours": [4, 41, 43, 70, 72, 85], "node_range": 15.0, "x": 34.561507, "y": 48.509545}, "46": {"neighbours": [49, 64, 67, 79, 80], "node_range": 15.0, "x": 14.936918, "y": 71.910476}, "47": {"neighbours": [2, 10, 29, 76], "node_range": 15.0, "x": 8.53177, "y": 4.408463}, "48": {"neighbours": [14, 88], "node_range": 15.0, "x": 79.802968, "y": 99.718661}, "49": {"neighbours": [9, 33, 46, 64], "node_range": 15.0, "x": 29.05037, "y": 73.148404}, "50": {"neighbours": [16, 18, 19, 30, 35, 40, 52, 78, 84], "node_range": 15.0, "x": 73.067454, "y": 60.233369}, "51": {"neighbours": [13, 15, 20, 22, 25, 39, 82, 89, 100], "node_range": 15.0, "x": 84.690781, "y": 20.56827}, "52": {"neighbours": [11, 16, 18, 19, 28, 30, 36, 40, 50, 78, 87, 90, 98], "node_range": 15.0, "x": 70.090925, "y": 71.309649}, "53": {"neighbours": [24, 74, 98], "node_range": 15.0, "x": 62.360945, "y": 93.140746}, "54": {"neighbours": [15, 20, 35, 57, 62, 71, 83, 100], "node_range": 15.0, "x": 80.991134, "y": 39.599486}, "55": {"neighbours": [2, 6, 12, 29, 44, 76], "node_range": 15.0, "x": 19.74933, "y": 20.747211}, "56": {"neighbours": [3, 33, 42, 74, 91, 93, 94, 97], "node_range": 15.0, "x": 42.37668, "y": 84.840821}, "57": {"neighbours": [34, 54, 62, 71, 83], "node_range": 15.0, "x": 90.992779, "y": 41.0358}, "58": {"neighbours": [17, 43, 63, 72, 99], "node_range": 15.0, "x": 50.594046, "y": 42.982436}, "59": {"neighbours": [12, 27, 44, 68], "node_range": 15.0, "x": 9.923027, "y": 32.628219}, "60": {"neighbours": [21, 26, 31, 92], "node_range": 15.0, "x": 53.017838, "y": 14.971417}, "61": {"neighbours": [7, 31], "node_range": 15.0, "x": 72.367714, "y": 1.045502}, "62": {"neighbours": [34, 54, 57, 71, 83], "node_range": 15.0, "x": 93.156143, "y": 41.012935}, "63": {"neighbours": [1, 17, 43, 58, 99], "node_range": 15.0, "x": 52.688158, "y": 48.036109}, "64": {"neighbours": [9, 46, 49, 67, 79, 80], "node_range": 15.0, "x": 20.347855, "y": 73.211942}, "65": {"neighbours": [23, 37, 41, 68, 69, 79, 85], "node_range": 15.0, "x": 15.513435, "y": 52.864549}, "66": {"neighbours": [11, 16, 18, 32, 40, 78, 88, 90, 95, 96], "node_range": 15.0, "x": 86.62319, "y": 78.125191}, "67": {"neighbours": [46, 64, 79, 80], "node_range": 15.0, "x": 7.206711, "y": 71.605123}, "68": {"neighbours": [23, 27, 37, 41, 44, 59, 65], "node_range": 15.0, "x": 8.162675, "y": 47.437963}, "69": {"neighbours": [4, 41, 65, 79, 80, 85], "node_range": 15.0, "x": 20.57502, "y": 56.765448}, "70": {"neighbours": [6, 41, 45, 72], "node_range": 15.0, "x": 31.07265, "y": 39.108299}, "71": {"neighbours": [15, 20, 34, 54, 57, 62, 83, 100], "node_range": 15.0, "x": 86.861416, "y": 35.448237}, "72": {"neighbours": [6, 43, 45, 58, 70], "node_range": 15.0, "x": 39.839221, "y": 38.237718}, "73": {"neighbours": [81], "node_range": 15.0, "x": 7.675977, "y": 86.810551}, "74": {"neighbours": [19, 28, 36, 53, 56, 93, 98], "node_range": 15.0, "x": 54.803036, "y": 81.168216}, "75": {"neighbours": [95], "node_range": 15.0, "x": 98.777019, "y": 90.836442}, "76": {"neighbours": [2, 10, 12, 29, 47, 55], "node_range": 15.0, "x": 12.626206, "y": 15.770418}, "77": {"neighbours": [86], "node_range": 15.0, "x": 92.008455, "y": 1.078384}, "78": {"neighbours": [16, 18, 35, 38, 40, 50, 52, 66, 84, 90, 96], "node_range": 15.0, "x": 82.367794, "y": 66.887218}, "79": {"neighbours": [37, 46, 64, 65, 67, 69, 80], "node_range": 15.0, "x": 9.359462, "y": 63.502927}, "80": {"neighbours": [46, 64, 67, 69, 79], "node_range": 15.0, "x": 13.692173, "y": 68.337844}, "81": {"neighbours": [9, 73, 91, 94], "node_range": 15.0, "x": 20.120761, "y": 92.738125},