{"1": {"neighbours": [39, 66, 75, 97], "node_range": 15.0, "x": 87.411259, "y": 90.792145}, "2": {"neighbours": [15, 18, 41, 49, 57, 67, 89], "node_range": 15.0, "x": 39.966295, "y": 54.455407}, "3": {"neighbours": [4, 10, 29, 69], "node_range": 15.0, "x": 3.240154, "y": 19.415079}, "4": {"neighbours": [3, 10, 29, 62, 69, 73, 95], "node_range": 15.0, "x": 7.310359, "y": 14.965007}, "5": {"neighbours": [7, 53, 67, 89, 99], "node_range": 15.0, "x": 25.7642, "y": 45.2189}, "6": {"neighbours": [16, 33, 45, 47, 54, 72, 93], "node_range": 15.0, "x": 70.208561, "y": 39.519003}, "7": {"neighbours": [5, 21, 23, 25, 51], "node_range": 15.0, "x": 18.491521, "y": 57.913879}, "8": {"neighbours": [12, 21, 25, 36, 74, 83, 92, 100], "node_range": 15.0, "x": 13.639399, "y": 74.805976}, "9": {"neighbours": [58, 62, 84, 95, 96], "node_range": 15.0, "x": 22.454853, "y": 7.466702}, "10": {"neighbours": [3, 4, 14, 29, 43, 69, 90], "node_range": 15.0, "x": 4.789784, "y": 26.50943}, "11": {"neighbours": [27, 30, 63, 71, 98], "node_range": 15.0, "x": 89.424601, "y": 48.189538}, "12": {"neighbours": [8, 36, 74, 82, 83, 92, 100], "node_range": 15.0, "x": 18.183474, "y": 84.383348}, "13": {"neighbours": [18, 31, 50, 52, 56], "node_range": 15.0, "x": 60.603839, "y": 64.251093}, "14": {"neighbours": [10, 43, 53, 69, 90], "node_range": 15.0, "x": 9.539073, "y": 34.124359}, "15": {"neighbours": [2, 17, 18, 19, 24, 40, 44, 49, 67, 70, 89, 99], "node_range": 15.0, "x": 43.667664, "y": 43.433485}, "16": {"neighbours": [6, 17, 19, 24, 26, 34, 45, 47, 54, 87, 93], "node_range": 15.0, "x": 57.678707, "y": 34.255632}, "17": {"neighbours": [15, 16, 19, 24, 26, 40, 44, 67, 70, 87, 89, 99], "node_range": 15.0, "x": 43.61244, "y": 36.744068}, "18": {"neighbours": [2, 13, 15, 31, 49, 56, 57], "node_range": 15.0, "x": 50.378073, "y": 55.641127}, "19": {"neighbours": [15, 16, 17, 24, 26, 34, 40, 44, 67, 70, 87], "node_range": 15.0, "x": 45.624501, "y": 30.121499}, "20": {"neighbours": [74, 82, 88, 92, 100], "node_range": 15.0, "x": 2.11169, "y": 94.387395}, "21": {"neighbours": [7, 8, 23, 25, 60, 83], "node_range": 15.0, "x": 16.205738, "y": 66.832916}, "22": {"neighbours": [26, 58, 77, 84, 86, 96], "node_range": 15.0, "x": 41.513546, "y": 14.883729}, "23": {"neighbours": [7, 21, 25, 51], "node_range": 15.0, "x": 8.28906, "y": 58.064572}, "24": {"neighbours": [15, 16, 17, 19, 26, 34, 40, 44, 67, 70, 87, 89, 99], "node_range": 15.0, "x": 47.345897, "y": 33.654243}, "25": {"neighbours": [7, 8, 21, 23, 60, 83], "node_range": 15.0, "x": 17.361087, "y": 66.748612}, "26": {"neighbours": [16, 17, 19, 22, 24, 34, 40, 44, 70, 87], "node_range": 15.0, "x": 44.608878, "y": 27.682586}, "27": {"neighbours": [11, 30, 33, 63, 71, 98], "node_range": 15.0, "x": 86.380059, "y": 47.306771}, "28": {"neighbours": [59, 63, 71, 79], "node_range": 15.0, "x": 96.782669, "y": 32.734952}, "29": {"neighbours": [3, 4, 10, 62, 69, 73], "node_range": 15.0, "x": 5.999889, "y": 15.451762}, "30": {"neighbours": [11, 27, 71, 94, 98], "node_range": 15.0, "x": 94.473105, "y": 59.359295}, "31": {"neighbours": [13, 18, 49, 52, 56, 57], "node_range": 15.0, "x": 54.194958, "y": 60.851423}, "32": {"neighbours": [37, 55, 68, 80], "node_range": 15.0, "x": 54.689641, "y": 93.302492}, "33": {"neighbours": [6, 27, 45, 54, 56, 72, 93], "node_range": 15.0, "x": 71.75959, "y": 45.610013}, "34": {"neighbours": [16, 19, 24, 26, 47, 87, 93], "node_range": 15.0, "x": 55.641696, "y": 27.350473}, "35": {"neighbours": [40, 43, 44, 53, 69, 95, 96, 99], "node_range": 15.0, "x": 26.872617, "y": 28.500993}, "36": {"neighbours": [8, 12, 74, 83, 92, 100], "node_range": 15.0, "x": 7.720771, "y": 80.193269}, "37": {"neighbours": [32, 42, 55], "node_range": 15.0, "x": 52.86755, "y": 98.708867}, "38": {"neighbours": [42, 55, 68, 91], "node_range": 15.0, "x": 35.148744, "y": 97.447052}, "39": {"neighbours": [1, 66, 75, 97], "node_range": 15.0, "x": 93.697646, "y": 82.182073}, "40": {"neighbours": [15, 17, 19, 24, 26, 35, 44, 67, 70, 89, 99], "node_range": 15.0, "x": 36.593883, "y": 34.630121}, "41": {"neighbours": [2, 48, 52, 57, 60], "node_range": 15.0, "x": 38.920846, "y": 69.363403}, "42": {"neighbours": [37, 38, 55, 68, 91], "node_range": 15.0, "x": 40.288151, "y": 98.650625}, "43": {"neighbours": [10, 14, 35, 53, 69, 90, 95], "node_range": 15.0, "x": 13.877279, "y": 30.01253}, "44": {"neighbours": [15, 17, 19, 24, 26, 35, 40, 67, 70, 89, 99], "node_range": 15.0, "x": 38.016223, "y": 35.033176}, "45": {"neighbours": [6, 16, 33, 47, 54, 72, 93], "node_range": 15.0, "x": 71.782764, "y": 37.977329}, "46": {"neighbours": [61, 77], "node_range": 15.0, "x": 65.648922, "y": 3.284964}, "47": {"neighbours": [6, 16, 34, 45, 54, 87, 93], "node_range": 15.0, "x": 66.095464, "y": 27.23697}, "48": {"neighbours": [41, 60, 83], "node_range": 15.0, "x": 31.639334, "y": 73.697891}, "49": {"neighbours": [2, 15, 18, 31, 57, 89], "node_range": 15.0, "x": 44.358702, "y": 54.841632}, "50": {"neighbours": [13, 52], "node_range": 15.0, "x": 60.310346, "y": 75.847207}, "51": {"neighbours": [7, 23, 90], "node_range": 15.0, "x": 8.153377, "y": 49.325799}, "52": {"neighbours": [13, 31, 41, 50, 57], "node_range": 15.0, "x": 49.951435, "y": 72.405736}, "53": {"neighbours": [5, 14, 35, 43, 90, 99], "node_range": 15.0, "x": 20.623722, "y": 39.588146}, "54": {"neighbours": [6, 16, 33, 45, 47, 72, 93], "node_range": 15.0, "x": 70.158772, "y": 39.521731}, "55": {"neighbours": [32, 37, 38, 42, 68, 91], "node_range": 15.0, "x": 40.920353, "y": 96.162936}, "56": {"neighbours": [13, 18, 31, 33, 72], "node_range": 15.0, "x": 60.987117, "y": 53.544672}, "57": {"neighbours": [2, 18, 31, 41, 49, 52], "node_range": 15.0, "x": 44.566039, "y": 59.763886}, "58": {"neighbours": [9, 22, 84, 95, 96], "node_range": 15.0, "x": 31.355278, "y": 8.628457}, "59": {"neighbours": [28, 63, 64, 78, 79], "node_range": 15.0, "x": 89.783011, "y": 27.521434}, "60": {"neighbours": [21, 25, 41, 48, 83], "node_range": 15.0, "x": 30.255451, "y": 71.961376}, "61": {"neighbours": [46, 76], "node_range": 15.0, "x": 77.735839, "y": 0.730749}, "62": {"neighbours": [4, 9, 29, 73, 95], "node_range": 15.0, "x": 15.140773, "y": 6.472053}, "63": {"neighbours": [11, 27, 28, 59, 71, 79], "node_range": 15.0, "x": 90.489123, "y": 37.690564}, "64": {"neighbours": [59, 76, 78, 79], "node_range": 15.0, "x": 84.454723, "y": 21.276207}, "65": {"neighbours": [81, 94], "node_range": 15.0, "x": 75.457007, "y": 67.536933}, "66": {"neighbours": [1, 39, 75, 85, 97], "node_range": 15.0, "x": 82.783603, "y": 82.580368}, "67": {"neighbours": [2, 5, 15, 17, 19, 24, 40, 44, 70, 89, 99], "node_range": 15.0, "x": 37.398803, "y": 41.309594}, "68": {"neighbours": [32, 38, 42, 55, 91], "node_range": 15.0, "x": 41.736587, "y": 88.220282}, "69": {"neighbours": [3, 4, 10, 14, 29, 35, 43, 95], "node_range": 15.0, "x": 15.834093, "y": 22.193488}, "70": {"neighbours": [15, 17, 19, 24, 26, 40, 44, 67, 89, 99], "node_range": 15.0, "x": 41.210432, "y": 36.588414}, "71": {"neighbours": [11, 27, 28, 30, 63, 98], "node_range": 15.0, "x": 94.95098, "y": 45.064238}, "72": {"neighbours": [6, 33, 45, 54, 56, 81, 93], "node_range": 15.0, "x": 68.135244, "y": 49.257084}, "73": {"neighbours": [4, 29, 62], "node_range": 15.0, "x": 5.714651, "y": 3.323717}, "74": {"neighbours": [8, 12, 20, 36, 82, 83, 88, 92, 100], "node_range": 15.0, "x": 7.755842, "y": 87.678026}, "75": {"neighbours": [1, 39, 66, 85, 97], "node_range": 15.0, "x": 86.434063, "y": 84.029615}, "76": {"neighbours": [61, 64, 78], "node_range": 15.0, "x": 78.705523, "y": 13.868096}, "77": {"neighbours": [22, 46, 86], "node_range": 15.0, "x": 53.289613, "y": 7.692145}, "78": {"neighbours": [59, 64, 76, 79], "node_range": 15.0, "x": 87.557031, "y": 16.55815}, "79": {"neighbours": [28, 59, 63, 64, 78], "node_range": 15.0, "x": 93.191845, "y": 28.440283}, "80": {"neighbours": [32, 85], "node_range": 15.0, "x": 69.501849, "y": 95.120828}, "81": {"neighbours": [65, 72, 94], "node_range": 15.0, "x": 75.835062,