{"1": {"neighbours": [23, 25], "node_range": 15.0, "x": 10.177759, "y": 55.663831}, "2": {"neighbours": [22, 37, 54, 69, 77], "node_range": 15.0, "x": 7.44395, "y": 76.506066}, "3": {"neighbours": [10, 30, 40, 46, 48, 55, 60, 66], "node_range": 15.0, "x": 63.969727, "y": 80.855013}, "4": {"neighbours": [6, 19, 33, 41, 67, 76, 100], "node_range": 15.0, "x": 68.07679, "y": 55.387932}, "5": {"neighbours": [11, 12, 61, 65, 99], "node_range": 15.0, "x": 32.506331, "y": 47.196667}, "6": {"neighbours": [4, 18, 41, 67, 72, 78, 91, 100], "node_range": 15.0, "x": 81.068015, "y": 57.471979}, "7": {"neighbours": [52, 63, 68, 81], "node_range": 15.0, "x": 36.383646, "y": 0.026048}, "8": {"neighbours": [12, 54, 69], "node_range": 15.0, "x": 27.561776, "y": 62.589672}, "9": {"neighbours": [14, 31, 35, 56, 73, 88, 89], "node_range": 15.0, "x": 62.492768, "y": 32.58523}, "10": {"neighbours": [3, 30, 46, 48, 58, 66], "node_range": 15.0, "x": 56.82758, "y": 91.530982}, "11": {"neighbours": [5, 33, 51, 61, 76, 88], "node_range": 15.0, "x": 43.187869, "y": 50.683261}, "12": {"neighbours": [5, 8, 65], "node_range": 15.0, "x": 25.742294, "y": 54.250491}, "13": {"neighbours": [27, 59, 71, 94], "node_range": 15.0, "x": 83.277803, "y": 17.636006}, "14": {"neighbours": [9, 31, 35, 41, 88, 89, 100], "node_range": 15.0, "x": 68.300702, "y": 38.463709}, "15": {"neighbours": [34, 38, 49, 57, 62, 80, 86, 92], "node_range": 15.0, "x": 21.511489, "y": 23.438009}, "16": {"neighbours": [43, 47, 50, 53, 97, 98], "node_range": 15.0, "x": 66.771152, "y": 9.346606}, "17": {"neighbours": [26, 38, 75, 93], "node_range": 15.0, "x": 11.72343, "y": 5.356374}, "18": {"neighbours": [6, 29, 67, 72, 74, 91], "node_range": 15.0, "x": 81.514088, "y": 63.598826}, "19": {"neighbours": [4, 33, 40, 55, 67, 76, 85, 100], "node_range": 15.0, "x": 60.970851, "y": 63.718575}, "20": {"neighbours": [32, 84, 85, 87, 96], "node_range": 15.0, "x": 44.527502, "y": 76.899015}, "21": {"neighbours": [28, 36, 52, 57, 68, 73, 99], "node_range": 15.0, "x": 38.885457, "y": 24.986839}, "22": {"neighbours": [2, 24, 37, 69, 77], "node_range": 15.0, "x": 4.323689, "y": 79.560657}, "23": {"neighbours": [1, 25, 77], "node_range": 15.0, "x": 0.998528, "y": 55.665107}, "24": {"neighbours": [22, 37, 44], "node_range": 15.0, "x": 5.537496, "y": 91.769579}, "25": {"neighbours": [1, 23, 39], "node_range": 15.0, "x": 6.223123, "y": 49.191124}, "26": {"neighbours": [17, 38, 75, 93], "node_range": 15.0, "x": 12.969907, "y": 3.496456}, "27": {"neighbours": [13, 94], "node_range": 15.0, "x": 95.52049, "y": 17.024531}, "28": {"neighbours": [21, 36, 52, 57, 68, 99], "node_range": 15.0, "x": 38.627481, "y": 23.897262}, "29": {"neighbours": [18, 64, 72, 78, 79], "node_range": 15.0, "x": 95.985271, "y": 62.507511}, "30": {"neighbours": [3, 10, 40, 46, 48, 58, 60, 66], "node_range": 15.0, "x": 63.248773, "y": 88.282116}, "31": {"neighbours": [9, 14, 35, 56, 59, 89], "node_range": 15.0, "x": 65.451125, "y": 30.365658}, "32": {"neighbours": [20, 85, 87, 96], "node_range": 15.0, "x": 44.173018, "y": 70.486226}, "33": {"neighbours": [4, 11, 19, 51, 61, 76, 85, 88, 89, 100], "node_range": 15.0, "x": 55.010726, "y": 52.151981}, "34": {"neighbours": [15, 49, 57, 62, 80, 86, 92, 99], "node_range": 15.0, "x": 23.094056, "y": 26.878339}, "35": {"neighbours": [9, 14, 31, 36, 42, 56, 73, 88, 89], "node_range": 15.0, "x": 56.033677, "y": 31.183132}, "36": {"neighbours": [21, 28, 35, 42, 52, 56, 57, 68, 73], "node_range": 15.0, "x": 43.571842, "y": 24.185197}, "37": {"neighbours": [2, 22, 24, 69, 77], "node_range": 15.0, "x": 6.053946, "y": 78.375922}, "38": {"neighbours": [15, 17, 26, 49, 75, 92, 93], "node_range": 15.0, "x": 19.30391, "y": 9.075756}, "39": {"neighbours": [25, 62, 70, 86], "node_range": 15.0, "x": 10.816107, "y": 39.4088}, "40": {"neighbours": [3, 19, 30, 46, 55, 60, 67, 74], "node_range": 15.0, "x": 69.107371, "y": 75.125524}, "41": {"neighbours": [4, 6, 14, 89, 91, 100], "node_range": 15.0, "x": 72.350527, "y": 45.812003}, "42": {"neighbours": [35, 36, 43, 47, 50, 53, 56, 63, 68, 97, 98], "node_range": 15.0, "x": 52.677081, "y": 18.22817}, "43": {"neighbours": [16, 42, 47, 50, 53, 56, 97, 98], "node_range": 15.0, "x": 60.129375, "y": 13.154876}, "44": {"neighbours": [24, 95], "node_range": 15.0, "x": 16.785133, "y": 97.510568}, "45": {"neighbours": [74, 82, 90], "node_range": 15.0, "x": 89.305311, "y": 87.52286}, "46": {"neighbours": [3, 10, 30, 40, 48, 58, 60, 66], "node_range": 15.0, "x": 68.315395, "y": 88.752783}, "47": {"neighbours": [16, 42, 43, 50, 53, 56, 97, 98], "node_range": 15.0, "x": 57.221951, "y": 10.7697}, "48": {"neighbours": [3, 10, 30, 46, 58, 60, 66], "node_range": 15.0, "x": 58.614479, "y": 88.769005}, "49": {"neighbours": [15, 34, 38, 52, 57, 62, 80, 86, 92], "node_range": 15.0, "x": 23.577057, "y": 21.953808}, "50": {"neighbours": [16, 42, 43, 47, 53, 63, 97, 98], "node_range": 15.0, "x": 55.039463, "y": 8.421029}, "51": {"neighbours": [11, 33, 61, 76, 85, 88, 89], "node_range": 15.0, "x": 51.791627, "y": 50.708341}, "52": {"neighbours": [7, 21, 28, 36, 49, 63, 68, 81], "node_range": 15.0, "x": 35.061168, "y": 13.786137}, "53": {"neighbours": [16, 42, 43, 47, 50, 56, 97, 98], "node_range": 15.0, "x": 57.362678, "y": 9.698584}, "54": {"neighbours": [2, 8, 69, 95, 96], "node_range": 15.0, "x": 21.829868, "y": 74.701396}, "55": {"neighbours": [3, 19, 40, 60, 67, 74], "node_range": 15.0, "x": 67.347723, "y": 71.012275}, "56": {"neighbours": [9, 31, 35, 36, 42, 43, 47, 53, 73, 97, 98], "node_range": 15.0, "x": 56.571122, "y": 23.505408}, "57": {"neighbours": [15, 21, 28, 34, 36, 49, 62, 65, 86, 99], "node_range": 15.0, "x": 33.012401, "y": 30.326723}, "58": {"neighbours": [10, 30, 46, 48, 66], "node_range": 15.0, "x": 55.717991, "y": 94.747936}, "59": {"neighbours": [13, 31, 71, 83], "node_range": 15.0, "x": 76.197124, "y": 24.414495}, "60": {"neighbours": [3, 30, 40, 46, 48, 55, 66, 74], "node_range": 15.0, "x": 67.567397, "y": 79.243628}, "61": {"neighbours": [5, 11, 33, 51, 65, 76, 88], "node_range": 15.0, "x": 40.974446, "y": 48.371444}, "62": {"neighbours": [15, 34, 39, 49, 57, 65, 80, 86, 92, 99], "node_range": 15.0, "x": 22.304317, "y": 30.145369}, "63": {"neighbours": [7, 42, 50, 52, 68, 81, 98], "node_range": 15.0, "x": 41.99603, "y": 8.612374}, "64": {"neighbours": [29, 72, 79, 82], "node_range": 15.0, "x": 94.222012, "y": 71.855222}, "65": {"neighbours": [5, 12, 57, 61, 62, 86, 99], "node_range": 15.0, "x": 29.931831, "y": 42.172672}, "66": {"neighbours": [3, 10, 30, 46, 48, 58, 60], "node_range": 15.0, "x": 59.039924, "y": 88.56391}, "67": {"neighbours": [4, 6, 18, 19, 40, 55, 100], "node_range": 15.0, "x": 68.553651, "y": 61.839235}, "68": {"neighbours": [7, 21, 28, 36, 42, 52, 63, 81, 98], "node_range": 15.0, "x": 40.537594, "y": 14.284287}, "69": {"neighbours": [2, 8, 22, 37, 54, 77], "node_range": 15.0, "x": 14.664232, "y": 70.113166}, "70": {"neighbours": [39, 80], "node_range": 15.0, "x": 3.466485, "y": 27.980909}, "71": {"neighbours": [13, 59, 83, 94], "node_range": 15.0, "x": 83.771221, "y": 27.889792}, "72": {"neighbours": [6, 18, 29, 64, 78, 79, 91], "node_range": 15.0, "x": 93.2448, "y": 61.504363}, "73": {"neighbours": [9, 21, 35, 36, 56, 88, 89], "node_range": 15.0, "x": 50.825877, "y": 33.836398}, "74": {"neighbours": [18, 40, 45, 55, 60, 82, 90], "node_range": 15.0, "x": 80.363902, "y": 78.332225}, "75": {"neighbours": [17, 26, 38, 93], "node_range": 15.0, "x": 11.677559, "y": 2.885775}, "76": {"neighbours": [4, 11, 19, 33, 51, 61, 85, 88, 89, 100], "node_range": 15.0, "x": 53.793113, "y": 52.739814}, "77": {"neighbours": [2, 22, 23, 37, 69], "node_range": 15.0, "x": 0.603323, "y": 70.192383}, "78": {"neighbours": [6, 29, 72, 79, 91], "node_range": 15.0, "x": 94.793114, "y": 55.636759}, "79": {"neighbours": [29, 64, 72, 78, 82], "node_range": 15.0, "x": 96.799665, "y": 65.106536}, "80": {"neighbours": [15, 34, 49, 62, 70, 86, 92], "node_range": 15.0, "x": 15.287628, "y": 24.48814},