{"1": {"neighbours": [30, 47, 57], "node_range": 15.0, "x": 12.12842, "y": 76.902464}, "2": {"neighbours": [15, 39, 51, 58, 69, 70, 71], "node_range": 15.0, "x": 45.309506, "y": 65.455183}, "3": {"neighbours": [11, 18, 49], "node_range": 15.0, "x": 96.735626, "y": 46.013857}, "4": {"neighbours": [29, 31, 42, 44, 77, 99], "node_range": 15.0, "x": 63.654458, "y": 88.069404}, "5": {"neighbours": [38, 53, 72], "node_range": 15.0, "x": 64.694786, "y": 4.510005}, "6": {"neighbours": [9, 46, 50, 62, 74, 75, 86, 98], "node_range": 15.0, "x": 46.631522, "y": 23.017051}, "7": {"neighbours": [52, 56, 61, 69, 89], "node_range": 15.0, "x": 29.788352, "y": 81.504538}, "8": {"neighbours": [26, 66, 71, 75, 79], "node_range": 15.0, "x": 55.134562, "y": 46.755161}, "9": {"neighbours": [6, 45, 46, 50, 62, 86, 98], "node_range": 15.0, "x": 39.405958, "y": 20.217396}, "10": {"neighbours": [20, 27, 78, 97], "node_range": 15.0, "x": 25.870595, "y": 2.808803}, "11": {"neighbours": [3, 17, 37, 49, 68], "node_range": 15.0, "x": 84.503281, "y": 39.669166}, "12": {"neighbours": [13, 93], "node_range": 15.0, "x": 3.503018, "y": 29.64852}, "13": {"neighbours": [12, 95], "node_range": 15.0, "x": 1.762049, "y": 20.764428}, "14": {"neighbours": [17, 25, 26, 64, 76, 80], "node_range": 15.0, "x": 74.516326, "y": 55.927932}, "15": {"neighbours": [2, 23, 25, 29, 39, 58], "node_range": 15.0, "x": 56.914798, "y": 69.642643}, "16": {"neighbours": [22, 46, 50, 59, 62, 66, 75, 86, 90, 98], "node_range": 15.0, "x": 41.429928, "y": 40.418545}, "17": {"neighbours": [11, 14, 25, 26, 37, 64, 80], "node_range": 15.0, "x": 74.186799, "y": 50.409847}, "18": {"neighbours": [3], "node_range": 15.0, "x": 99.525045, "y": 54.707672}, "19": {"neighbours": [60, 93, 96], "node_range": 15.0, "x": 9.065964, "y": 45.683281}, "20": {"neighbours": [10, 78, 85], "node_range": 15.0, "x": 35.168145, "y": 4.139478}, "21": {"neighbours": [28, 37, 38, 40, 48, 63, 68, 74, 100], "node_range": 15.0, "x": 68.352963, "y": 24.628974}, "22": {"neighbours": [16, 51, 55, 59, 66, 69, 70, 90], "node_range": 15.0, "x": 34.731725, "y": 53.167372}, "23": {"neighbours": [15, 25, 29, 31, 76, 99], "node_range": 15.0, "x": 70.366724, "y": 73.66433}, "24": {"neighbours": [41, 43, 65, 72], "node_range": 15.0, "x": 87.488252, "y": 3.255401}, "25": {"neighbours": [14, 15, 17, 23, 26, 76, 80], "node_range": 15.0, "x": 67.924318, "y": 59.803039}, "26": {"neighbours": [8, 14, 17, 25, 37, 71, 79, 80], "node_range": 15.0, "x": 65.177136, "y": 50.39079}, "27": {"neighbours": [10, 78, 88, 95, 97], "node_range": 15.0, "x": 19.470726, "y": 5.827705}, "28": {"neighbours": [21, 38, 40, 48, 63, 68, 74, 100], "node_range": 15.0, "x": 62.421567, "y": 24.659921}, "29": {"neighbours": [4, 15, 23, 58, 99], "node_range": 15.0, "x": 58.997686, "y": 77.519382}, "30": {"neighbours": [1, 47, 54, 57, 87], "node_range": 15.0, "x": 3.36697, "y": 77.814161}, "31": {"neighbours": [4, 23, 76, 99], "node_range": 15.0, "x": 74.54859, "y": 80.03829}, "32": {"neighbours": [33, 35, 43, 48, 49, 83], "node_range": 15.0, "x": 90.507844, "y": 23.157662}, "33": {"neighbours": [32, 35, 43, 49, 65, 83], "node_range": 15.0, "x": 93.497894, "y": 20.56392}, "34": {"neighbours": [45, 67, 84, 91, 94, 95, 97], "node_range": 15.0, "x": 20.233897, "y": 21.945139}, "35": {"neighbours": [32, 33, 41, 43, 65, 83], "node_range": 15.0, "x": 92.178445, "y": 18.411944}, "36": {"neighbours": [73, 92], "node_range": 15.0, "x": 91.400352, "y": 86.658926}, "37": {"neighbours": [11, 17, 21, 26, 40, 48, 63, 68, 100], "node_range": 15.0, "x": 72.28573, "y": 38.161483}, "38": {"neighbours": [5, 21, 28, 40, 41, 48, 53, 72], "node_range": 15.0, "x": 70.02123, "y": 11.92049}, "39": {"neighbours": [2, 15, 51, 58, 69, 70], "node_range": 15.0, "x": 43.932098, "y": 69.693175}, "40": {"neighbours": [21, 28, 37, 38, 48, 63, 68, 100], "node_range": 15.0, "x": 74.638195, "y": 25.985896}, "41": {"neighbours": [24, 35, 38, 43, 53, 65, 72], "node_range": 15.0, "x": 83.391004, "y": 8.381177}, "42": {"neighbours": [4, 44, 77, 99], "node_range": 15.0, "x": 58.442371, "y": 93.192306}, "43": {"neighbours": [24, 32, 33, 35, 41, 65, 83], "node_range": 15.0, "x": 87.411213, "y": 12.59357}, "44": {"neighbours": [4, 42, 77, 99], "node_range": 15.0, "x": 59.208408, "y": 93.522507}, "45": {"neighbours": [9, 34, 46, 50, 59, 62, 67, 84, 91, 94, 97, 98], "node_range": 15.0, "x": 31.268289, "y": 26.209709}, "46": {"neighbours": [6, 9, 16, 45, 50, 59, 62, 66, 74, 75, 86, 98], "node_range": 15.0, "x": 40.853518, "y": 31.979171}, "47": {"neighbours": [1, 30, 54, 57, 82, 87], "node_range": 15.0, "x": 6.172275, "y": 85.463943}, "48": {"neighbours": [21, 28, 32, 37, 38, 40, 63, 68, 100], "node_range": 15.0, "x": 75.76257, "y": 25.658863}, "49": {"neighbours": [3, 11, 32, 33], "node_range": 15.0, "x": 95.618533, "y": 33.236241}, "50": {"neighbours": [6, 9, 16, 45, 46, 59, 62, 75, 86, 91, 94, 98], "node_range": 15.0, "x": 36.678179, "y": 32.828148}, "51": {"neighbours": [2, 22, 39, 58, 69, 70], "node_range": 15.0, "x": 40.288295, "y": 66.970982}, "52": {"neighbours": [7, 56, 61, 81, 89], "node_range": 15.0, "x": 32.743012, "y": 87.092399}, "53": {"neighbours": [5, 38, 41, 72], "node_range": 15.0, "x": 72.209518, "y": 9.932317}, "54": {"neighbours": [30, 47, 82, 87], "node_range": 15.0, "x": 5.520098, "y": 92.211105}, "55": {"neighbours": [22, 59, 70, 90, 96], "node_range": 15.0, "x": 27.740708, "y": 49.837156}, "56": {"neighbours": [7, 52, 61, 81, 89], "node_range": 15.0, "x": 33.023188, "y": 85.697633}, "57": {"neighbours": [1, 30, 47, 87], "node_range": 15.0, "x": 9.666476, "y": 76.632076}, "58": {"neighbours": [2, 15, 29, 39, 51], "node_range": 15.0, "x": 47.316989, "y": 73.016737}, "59": {"neighbours": [16, 22, 45, 46, 50, 55, 62, 75, 90, 91, 94, 98], "node_range": 15.0, "x": 32.839158, "y": 39.685919}, "60": {"neighbours": [19, 93, 96], "node_range": 15.0, "x": 10.259141, "y": 49.187966}, "61": {"neighbours": [7, 52, 56, 81, 89], "node_range": 15.0, "x": 32.294409, "y": 85.882911}, "62": {"neighbours": [6, 9, 16, 45, 46, 50, 59, 67, 75, 86, 91, 94, 98], "node_range": 15.0, "x": 34.431285, "y": 29.011046}, "63": {"neighbours": [21, 28, 37, 40, 48, 68, 100], "node_range": 15.0, "x": 70.341074, "y": 31.721849}, "64": {"neighbours": [14, 17], "node_range": 15.0, "x": 83.845165, "y": 56.69394}, "65": {"neighbours": [24, 33, 35, 41, 43, 83], "node_range": 15.0, "x": 91.239192, "y": 7.846814}, "66": {"neighbours": [8, 16, 22, 46, 71, 75, 79, 90], "node_range": 15.0, "x": 47.428446, "y": 45.43494}, "67": {"neighbours": [34, 45, 62, 84, 91, 94, 95, 97], "node_range": 15.0, "x": 22.697386, "y": 24.003338}, "68": {"neighbours": [11, 21, 28, 37, 40, 48, 63, 100], "node_range": 15.0, "x": 72.566884, "y": 34.420581}, "69": {"neighbours": [2, 7, 22, 39, 51, 70], "node_range": 15.0, "x": 31.006498, "y": 67.287226}, "70": {"neighbours": [2, 22, 39, 51, 55, 69, 90], "node_range": 15.0, "x": 34.509833, "y": 62.74116}, "71": {"neighbours": [2, 8, 26, 66, 79, 90], "node_range": 15.0, "x": 52.180514, "y": 52.539054}, "72": {"neighbours": [5, 24, 38, 41, 53], "node_range": 15.0, "x": 73.925536, "y": 4.278406}, "73": {"neighbours": [36, 92], "node_range": 15.0, "x": 91.17492, "y": 91.630682}, "74": {"neighbours": [6, 21, 28, 46, 75, 86, 98], "node_range": 15.0, "x": 54.357898, "y": 29.618686}, "75": {"neighbours": [6, 8, 16, 46, 50, 59, 62, 66, 74, 79, 86, 98], "node_range": 15.0, "x": 44.705177, "y": 36.468416}, "76": {"neighbours": [14, 23, 25, 31], "node_range": 15.0, "x": 72.800879, "y": 70.64677}, "77": {"neighbours": [4, 42, 44], "node_range": 15.0, "x": 72.862453, "y": 97.07066}, "78": {"neighbours": [10, 20, 27], "node_range": 15.0, "x": 33.427732, "y": 1.475628}, "79": {"neighbours": [8, 26, 66, 71, 75, 80], "node_range": 15.0, "x": 56.927539, "y": 44.93427}, "80": {"neighbours": [14, 17, 25, 26, 79], "node_range": 15.0, "x": 67.266448, "y": 55.77336}, "81": {"neighbours": [52, 56, 61, 89], "node_range": 15.0, "x": 28.300893, "y": 97.109301},