{"1": {"neighbours": [2, 12, 20, 24, 33, 35, 38, 42, 44, 60, 63, 64, 66, 98], "node_range": 18.0, "x": 47.915661, "y": 71.978954}, "2": {"neighbours": [1, 8, 12, 16, 24, 35, 42, 43, 55, 59, 60, 63, 83, 98], "node_range": 18.0, "x": 51.311622, "y": 85.99484}, "3": {"neighbours": [4, 27, 39, 41, 47, 49, 57, 58, 80, 90, 96, 100], "node_range": 18.0, "x": 86.752622, "y": 23.889118}, "4": {"neighbours": [3, 41, 47, 49, 52, 57, 80, 96, 100], "node_range": 18.0, "x": 88.789765, "y": 30.296654}, "5": {"neighbours": [20, 38, 44, 64, 75, 77, 88], "node_range": 18.0, "x": 29.10625, "y": 63.065993}, "6": {"neighbours": [23, 40, 97], "node_range": 18.0, "x": 8.577796, "y": 86.586457}, "7": {"neighbours": [37, 47, 48, 50, 51, 52, 54, 58, 68, 74, 78, 79, 85, 94], "node_range": 18.0, "x": 66.126745, "y": 40.304646}, "8": {"neighbours": [2, 11, 24, 29, 33, 59, 63, 98], "node_range": 18.0, "x": 41.245736, "y": 92.799382}, "9": {"neighbours": [14, 37, 41, 52, 53, 74, 79, 86, 94, 96, 100], "node_range": 18.0, "x": 86.862561, "y": 50.405233}, "10": {"neighbours": [31, 46, 65, 75, 76, 88], "node_range": 18.0, "x": 10.833074, "y": 44.57958}, "11": {"neighbours": [8, 23, 29, 33, 40], "node_range": 18.0, "x": 26.946801, "y": 82.900542}, "12": {"neighbours": [1, 2, 16, 24, 30, 35, 42, 43, 44, 55, 60, 63, 98], "node_range": 18.0, "x": 55.443352, "y": 78.708212}, "13": {"neighbours": [19, 25, 34, 56, 61, 67, 70, 91], "node_range": 18.0, "x": 39.496886, "y": 1.281449}, "14": {"neighbours": [9, 51, 53, 74, 79, 86, 94], "node_range": 18.0, "x": 77.542431, "y": 59.33725}, "15": {"neighbours": [30, 84, 99], "node_range": 18.0, "x": 80.80048, "y": 79.816869}, "16": {"neighbours": [2, 12, 30, 43, 55, 60, 63, 82, 83, 87, 98], "node_range": 18.0, "x": 59.67503, "y": 92.250054}, "17": {"neighbours": [21, 28, 56, 89, 95], "node_range": 18.0, "x": 6.605859, "y": 2.3387}, "18": {"neighbours": [84, 92, 99], "node_range": 18.0, "x": 92.812195, "y": 95.505086}, "19": {"neighbours": [13, 25, 34, 61, 67, 70, 91], "node_range": 18.0, "x": 42.971743, "y": 1.090469}, "20": {"neighbours": [1, 5, 24, 35, 38, 42, 44, 64, 66, 77], "node_range": 18.0, "x": 42.11659, "y": 64.282831}, "21": {"neighbours": [17, 28, 32, 56, 89, 95], "node_range": 18.0, "x": 12.798171, "y": 5.405145}, "22": {"neighbours": [26, 31, 32, 46, 62, 69, 71, 72, 76, 81, 91, 95], "node_range": 18.0, "x": 27.511108, "y": 27.555424}, "23": {"neighbours": [6, 11, 40, 97], "node_range": 18.0, "x": 9.436679, "y": 81.351927}, "24": {"neighbours": [1, 2, 8, 12, 20, 33, 35, 42, 44, 60, 63, 64, 98], "node_range": 18.0, "x": 45.054364, "y": 75.796958}, "25": {"neighbours": [13, 19, 26, 34, 36, 61, 62, 67, 70, 72, 73, 91, 93], "node_range": 18.0, "x": 47.820666, "y": 9.769296}, "26": {"neighbours": [22, 25, 32, 62, 70, 71, 72, 81, 91], "node_range": 18.0, "x": 34.535982, "y": 19.819719}, "27": {"neighbours": [3, 36, 39, 45, 47, 50, 57, 58, 73, 90, 93], "node_range": 18.0, "x": 69.193201, "y": 22.338584}, "28": {"neighbours": [17, 21, 32, 89, 95], "node_range": 18.0, "x": 4.910884, "y": 15.068983}, "29": {"neighbours": [8, 11, 33, 59, 98], "node_range": 18.0, "x": 35.435162, "y": 94.801272}, "30": {"neighbours": [12, 15, 16, 35, 43, 55, 60, 63, 82, 87], "node_range": 18.0, "x": 70.742028, "y": 82.870635}, "31": {"neighbours": [10, 22, 32, 46, 65, 71, 95], "node_range": 18.0, "x": 11.740756, "y": 32.035176}, "32": {"neighbours": [21, 22, 26, 28, 31, 46, 56, 71, 89, 91, 95], "node_range": 18.0, "x": 19.361394, "y": 18.181475}, "33": {"neighbours": [1, 8, 11, 24, 29, 42, 44], "node_range": 18.0, "x": 33.314675, "y": 81.088492}, "34": {"neighbours": [13, 19, 25, 36, 45, 61, 62, 67, 68, 70, 73, 93], "node_range": 18.0, "x": 52.902855, "y": 12.150305}, "35": {"neighbours": [1, 2, 12, 20, 24, 30, 42, 43, 44, 55, 60, 63, 66, 98], "node_range": 18.0, "x": 57.430837, "y": 71.432255}, "36": {"neighbours": [25, 27, 34, 39, 45, 47, 50, 58, 61, 67, 68, 70, 73, 90, 93], "node_range": 18.0, "x": 61.019026, "y": 19.462209}, "37": {"neighbours": [7, 9, 47, 48, 50, 51, 52, 54, 58, 74, 78, 79, 85, 94], "node_range": 18.0, "x": 72.726344, "y": 41.735344}, "38": {"neighbours": [1, 5, 20, 42, 44, 48, 64, 66, 69, 77, 85], "node_range": 18.0, "x": 43.939493, "y": 57.713501}, "39": {"neighbours": [3, 27, 36, 45, 47, 50, 57, 58, 73, 90, 93], "node_range": 18.0, "x": 69.594517, "y": 21.568021}, "40": {"neighbours": [6, 11, 23], "node_range": 18.0, "x": 13.563094, "y": 74.287138}, "41": {"neighbours": [3, 4, 9, 52, 80, 96, 100], "node_range": 18.0, "x": 94.799036, "y": 34.282855}, "42": {"neighbours": [1, 2, 12, 20, 24, 33, 35, 38, 44, 60, 63, 64, 66, 98], "node_range": 18.0, "x": 47.202175, "y": 74.231452}, "43": {"neighbours": [2, 12, 16, 30, 35, 55, 60, 63, 82, 83, 87, 98], "node_range": 18.0, "x": 61.730346, "y": 85.009356}, "44": {"neighbours": [1, 5, 12, 20, 24, 33, 35, 38, 42, 64, 66, 77], "node_range": 18.0, "x": 41.477153, "y": 68.211586}, "45": {"neighbours": [27, 34, 36, 39, 57, 58, 61, 67, 70, 73, 90, 93], "node_range": 18.0, "x": 65.25674, "y": 14.544962}, "46": {"neighbours": [10, 22, 31, 32, 65, 71, 76, 95], "node_range": 18.0, "x": 13.62098, "y": 34.645996}, "47": {"neighbours": [3, 4, 7, 27, 36, 37, 39, 50, 52, 57, 58, 78, 90, 94, 100], "node_range": 18.0, "x": 75.134948, "y": 30.350929}, "48": {"neighbours": [7, 37, 38, 50, 51, 54, 66, 78, 85], "node_range": 18.0, "x": 58.081844, "y": 48.075125}, "49": {"neighbours": [3, 4, 57, 80, 100], "node_range": 18.0, "x": 94.083669, "y": 15.93028}, "50": {"neighbours": [7, 27, 36, 37, 39, 47, 48, 52, 54, 58, 68, 78, 85, 90, 93], "node_range": 18.0, "x": 66.436182, "y": 34.995006}, "51": {"neighbours": [7, 14, 37, 48, 54, 74, 78, 79, 85, 94], "node_range": 18.0, "x": 67.917143, "y": 55.023371}, "52": {"neighbours": [4, 7, 9, 37, 41, 47, 50, 53, 58, 74, 78, 79, 94, 96, 100], "node_range": 18.0, "x": 79.227416, "y": 40.776082}, "53": {"neighbours": [9, 14, 52, 74, 79, 86, 94, 96], "node_range": 18.0, "x": 89.830289, "y": 52.10028}, "54": {"neighbours": [7, 37, 48, 50, 51, 66, 68, 78, 85, 93], "node_range": 18.0, "x": 57.116125, "y": 43.784557}, "55": {"neighbours": [2, 12, 16, 30, 35, 43, 60, 63, 82, 83, 87, 98], "node_range": 18.0, "x": 61.717739, "y": 88.091685}, "56": {"neighbours": [13, 17, 21, 32, 91], "node_range": 18.0, "x": 21.635637, "y": 3.064386}, "57": {"neighbours": [3, 4, 27, 39, 45, 47, 49, 58, 73, 80, 90, 100], "node_range": 18.0, "x": 79.711219, "y": 21.646706}, "58": {"neighbours": [3, 7, 27, 36, 37, 39, 45, 47, 50, 52, 57, 73, 90], "node_range": 18.0, "x": 71.031065, "y": 24.982292}, "59": {"neighbours": [2, 8, 29, 98], "node_range": 18.0, "x": 41.36234, "y": 98.236435}, "60": {"neighbours": [1, 2, 12, 16, 24, 30, 35, 42, 43, 55, 63, 87, 98], "node_range": 18.0, "x": 62.517425, "y": 78.949362}, "61": {"neighbours": [13, 19, 25, 34, 36, 45, 67, 70, 73], "node_range": 18.0, "x": 56.670727, "y": 6.281796}, "62": {"neighbours": [22, 25, 26, 34, 68, 70, 72, 81, 91, 93], "node_range": 18.0, "x": 39.716006, "y": 21.246088}, "63": {"neighbours": [1, 2, 8, 12, 16, 24, 30, 35, 42, 43, 55, 60, 83, 87, 98], "node_range": 18.0, "x": 53.728057, "y": 84.928147}, "64": {"neighbours": [1, 5, 20, 24, 38, 42, 44, 66, 77, 85], "node_range": 18.0, "x": 42.65983, "y": 58.745751}, "65": {"neighbours": [10, 31, 46], "node_range": 18.0, "x": 1.22955, "y": 42.622802}, "66": {"neighbours": [1, 20, 35, 38, 42, 44, 48, 54, 64, 85], "node_range": 18.0, "x": 48.686372, "y": 58.009541}, "67": {"neighbours": [13, 19, 25, 34, 36, 45, 61, 70, 73], "node_range": 18.0, "x": 56.287699, "y": 7.043119}, "68": {"neighbours": [7, 34, 36, 50, 54, 62, 70, 72, 81, 93], "node_range": 18.0, "x": 51.970815, "y": 29.787973}, "69": {"neighbours": [22, 38, 76, 77, 81], "node_range": 18.0, "x": 37.814115, "y": 40.934103}, "70": {"neighbours": [13, 19, 25, 26, 34, 36, 45, 61, 62, 67, 68, 72, 73, 81, 91, 93], "node_range": 18.0, "x": 49.7353, "y": 14.158936}, "71": {"neighbours": [22, 26, 31, 32, 46, 91, 95], "node_range": 18.0, "x": 19.376896,