{"1": {"neighbours": [2, 8, 48, 54, 77, 86, 99], "node_range": 18.0, "x": 6.966237, "y": 59.501231}, "2": {"neighbours": [1, 8, 13, 21, 35, 48, 49, 54, 59, 61, 99], "node_range": 18.0, "x": 9.89479, "y": 42.145272}, "3": {"neighbours": [7, 12, 21, 35, 44, 45, 47, 49, 59, 61, 63, 71], "node_range": 18.0, "x": 27.090383, "y": 30.418399}, "4": {"neighbours": [31, 36, 51, 52, 58, 75, 94, 97], "node_range": 18.0, "x": 75.75252, "y": 27.375997}, "5": {"neighbours": [15, 27, 85, 92], "node_range": 18.0, "x": 97.820768, "y": 48.337868}, "6": {"neighbours": [14, 66], "node_range": 18.0, "x": 56.456073, "y": 95.344076}, "7": {"neighbours": [3, 12, 21, 26, 35, 44, 45, 49, 59, 61, 71], "node_range": 18.0, "x": 27.207066, "y": 34.807469}, "8": {"neighbours": [1, 2, 21, 48, 54, 59, 99], "node_range": 18.0, "x": 5.669677, "y": 44.945186}, "9": {"neighbours": [77, 86, 88, 90], "node_range": 18.0, "x": 3.17402, "y": 87.124439}, "10": {"neighbours": [20, 43, 47, 69, 87, 95, 96], "node_range": 18.0, "x": 27.768292, "y": 3.899897}, "11": {"neighbours": [16, 28, 41, 46, 57, 70, 72, 76, 89, 91], "node_range": 18.0, "x": 53.235715, "y": 51.49899}, "12": {"neighbours": [3, 7, 26, 34, 35, 44, 45, 49, 54, 59, 61, 62, 99], "node_range": 18.0, "x": 28.087318, "y": 40.915557}, "13": {"neighbours": [2, 21, 35, 38, 48, 49, 63, 81, 87, 100], "node_range": 18.0, "x": 9.631122, "y": 25.690075}, "14": {"neighbours": [6, 32, 37, 78, 93], "node_range": 18.0, "x": 45.184009, "y": 89.256292}, "15": {"neighbours": [5, 27, 30, 84, 85], "node_range": 18.0, "x": 89.049622, "y": 60.829094}, "16": {"neighbours": [11, 24, 28, 41, 46, 51, 57, 72, 89, 91, 94], "node_range": 18.0, "x": 56.59056, "y": 44.999891}, "17": {"neighbours": [22, 25, 31, 40, 42, 55, 67, 74, 79], "node_range": 18.0, "x": 68.271876, "y": 8.536593}, "18": {"neighbours": [55, 58, 73], "node_range": 18.0, "x": 89.059727, "y": 3.727729}, "19": {"neighbours": [26, 34, 41, 45, 56, 57, 60, 61, 62, 68, 80, 83, 89, 91, 99], "node_range": 18.0, "x": 32.875521, "y": 58.478771}, "20": {"neighbours": [10, 43, 47, 69, 95, 96], "node_range": 18.0, "x": 29.874922, "y": 4.535107}, "21": {"neighbours": [2, 3, 7, 8, 13, 35, 48, 49, 54, 59, 63, 81, 100], "node_range": 18.0, "x": 10.187299, "y": 33.427716}, "22": {"neighbours": [17, 25, 31, 40, 42, 55, 58, 67, 74, 97], "node_range": 18.0, "x": 71.334384, "y": 8.146793}, "23": {"neighbours": [24, 25, 40, 44, 71, 72, 74, 94], "node_range": 18.0, "x": 48.182639, "y": 25.564739}, "24": {"neighbours": [16, 23, 40, 51, 71, 72, 75, 94], "node_range": 18.0, "x": 58.403289, "y": 33.541869}, "25": {"neighbours": [17, 22, 23, 31, 39, 40, 42, 55, 67, 69, 74, 79], "node_range": 18.0, "x": 58.045271, "y": 13.029548}, "26": {"neighbours": [7, 12, 19, 28, 34, 41, 45, 59, 61, 62, 68, 83, 91, 99], "node_range": 18.0, "x": 35.015633, "y": 50.564651}, "27": {"neighbours": [5, 15, 52, 85, 92], "node_range": 18.0, "x": 94.238223, "y": 45.844141}, "28": {"neighbours": [11, 16, 26, 33, 41, 46, 57, 70, 72, 76, 89, 91], "node_range": 18.0, "x": 52.830358, "y": 52.752952}, "29": {"neighbours": [53, 65, 82, 98], "node_range": 18.0, "x": 87.077639, "y": 89.254026}, "30": {"neighbours": [15, 84], "node_range": 18.0, "x": 88.087835, "y": 65.705744}, "31": {"neighbours": [4, 17, 22, 25, 36, 40, 42, 55, 58, 75, 94, 97], "node_range": 18.0, "x": 73.477489, "y": 19.929287}, "32": {"neighbours": [14, 37, 90, 93], "node_range": 18.0, "x": 28.870198, "y": 90.249399}, "33": {"neighbours": [28, 46, 50, 57, 60, 64, 70, 76, 78, 89, 91], "node_range": 18.0, "x": 55.72154, "y": 69.834775}, "34": {"neighbours": [12, 19, 26, 41, 45, 54, 59, 61, 62, 68, 83, 91, 99], "node_range": 18.0, "x": 32.110043, "y": 52.400354}, "35": {"neighbours": [2, 3, 7, 12, 13, 21, 44, 47, 48, 49, 59, 61, 63, 100], "node_range": 18.0, "x": 18.695122, "y": 29.561705}, "36": {"neighbours": [4, 31, 51, 52, 58, 75, 92, 97], "node_range": 18.0, "x": 82.749443, "y": 27.819273}, "37": {"neighbours": [14, 32, 56, 60, 78, 93], "node_range": 18.0, "x": 40.055861, "y": 86.970044}, "38": {"neighbours": [13, 63, 81, 87, 95, 100], "node_range": 18.0, "x": 3.38523, "y": 11.635415}, "39": {"neighbours": [25, 42, 43, 67, 69, 74, 79], "node_range": 18.0, "x": 50.085558, "y": 0.635868}, "40": {"neighbours": [17, 22, 23, 24, 25, 31, 42, 67, 72, 74, 79, 94], "node_range": 18.0, "x": 58.862544, "y": 18.738349}, "41": {"neighbours": [11, 16, 19, 26, 28, 34, 45, 46, 57, 68, 70, 72, 76, 83, 89, 91], "node_range": 18.0, "x": 46.43604, "y": 50.023951}, "42": {"neighbours": [17, 22, 25, 31, 39, 40, 55, 67, 74, 79], "node_range": 18.0, "x": 62.838403, "y": 10.690045}, "43": {"neighbours": [10, 20, 39, 47, 69, 79, 95, 96], "node_range": 18.0, "x": 35.85667, "y": 0.498506}, "44": {"neighbours": [3, 7, 12, 23, 35, 47, 49, 63, 71], "node_range": 18.0, "x": 30.703147, "y": 23.982014}, "45": {"neighbours": [3, 7, 12, 19, 26, 34, 41, 49, 54, 59, 61, 62, 68, 71, 99], "node_range": 18.0, "x": 31.374295, "y": 42.389322}, "46": {"neighbours": [11, 16, 28, 33, 41, 50, 57, 64, 70, 72, 76, 89, 91], "node_range": 18.0, "x": 57.477268, "y": 54.077415}, "47": {"neighbours": [3, 10, 20, 35, 43, 44, 63, 69, 87, 95, 96], "node_range": 18.0, "x": 25.217279, "y": 13.084678}, "48": {"neighbours": [1, 2, 8, 13, 21, 35, 49, 54, 59, 61, 99], "node_range": 18.0, "x": 9.206805, "y": 42.978551}, "49": {"neighbours": [2, 3, 7, 12, 13, 21, 35, 44, 45, 48, 54, 59, 61, 63], "node_range": 18.0, "x": 24.390536, "y": 33.440852}, "50": {"neighbours": [33, 46, 53, 57, 64, 65, 70, 76, 78, 89], "node_range": 18.0, "x": 61.320282, "y": 70.905612}, "51": {"neighbours": [4, 16, 24, 36, 52, 72, 75, 85, 94], "node_range": 18.0, "x": 71.607011, "y": 41.183681}, "52": {"neighbours": [4, 27, 36, 51, 75, 85], "node_range": 18.0, "x": 80.653553, "y": 42.571285}, "53": {"neighbours": [29, 50, 65, 66, 82], "node_range": 18.0, "x": 72.098076, "y": 80.974822}, "54": {"neighbours": [1, 2, 8, 12, 21, 34, 45, 48, 49, 59, 61, 62, 99], "node_range": 18.0, "x": 15.749997, "y": 48.937068}, "55": {"neighbours": [17, 18, 22, 25, 31, 42, 67], "node_range": 18.0, "x": 72.966009, "y": 4.952064}, "56": {"neighbours": [19, 37, 57, 60, 68, 70, 76, 78, 80, 83, 89, 91], "node_range": 18.0, "x": 37.575449, "y": 70.154513}, "57": {"neighbours": [11, 16, 19, 28, 33, 41, 46, 50, 56, 60, 68, 70, 76, 78, 83, 89, 91], "node_range": 18.0, "x": 50.055626, "y": 61.140616}, "58": {"neighbours": [4, 18, 22, 31, 36, 73, 75, 97], "node_range": 18.0, "x": 84.712242, "y": 18.913268}, "59": {"neighbours": [2, 3, 7, 8, 12, 21, 26, 34, 35, 45, 48, 49, 54, 61, 62, 99], "node_range": 18.0, "x": 20.126533, "y": 43.834759}, "60": {"neighbours": [19, 33, 37, 56, 57, 68, 70, 76, 78, 80, 83, 89, 91], "node_range": 18.0, "x": 39.399095, "y": 71.274662}, "61": {"neighbours": [2, 3, 7, 12, 19, 26, 34, 35, 45, 48, 49, 54, 59, 62, 99], "node_range": 18.0, "x": 25.337253, "y": 43.680426}, "62": {"neighbours": [12, 19, 26, 34, 45, 54, 59, 61, 68, 83, 99], "node_range": 18.0, "x": 27.925474, "y": 53.378299}, "63": {"neighbours": [3, 13, 21, 35, 38, 44, 47, 49, 81, 87, 95, 100], "node_range": 18.0, "x": 16.187601, "y": 19.128373}, "64": {"neighbours": [33, 46, 50, 76], "node_range": 18.0, "x": 70.032888, "y": 62.27839}, "65": {"neighbours": [29, 50, 53, 66, 82], "node_range": 18.0, "x": 71.172359, "y": 81.827668}, "66": {"neighbours": [6, 53, 65, 82], "node_range": 18.0, "x": 69.249142, "y": 97.777106}, "67": {"neighbours": [17, 22, 25, 39, 40, 42, 55, 74, 79], "node_range": 18.0, "x": 61.454151, "y": 5.897779}, "68": {"neighbours": [19, 26, 34, 41, 45, 56, 57, 60, 62, 70, 80, 83, 89, 91, 99], "node_range": 18.0, "x": 32.920976, "y": 60.293614}, "69": {"neighbours": [10, 20, 25, 39, 43, 47, 74, 79, 96], "node_range": 18.0, "x": 41.252459, "y": 6.616441}, "70": {"neighbours": [11, 28, 33, 41, 46, 50, 56, 57, 60, 68, 76, 78, 83, 89, 91], "node_range": 18.0, "x": 50.325644, "y": 64.528272}, "71": {"neighbours": [3, 7, 23, 24, 44, 45, 72], "node_range": 18.0, "x": 43.124949, "y": 30.452347},