{"1": {"neighbours": [22, 65, 93, 95], "node_range": 18.0, "x": 19.553555, "y": 39.704689}, "2": {"neighbours": [8, 10, 15, 24, 27, 29, 37, 49, 53, 62, 63, 71, 72, 77, 81, 83], "node_range": 18.0, "x": 35.981294, "y": 78.667006}, "3": {"neighbours": [6, 23, 31, 34, 64, 66, 85, 91, 92], "node_range": 18.0, "x": 74.350032, "y": 46.705362}, "4": {"neighbours": [23, 45, 74, 91], "node_range": 18.0, "x": 89.149621, "y": 28.973701}, "5": {"neighbours": [9, 46, 54, 73, 84, 97], "node_range": 18.0, "x": 64.548478, "y": 98.30827}, "6": {"neighbours": [3, 23, 31, 34, 66, 85, 91, 92], "node_range": 18.0, "x": 74.400981, "y": 45.987479}, "7": {"neighbours": [13, 38, 41, 49, 50, 59, 78, 80, 82, 90, 92], "node_range": 18.0, "x": 47.42024, "y": 56.509267}, "8": {"neighbours": [2, 15, 37, 58, 63, 72, 77, 81, 83, 89, 98], "node_range": 18.0, "x": 22.554782, "y": 80.941346}, "9": {"neighbours": [5, 26, 35, 54, 73], "node_range": 18.0, "x": 81.053155, "y": 97.268801}, "10": {"neighbours": [2, 15, 24, 27, 46, 53, 58, 77, 83], "node_range": 18.0, "x": 36.913583, "y": 95.851348}, "11": {"neighbours": [18, 33, 40, 41, 51, 52, 55, 57, 78, 86, 100], "node_range": 18.0, "x": 51.716542, "y": 27.776904}, "12": {"neighbours": [20, 28, 48, 68, 94], "node_range": 18.0, "x": 75.099416, "y": 3.500827}, "13": {"neighbours": [7, 37, 38, 41, 49, 50, 59, 63, 78, 80, 82, 90], "node_range": 18.0, "x": 38.379863, "y": 57.933107}, "14": {"neighbours": [18, 20, 28, 40, 55, 57], "node_range": 18.0, "x": 55.681815, "y": 9.126613}, "15": {"neighbours": [2, 8, 10, 24, 27, 29, 37, 46, 49, 53, 62, 63, 71, 76, 77], "node_range": 18.0, "x": 40.394442, "y": 78.55276}, "16": {"neighbours": [17, 30, 32, 47, 67, 69, 96], "node_range": 18.0, "x": 33.398588, "y": 7.064128}, "17": {"neighbours": [16, 30, 32, 47, 67, 69, 95, 96], "node_range": 18.0, "x": 25.06896, "y": 8.29397}, "18": {"neighbours": [11, 14, 33, 40, 51, 52, 55, 57, 78, 86, 100], "node_range": 18.0, "x": 55.548991, "y": 26.982705}, "19": {"neighbours": [26, 35, 43, 60, 61, 64, 66, 75, 84], "node_range": 18.0, "x": 82.226191, "y": 74.007034}, "20": {"neighbours": [12, 14, 28, 40, 55, 57, 68], "node_range": 18.0, "x": 63.26829, "y": 2.555864}, "21": {"neighbours": [87, 89, 98, 99], "node_range": 18.0, "x": 3.116877, "y": 80.997132}, "22": {"neighbours": [1, 36, 65, 79, 93, 95], "node_range": 18.0, "x": 8.198085, "y": 31.353638}, "23": {"neighbours": [3, 4, 6, 31, 33, 34, 85, 91], "node_range": 18.0, "x": 76.248627, "y": 40.666213}, "24": {"neighbours": [2, 10, 15, 27, 29, 37, 46, 53, 62, 71, 77, 83, 97], "node_range": 18.0, "x": 40.438905, "y": 91.124043}, "25": {"neighbours": [31, 66, 75, 91], "node_range": 18.0, "x": 97.45816, "y": 48.741311}, "26": {"neighbours": [9, 19, 35, 39, 43, 54, 61, 73, 84], "node_range": 18.0, "x": 78.669527, "y": 82.316685}, "27": {"neighbours": [2, 10, 15, 24, 29, 37, 46, 49, 53, 62, 63, 71, 76, 77], "node_range": 18.0, "x": 41.761707, "y": 78.832289}, "28": {"neighbours": [12, 14, 20, 40, 55, 57, 68, 94], "node_range": 18.0, "x": 62.72196, "y": 7.449862}, "29": {"neighbours": [2, 15, 24, 27, 37, 39, 42, 43, 46, 49, 53, 62, 71, 76, 84, 97], "node_range": 18.0, "x": 53.7885, "y": 80.44461}, "30": {"neighbours": [16, 17, 32, 47, 51, 69, 96], "node_range": 18.0, "x": 35.098817, "y": 16.349141}, "31": {"neighbours": [3, 6, 23, 25, 34, 64, 66, 91], "node_range": 18.0, "x": 85.819763, "y": 47.769818}, "32": {"neighbours": [16, 17, 30, 47, 69, 96], "node_range": 18.0, "x": 37.530313, "y": 5.243571}, "33": {"neighbours": [11, 18, 23, 34, 52, 55, 85, 94, 100], "node_range": 18.0, "x": 64.78562, "y": 29.108313}, "34": {"neighbours": [3, 6, 23, 31, 33, 85, 91, 92], "node_range": 18.0, "x": 71.253656, "y": 44.624774}, "35": {"neighbours": [9, 19, 26, 39, 43, 54, 61, 73, 84], "node_range": 18.0, "x": 79.356255, "y": 87.76936}, "36": {"neighbours": [22, 44, 56, 70, 79, 95], "node_range": 18.0, "x": 0.728893, "y": 20.040032}, "37": {"neighbours": [2, 8, 13, 15, 24, 27, 29, 38, 49, 53, 62, 63, 71, 72, 77], "node_range": 18.0, "x": 39.316749, "y": 75.538407}, "38": {"neighbours": [7, 13, 37, 41, 49, 50, 59, 63, 80, 82, 90], "node_range": 18.0, "x": 38.484037, "y": 59.064055}, "39": {"neighbours": [26, 29, 35, 42, 43, 46, 49, 60, 61, 62, 73, 76, 84, 97], "node_range": 18.0, "x": 64.026964, "y": 78.959729}, "40": {"neighbours": [11, 14, 18, 20, 28, 52, 55, 57, 94, 100], "node_range": 18.0, "x": 55.682106, "y": 12.923483}, "41": {"neighbours": [7, 11, 13, 38, 50, 52, 59, 78, 82, 85, 86, 90, 92, 100], "node_range": 18.0, "x": 47.317056, "y": 44.449626}, "42": {"neighbours": [29, 39, 43, 49, 60, 61, 62, 76, 84, 92], "node_range": 18.0, "x": 63.982966, "y": 69.186731}, "43": {"neighbours": [19, 26, 29, 35, 39, 42, 46, 60, 61, 62, 73, 76, 84, 97], "node_range": 18.0, "x": 65.870183, "y": 79.716557}, "44": {"neighbours": [36, 56, 67, 70, 79, 95], "node_range": 18.0, "x": 4.682815, "y": 11.637137}, "45": {"neighbours": [4, 74, 88], "node_range": 18.0, "x": 94.014155, "y": 21.972148}, "46": {"neighbours": [5, 10, 15, 24, 27, 29, 39, 43, 53, 62, 71, 73, 76, 84, 97], "node_range": 18.0, "x": 51.438156, "y": 90.419998}, "47": {"neighbours": [16, 17, 30, 32, 67, 69, 96], "node_range": 18.0, "x": 29.017049, "y": 3.927871}, "48": {"neighbours": [12, 68, 88], "node_range": 18.0, "x": 92.193349, "y": 1.886319}, "49": {"neighbours": [2, 7, 13, 15, 27, 29, 37, 38, 39, 42, 62, 71, 76], "node_range": 18.0, "x": 49.387874, "y": 71.020442}, "50": {"neighbours": [7, 13, 38, 41, 59, 78, 80, 82, 90, 92], "node_range": 18.0, "x": 43.131172, "y": 52.29047}, "51": {"neighbours": [11, 18, 30, 52, 86, 100], "node_range": 18.0, "x": 41.029232, "y": 26.187063}, "52": {"neighbours": [11, 18, 33, 40, 41, 51, 55, 57, 78, 86, 100], "node_range": 18.0, "x": 53.870571, "y": 27.832465}, "53": {"neighbours": [2, 10, 15, 24, 27, 29, 37, 46, 62, 71, 76, 97], "node_range": 18.0, "x": 48.547792, "y": 89.64828}, "54": {"neighbours": [5, 9, 26, 35, 61, 73, 84], "node_range": 18.0, "x": 82.120095, "y": 94.62757}, "55": {"neighbours": [11, 14, 18, 20, 28, 33, 40, 52, 57, 94, 100], "node_range": 18.0, "x": 59.010202, "y": 19.549577}, "56": {"neighbours": [36, 44, 67, 70, 79], "node_range": 18.0, "x": 2.478461, "y": 9.267243}, "57": {"neighbours": [11, 14, 18, 20, 28, 40, 52, 55, 94], "node_range": 18.0, "x": 57.134384, "y": 10.684787}, "58": {"neighbours": [8, 10, 77, 81, 83, 98], "node_range": 18.0, "x": 21.05058, "y": 92.18797}, "59": {"neighbours": [7, 13, 38, 41, 50, 78, 80, 82, 90, 92], "node_range": 18.0, "x": 42.583422, "y": 54.244648}, "60": {"neighbours": [19, 39, 42, 43, 61, 64, 66, 92], "node_range": 18.0, "x": 70.626833, "y": 65.064778}, "61": {"neighbours": [19, 26, 35, 39, 42, 43, 54, 60, 73, 76, 84], "node_range": 18.0, "x": 73.949225, "y": 79.048679}, "62": {"neighbours": [2, 15, 24, 27, 29, 37, 39, 42, 43, 46, 49, 53, 71, 76, 84, 97], "node_range": 18.0, "x": 53.004829, "y": 81.962371}, "63": {"neighbours": [2, 8, 13, 15, 27, 37, 38, 72, 77, 80, 81, 89], "node_range": 18.0, "x": 28.183123, "y": 68.231232}, "64": {"neighbours": [3, 19, 31, 60, 66, 75], "node_range": 18.0, "x": 83.145638, "y": 62.012023}, "65": {"neighbours": [1, 22, 93], "node_range": 18.0, "x": 22.687588, "y": 41.407467}, "66": {"neighbours": [3, 6, 19, 25, 31, 60, 64, 75, 91], "node_range": 18.0, "x": 86.158012, "y": 58.108792}, "67": {"neighbours": [16, 17, 44, 47, 56, 69, 96], "node_range": 18.0, "x": 16.90437, "y": 1.839025}, "68": {"neighbours": [12, 20, 28, 48, 88, 94], "node_range": 18.0, "x": 76.929251, "y": 6.136735}, "69": {"neighbours": [16, 17, 30, 32, 47, 67, 96], "node_range": 18.0, "x": 34.323126, "y": 2.510028}, "70": {"neighbours": [36, 44, 56, 79, 95], "node_range": 18.0, "x": 2.412845, "y": 13.065082}, "71": {"neighbours": [2, 15, 24, 27, 29, 37, 46, 49, 53, 62, 76, 77], "node_range": 18.0, "x": 45.020447, "y": 78.98751}, "72": {"neighbours": [2, 8, 37, 63, 77, 81, 89, 98], "node_range": 18.0, "x": 21.439955, "y": 74.10903},