{"1": {"neighbours": [38, 89], "node_range": 18.0, "x": 8.810636, "y": 42.852038}, "2": {"neighbours": [5, 8, 56, 100], "node_range": 18.0, "x": 5.986463, "y": 1.295025}, "3": {"neighbours": [4, 9, 11, 16, 28, 51, 62, 63, 75, 86, 95], "node_range": 18.0, "x": 66.281581, "y": 30.092}, "4": {"neighbours": [3, 9, 11, 16, 22, 28, 48, 51, 52, 63, 75, 86, 95], "node_range": 18.0, "x": 57.12977, "y": 35.33085}, "5": {"neighbours": [2, 8, 18, 56, 79, 80, 87, 100], "node_range": 18.0, "x": 19.400033, "y": 4.298532}, "6": {"neighbours": [22, 32, 33, 39, 41, 44, 46, 71, 72, 87, 99], "node_range": 18.0, "x": 35.488713, "y": 29.367604}, "7": {"neighbours": [13, 23, 42, 47, 52, 53, 59, 70, 91, 98], "node_range": 18.0, "x": 43.340829, "y": 64.884641}, "8": {"neighbours": [2, 5, 56, 100], "node_range": 18.0, "x": 2.862098, "y": 8.197022}, "9": {"neighbours": [3, 4, 11, 16, 28, 31, 48, 62, 63, 75, 86, 95], "node_range": 18.0, "x": 61.495108, "y": 29.066592}, "10": {"neighbours": [40, 69, 73, 77, 84, 90], "node_range": 18.0, "x": 20.414508, "y": 98.268214}, "11": {"neighbours": [3, 4, 9, 16, 27, 28, 51, 64, 95], "node_range": 18.0, "x": 72.232199, "y": 41.32745}, "12": {"neighbours": [17, 19, 25, 29, 30, 49, 60, 67, 74, 83, 92, 97], "node_range": 18.0, "x": 91.761833, "y": 64.941049}, "13": {"neighbours": [7, 42, 47, 48, 52, 53, 59, 70, 88, 91, 98], "node_range": 18.0, "x": 55.019237, "y": 61.45971}, "14": {"neighbours": [16, 24, 36, 43, 50, 65, 66, 81, 96], "node_range": 18.0, "x": 88.389709, "y": 23.022445}, "15": {"neighbours": [54, 61, 76, 78], "node_range": 18.0, "x": 18.227151, "y": 72.774285}, "16": {"neighbours": [3, 4, 9, 11, 14, 24, 28, 51, 63, 65, 75, 81, 86, 95], "node_range": 18.0, "x": 73.91061, "y": 32.827454}, "17": {"neighbours": [12, 25, 29, 30, 45, 49, 55, 57, 58, 60, 74, 85], "node_range": 18.0, "x": 92.488681, "y": 79.51574}, "18": {"neighbours": [5, 39, 79, 80, 87, 100], "node_range": 18.0, "x": 21.98254, "y": 15.928663}, "19": {"neighbours": [12, 21, 24, 30, 36, 43, 67, 92, 97], "node_range": 18.0, "x": 97.9415, "y": 48.186867}, "20": {"neighbours": [23, 32, 33, 38, 78, 89], "node_range": 18.0, "x": 24.735383, "y": 51.719564}, "21": {"neighbours": [19, 24, 36, 43, 67, 92, 97], "node_range": 18.0, "x": 90.78356, "y": 42.150462}, "22": {"neighbours": [4, 6, 32, 33, 39, 41, 44, 46, 71, 72, 99], "node_range": 18.0, "x": 42.876179, "y": 29.933895}, "23": {"neighbours": [7, 20, 32, 42, 44, 52, 70, 91], "node_range": 18.0, "x": 35.819557, "y": 54.889898}, "24": {"neighbours": [14, 16, 19, 21, 36, 43, 50, 65, 66, 67, 92], "node_range": 18.0, "x": 91.148044, "y": 35.004464}, "25": {"neighbours": [12, 17, 29, 30, 45, 49, 55, 57, 58, 60, 74, 83, 94, 97], "node_range": 18.0, "x": 85.593374, "y": 71.912581}, "26": {"neighbours": [35, 37, 58, 82], "node_range": 18.0, "x": 70.384259, "y": 96.258655}, "27": {"neighbours": [11, 51, 59, 64, 67, 83, 88, 92], "node_range": 18.0, "x": 74.646259, "y": 55.426669}, "28": {"neighbours": [3, 4, 9, 11, 16, 31, 62, 63, 75, 86, 95, 96], "node_range": 18.0, "x": 66.120559, "y": 28.887062}, "29": {"neighbours": [12, 17, 25, 45, 49, 55, 57, 58, 60, 74, 85], "node_range": 18.0, "x": 91.803819, "y": 82.686977}, "30": {"neighbours": [12, 17, 19, 25, 49, 60, 67, 74, 83, 92, 97], "node_range": 18.0, "x": 90.800124, "y": 64.028368}, "31": {"neighbours": [9, 28, 34, 46, 62, 63, 72, 75, 86, 95, 96], "node_range": 18.0, "x": 58.397131, "y": 13.078607}, "32": {"neighbours": [6, 20, 22, 23, 33, 41, 44, 52, 71, 99], "node_range": 18.0, "x": 35.314995, "y": 41.037076}, "33": {"neighbours": [6, 20, 22, 32, 39, 41, 44, 71, 99], "node_range": 18.0, "x": 28.856719, "y": 35.959995}, "34": {"neighbours": [31, 46, 62, 63, 75], "node_range": 18.0, "x": 57.164415, "y": 7.281481}, "35": {"neighbours": [26, 37, 68, 82, 88, 94], "node_range": 18.0, "x": 62.963973, "y": 86.834347}, "36": {"neighbours": [14, 19, 21, 24, 43, 67, 92], "node_range": 18.0, "x": 93.371001, "y": 39.818559}, "37": {"neighbours": [26, 35, 53, 68, 82, 94], "node_range": 18.0, "x": 56.101752, "y": 86.552305}, "38": {"neighbours": [1, 20, 54, 78, 89], "node_range": 18.0, "x": 10.354282, "y": 49.54812}, "39": {"neighbours": [6, 18, 22, 33, 41, 46, 71, 72, 79, 87, 99], "node_range": 18.0, "x": 31.821984, "y": 21.678509}, "40": {"neighbours": [10, 69, 73, 76, 77, 84, 90, 93], "node_range": 18.0, "x": 26.176401, "y": 91.417958}, "41": {"neighbours": [6, 22, 32, 33, 39, 44, 46, 71, 72, 87, 99], "node_range": 18.0, "x": 36.60534, "y": 29.363376}, "42": {"neighbours": [7, 13, 23, 47, 53, 76, 91], "node_range": 18.0, "x": 38.303849, "y": 66.836671}, "43": {"neighbours": [14, 19, 21, 24, 36, 50, 66], "node_range": 18.0, "x": 98.532238, "y": 31.018393}, "44": {"neighbours": [6, 22, 23, 32, 33, 41, 48, 52, 70, 71, 99], "node_range": 18.0, "x": 39.841542, "y": 41.669777}, "45": {"neighbours": [17, 25, 29, 49, 55, 57, 58, 60, 74, 85, 94], "node_range": 18.0, "x": 87.40302, "y": 84.726027}, "46": {"neighbours": [6, 22, 31, 34, 39, 41, 63, 71, 72, 75, 99], "node_range": 18.0, "x": 45.838267, "y": 19.632728}, "47": {"neighbours": [7, 13, 42, 48, 52, 53, 59, 70, 88, 91, 98], "node_range": 18.0, "x": 54.106204, "y": 63.147388}, "48": {"neighbours": [4, 9, 13, 44, 47, 51, 52, 59, 70, 98], "node_range": 18.0, "x": 54.599657, "y": 45.534597}, "49": {"neighbours": [12, 17, 25, 29, 30, 45, 55, 57, 58, 60, 74, 97], "node_range": 18.0, "x": 93.215379, "y": 75.339967}, "50": {"neighbours": [14, 24, 43, 65, 66, 81, 96], "node_range": 18.0, "x": 90.158924, "y": 21.34819}, "51": {"neighbours": [3, 4, 11, 16, 27, 48, 52, 59, 64, 70, 98], "node_range": 18.0, "x": 66.24971, "y": 47.163379}, "52": {"neighbours": [4, 7, 13, 23, 32, 44, 47, 48, 51, 59, 70, 91, 98], "node_range": 18.0, "x": 49.45509, "y": 48.588313}, "53": {"neighbours": [7, 13, 37, 42, 47, 59, 68, 91, 98], "node_range": 18.0, "x": 48.017009, "y": 71.499406}, "54": {"neighbours": [15, 38, 61, 78], "node_range": 18.0, "x": 3.050812, "y": 65.081329}, "55": {"neighbours": [17, 25, 29, 45, 49, 57, 58, 60, 74, 85], "node_range": 18.0, "x": 89.151619, "y": 85.701813}, "56": {"neighbours": [2, 5, 8, 100], "node_range": 18.0, "x": 2.133725, "y": 8.033725}, "57": {"neighbours": [17, 25, 29, 45, 49, 55, 58, 60, 74, 82, 85, 94], "node_range": 18.0, "x": 82.481916, "y": 80.911128}, "58": {"neighbours": [17, 25, 26, 29, 45, 49, 55, 57, 60, 74, 82, 85, 94], "node_range": 18.0, "x": 82.372337, "y": 85.081532}, "59": {"neighbours": [7, 13, 27, 47, 48, 51, 52, 53, 64, 70, 83, 88, 91, 98], "node_range": 18.0, "x": 60.003725, "y": 58.397282}, "60": {"neighbours": [12, 17, 25, 29, 30, 45, 49, 55, 57, 58, 74, 83, 94, 97], "node_range": 18.0, "x": 85.80326, "y": 72.992307}, "61": {"neighbours": [15, 54, 76, 78], "node_range": 18.0, "x": 16.964213, "y": 68.705728}, "62": {"neighbours": [3, 9, 28, 31, 34, 63, 65, 75, 81, 86, 95, 96], "node_range": 18.0, "x": 66.741729, "y": 15.411003}, "63": {"neighbours": [3, 4, 9, 16, 28, 31, 34, 46, 62, 72, 75, 86, 95, 96], "node_range": 18.0, "x": 60.179528, "y": 21.762856}, "64": {"neighbours": [11, 27, 51, 59, 67, 83, 92], "node_range": 18.0, "x": 75.665578, "y": 53.535666}, "65": {"neighbours": [14, 16, 24, 50, 62, 66, 81, 86, 95, 96], "node_range": 18.0, "x": 83.564717, "y": 18.785689}, "66": {"neighbours": [14, 24, 43, 50, 65, 81, 96], "node_range": 18.0, "x": 92.413511, "y": 18.217991}, "67": {"neighbours": [12, 19, 21, 24, 27, 30, 36, 64, 92, 97], "node_range": 18.0, "x": 91.024799, "y": 50.82765}, "68": {"neighbours": [35, 37, 53, 82, 93], "node_range": 18.0, "x": 52.007882, "y": 85.070787}, "69": {"neighbours": [10, 40, 73, 77, 84, 93], "node_range": 18.0, "x": 36.871403, "y": 98.00788}, "70": {"neighbours": [7, 13, 23, 44, 47, 48, 51, 52, 59, 91, 98], "node_range": 18.0, "x": 53.115797, "y": 53.429012}, "71": {"neighbours": [6, 22, 32, 33, 39, 41, 44, 46, 72, 87, 99], "node_range": 18.0, "x": 39.335099, "y": 28.064359}, "72": {"neighbours": [6, 22, 31, 39, 41, 46, 63, 71, 87, 99], "node_range": 18.0, "x": 43.267622,