{"1": {"neighbours": [18, 27, 40, 41, 47, 64, 70, 73, 75, 82, 97], "node_range": 18.0, "x": 53.01734, "y": 76.94773}, "2": {"neighbours": [21, 32, 40, 47, 77, 94, 97, 98], "node_range": 18.0, "x": 62.153172, "y": 52.072106}, "3": {"neighbours": [4, 17, 29, 34, 38, 39, 52, 54, 76, 90, 93], "node_range": 18.0, "x": 81.03068, "y": 0.562691}, "4": {"neighbours": [3, 8, 17, 38, 52, 54, 61, 76, 90, 93], "node_range": 18.0, "x": 72.205874, "y": 2.288654}, "5": {"neighbours": [25, 27, 37, 41, 42, 71, 75, 82, 83, 86], "node_range": 18.0, "x": 38.488006, "y": 88.243998}, "6": {"neighbours": [44, 50, 65, 74], "node_range": 18.0, "x": 5.524651, "y": 63.776625}, "7": {"neighbours": [26, 33, 45, 58, 69, 80, 94], "node_range": 18.0, "x": 48.97777, "y": 30.237082}, "8": {"neighbours": [4, 17, 28, 38, 54, 61, 69, 76, 81, 93], "node_range": 18.0, "x": 65.1835, "y": 10.251746}, "9": {"neighbours": [10, 12, 23, 37, 83], "node_range": 18.0, "x": 10.219918, "y": 94.208951}, "10": {"neighbours": [9, 12, 23, 37, 83], "node_range": 18.0, "x": 9.990237, "y": 92.51331}, "11": {"neighbours": [16, 22, 55, 84, 88, 99], "node_range": 18.0, "x": 16.324761, "y": 18.877467}, "12": {"neighbours": [9, 10, 23], "node_range": 18.0, "x": 7.388904, "y": 97.785658}, "13": {"neighbours": [14, 19, 36, 41, 63, 64, 71, 85, 95], "node_range": 18.0, "x": 31.702652, "y": 61.34878}, "14": {"neighbours": [13, 19, 26, 36, 45, 85, 95], "node_range": 18.0, "x": 31.028003, "y": 50.937946}, "15": {"neighbours": [44, 50, 53, 62, 65, 88], "node_range": 18.0, "x": 14.988506, "y": 37.965087}, "16": {"neighbours": [11, 22, 55, 84, 88, 99], "node_range": 18.0, "x": 11.63402, "y": 16.066}, "17": {"neighbours": [3, 4, 8, 28, 38, 52, 54, 57, 61, 69, 76, 90, 93], "node_range": 18.0, "x": 71.804233, "y": 5.077432}, "18": {"neighbours": [1, 27, 31, 40, 41, 64, 70, 73, 82, 97], "node_range": 18.0, "x": 57.370483, "y": 77.886211}, "19": {"neighbours": [13, 14, 26, 36, 40, 41, 47, 64, 77, 85, 95], "node_range": 18.0, "x": 40.239561, "y": 58.932675}, "20": {"neighbours": [24, 51, 72, 91, 92], "node_range": 18.0, "x": 96.43077, "y": 36.103307}, "21": {"neighbours": [2, 24, 30, 32, 43, 46, 48, 49, 91, 96, 97, 98], "node_range": 18.0, "x": 77.946381, "y": 55.419926}, "22": {"neighbours": [11, 16, 55, 84, 99], "node_range": 18.0, "x": 13.227074, "y": 4.743614}, "23": {"neighbours": [9, 10, 12, 37, 42, 63, 83], "node_range": 18.0, "x": 14.106355, "y": 86.673618}, "24": {"neighbours": [20, 21, 30, 32, 43, 48, 51, 91, 98], "node_range": 18.0, "x": 83.26248, "y": 46.466513}, "25": {"neighbours": [5, 37, 41, 42, 63, 64, 71, 75, 82, 83, 85, 95], "node_range": 18.0, "x": 32.158291, "y": 81.323036}, "26": {"neighbours": [7, 14, 19, 36, 45, 53, 58, 94], "node_range": 18.0, "x": 44.711674, "y": 41.7391}, "27": {"neighbours": [1, 5, 18, 75, 82, 86], "node_range": 18.0, "x": 48.264706, "y": 92.686433}, "28": {"neighbours": [8, 17, 38, 61, 67, 69, 80, 81], "node_range": 18.0, "x": 55.953895, "y": 10.316147}, "29": {"neighbours": [3, 34, 39, 52, 54, 57, 72, 76, 90, 92], "node_range": 18.0, "x": 91.195304, "y": 12.659258}, "30": {"neighbours": [21, 24, 43, 46, 48, 49, 51, 91, 96, 98], "node_range": 18.0, "x": 85.475788, "y": 54.794525}, "31": {"neighbours": [18, 49, 59, 70, 73, 97, 100], "node_range": 18.0, "x": 72.994424, "y": 84.073403}, "32": {"neighbours": [2, 21, 24, 33, 60, 87, 94, 98], "node_range": 18.0, "x": 66.701923, "y": 41.541431}, "33": {"neighbours": [7, 32, 58, 60, 61, 69, 80, 87, 94], "node_range": 18.0, "x": 60.311871, "y": 28.712263}, "34": {"neighbours": [3, 29, 39, 52, 76, 90], "node_range": 18.0, "x": 96.515578, "y": 2.854956}, "35": {"neighbours": [43, 46, 49, 56, 59, 66, 78, 79, 96, 100], "node_range": 18.0, "x": 90.802794, "y": 72.364622}, "36": {"neighbours": [13, 14, 19, 26, 40, 45, 47, 64, 77, 85, 94, 95], "node_range": 18.0, "x": 42.231531, "y": 56.476749}, "37": {"neighbours": [5, 9, 10, 23, 25, 42, 63, 71, 83], "node_range": 18.0, "x": 22.387403, "y": 87.33087}, "38": {"neighbours": [3, 4, 8, 17, 28, 52, 54, 57, 61, 69, 76, 90, 93], "node_range": 18.0, "x": 72.041377, "y": 6.459501}, "39": {"neighbours": [3, 29, 34, 52, 54, 76, 90, 93], "node_range": 18.0, "x": 91.064881, "y": 2.301993}, "40": {"neighbours": [1, 2, 18, 19, 36, 47, 49, 64, 70, 73, 77, 94, 97, 98], "node_range": 18.0, "x": 57.125448, "y": 62.527966}, "41": {"neighbours": [1, 5, 13, 18, 19, 25, 42, 47, 64, 71, 75, 82, 85, 95], "node_range": 18.0, "x": 42.781441, "y": 74.771454}, "42": {"neighbours": [5, 23, 25, 37, 41, 63, 64, 71, 75, 83, 85, 95], "node_range": 18.0, "x": 30.106622, "y": 82.247378}, "43": {"neighbours": [21, 24, 30, 35, 46, 48, 49, 70, 91, 96, 97, 98], "node_range": 18.0, "x": 79.337511, "y": 58.982778}, "44": {"neighbours": [6, 15, 50, 62, 65, 88], "node_range": 18.0, "x": 11.351214, "y": 47.376266}, "45": {"neighbours": [7, 14, 26, 36, 53, 58, 94], "node_range": 18.0, "x": 40.382342, "y": 40.282649}, "46": {"neighbours": [21, 30, 35, 43, 48, 49, 56, 59, 78, 79, 96, 100], "node_range": 18.0, "x": 89.44922, "y": 65.329218}, "47": {"neighbours": [1, 2, 19, 36, 40, 41, 64, 73, 77, 85, 94, 97], "node_range": 18.0, "x": 52.061198, "y": 59.642437}, "48": {"neighbours": [21, 24, 30, 43, 46, 49, 51, 91, 96, 98], "node_range": 18.0, "x": 82.691015, "y": 55.78903}, "49": {"neighbours": [21, 30, 31, 35, 40, 43, 46, 48, 70, 73, 96, 97, 98, 100], "node_range": 18.0, "x": 73.753247, "y": 67.711048}, "50": {"neighbours": [6, 15, 44, 62, 65, 88], "node_range": 18.0, "x": 3.560244, "y": 47.807894}, "51": {"neighbours": [20, 24, 30, 48, 91], "node_range": 18.0, "x": 95.825236, "y": 46.317694}, "52": {"neighbours": [3, 4, 17, 29, 34, 38, 39, 54, 57, 72, 76, 90, 92, 93], "node_range": 18.0, "x": 83.209866, "y": 14.073822}, "53": {"neighbours": [15, 26, 45, 88], "node_range": 18.0, "x": 31.061903, "y": 32.588243}, "54": {"neighbours": [3, 4, 8, 17, 29, 38, 39, 52, 76, 90, 93], "node_range": 18.0, "x": 78.150268, "y": 2.033258}, "55": {"neighbours": [11, 16, 22, 84, 99], "node_range": 18.0, "x": 15.30361, "y": 13.474812}, "56": {"neighbours": [35, 46, 59, 66, 78, 79, 96, 100], "node_range": 18.0, "x": 92.429291, "y": 72.36725}, "57": {"neighbours": [17, 29, 38, 52, 60, 72, 76, 87, 90, 92], "node_range": 18.0, "x": 82.281047, "y": 19.698458}, "58": {"neighbours": [7, 26, 33, 45, 69, 80, 94], "node_range": 18.0, "x": 51.408528, "y": 29.226012}, "59": {"neighbours": [31, 35, 46, 56, 66, 68, 78, 79, 89, 100], "node_range": 18.0, "x": 87.94521, "y": 83.034631}, "60": {"neighbours": [32, 33, 57, 61, 87], "node_range": 18.0, "x": 70.838228, "y": 32.135688}, "61": {"neighbours": [4, 8, 17, 28, 33, 38, 60, 69, 80, 81, 87], "node_range": 18.0, "x": 63.771181, "y": 16.051901}, "62": {"neighbours": [15, 44, 50, 65, 88], "node_range": 18.0, "x": 8.674177, "y": 39.362109}, "63": {"neighbours": [13, 23, 25, 37, 42, 71, 74, 85, 95], "node_range": 18.0, "x": 21.339627, "y": 74.527717}, "64": {"neighbours": [1, 13, 18, 19, 25, 36, 40, 41, 42, 47, 71, 73, 77, 82, 85, 95], "node_range": 18.0, "x": 43.226887, "y": 70.01638}, "65": {"neighbours": [6, 15, 44, 50, 62, 88], "node_range": 18.0, "x": 8.445921, "y": 49.684276}, "66": {"neighbours": [35, 56, 59, 68, 78, 79, 89, 100], "node_range": 18.0, "x": 95.566301, "y": 82.276868}, "67": {"neighbours": [28, 81], "node_range": 18.0, "x": 40.005097, "y": 5.686764}, "68": {"neighbours": [59, 66, 79, 89], "node_range": 18.0, "x": 91.030036, "y": 93.553578}, "69": {"neighbours": [7, 8, 17, 28, 33, 38, 58, 61, 80, 81], "node_range": 18.0, "x": 57.680059, "y": 16.056167}, "70": {"neighbours": [1, 18, 31, 40, 43, 49, 73, 97, 98], "node_range": 18.0, "x": 66.364642, "y": 70.990545}, "71": {"neighbours": [5, 13, 25, 37, 41, 42, 63, 64, 85, 95], "node_range": 18.0, "x": 28.694116, "y": 74.625756}, "72": {"neighbours": [20, 29, 52, 57, 92], "node_range": 18.0, "x": 94.75179, "y": 26.618706}, "73": {"neighbours": [1, 18, 31, 40, 47, 49, 64, 70, 77, 97], "node_range": 18.0, "x": 60.658798, "y": 71.1285}, "74": {"neighbours": [6, 63],