{"1": {"neighbours": [3, 8, 19, 38, 43, 56, 61, 64, 68, 71, 80], "node_range": 20.0, "x": 83.043425, "y": 71.256985}, "2": {"neighbours": [11, 17, 29, 39, 40, 46, 72, 79, 82, 88, 98], "node_range": 20.0, "x": 31.863373, "y": 1.414624}, "3": {"neighbours": [1, 16, 31, 43, 45, 57, 61, 64, 65, 70, 71, 78, 80, 81, 94], "node_range": 20.0, "x": 72.397563, "y": 55.674304}, "4": {"neighbours": [12, 23, 26, 34, 36, 66, 83, 85, 87], "node_range": 20.0, "x": 12.300779, "y": 76.652748}, "5": {"neighbours": [26, 34, 66, 83, 85, 89], "node_range": 20.0, "x": 8.266502, "y": 96.64077}, "6": {"neighbours": [23, 26, 34, 60, 83], "node_range": 20.0, "x": 28.950756, "y": 91.605984}, "7": {"neighbours": [10, 16, 20, 24, 31, 32, 41, 45, 49, 57, 65, 69, 70, 78, 81, 92, 94], "node_range": 20.0, "x": 56.842374, "y": 38.338334}, "8": {"neighbours": [1, 19, 43, 50, 54, 56, 61, 68, 71, 80, 90], "node_range": 20.0, "x": 69.765717, "y": 80.567901}, "9": {"neighbours": [14, 30, 47, 53, 63, 76, 96], "node_range": 20.0, "x": 4.288692, "y": 24.892435}, "10": {"neighbours": [7, 15, 20, 24, 25, 27, 39, 40, 41, 49, 58, 62], "node_range": 20.0, "x": 56.431594, "y": 23.055658}, "11": {"neighbours": [2, 17, 29, 39, 48, 53, 67, 72, 79, 82, 88, 98], "node_range": 20.0, "x": 24.710547, "y": 6.814074}, "12": {"neighbours": [4, 23, 26, 34, 36, 66, 83, 85, 87], "node_range": 20.0, "x": 13.17591, "y": 77.073612}, "13": {"neighbours": [25, 27, 37, 52, 55, 58, 77, 84, 93], "node_range": 20.0, "x": 75.103825, "y": 10.14186}, "14": {"neighbours": [9, 29, 30, 33, 35, 44, 53, 63, 75, 96, 99], "node_range": 20.0, "x": 17.558777, "y": 33.820985}, "15": {"neighbours": [10, 20, 24, 27, 39, 40, 41, 46, 49, 58, 62, 67], "node_range": 20.0, "x": 53.263413, "y": 16.75262}, "16": {"neighbours": [3, 7, 18, 24, 31, 32, 45, 49, 57, 65, 69, 70, 78, 81, 92, 94], "node_range": 20.0, "x": 56.084305, "y": 47.371595}, "17": {"neighbours": [2, 11, 29, 39, 46, 53, 67, 72, 79, 82, 88, 98], "node_range": 20.0, "x": 30.070892, "y": 6.131846}, "18": {"neighbours": [16, 32, 59, 65, 69, 70, 78, 92, 94, 95, 100], "node_range": 20.0, "x": 42.862472, "y": 54.160921}, "19": {"neighbours": [1, 8, 38, 43, 56, 68, 71], "node_range": 20.0, "x": 87.730925, "y": 74.048101}, "20": {"neighbours": [7, 10, 15, 24, 32, 41, 49, 62, 65, 67, 69, 92], "node_range": 20.0, "x": 43.451209, "y": 30.352618}, "21": {"neighbours": [28, 38, 51, 86], "node_range": 20.0, "x": 97.589731, "y": 46.122302}, "22": {"neighbours": [25, 31, 45, 51, 55, 57, 64, 81, 86, 93], "node_range": 20.0, "x": 81.357207, "y": 33.951663}, "23": {"neighbours": [4, 6, 12, 26, 34, 36, 59, 60, 66, 83, 95, 100], "node_range": 20.0, "x": 24.171037, "y": 75.881683}, "24": {"neighbours": [7, 10, 15, 16, 20, 32, 41, 49, 57, 65, 69, 70, 81, 92], "node_range": 20.0, "x": 52.042193, "y": 34.883582}, "25": {"neighbours": [10, 13, 22, 27, 31, 37, 52, 55, 57, 58, 77, 81, 84, 93], "node_range": 20.0, "x": 73.190676, "y": 25.922602}, "26": {"neighbours": [4, 5, 6, 12, 23, 34, 60, 66, 83], "node_range": 20.0, "x": 25.412296, "y": 87.488832}, "27": {"neighbours": [10, 13, 15, 25, 40, 52, 55, 58, 62, 77, 84], "node_range": 20.0, "x": 68.321494, "y": 15.315565}, "28": {"neighbours": [21, 38, 51, 64, 86], "node_range": 20.0, "x": 96.366595, "y": 53.27623}, "29": {"neighbours": [2, 11, 14, 17, 53, 67, 72, 79, 82, 88, 96, 98], "node_range": 20.0, "x": 24.932125, "y": 17.487409}, "30": {"neighbours": [9, 14, 33, 35, 44, 53, 75, 96, 97, 99], "node_range": 20.0, "x": 19.440919, "y": 37.53062}, "31": {"neighbours": [3, 7, 16, 22, 25, 45, 55, 57, 64, 65, 70, 78, 81, 86, 92, 94], "node_range": 20.0, "x": 70.972677, "y": 42.647082}, "32": {"neighbours": [7, 16, 18, 20, 24, 41, 49, 65, 67, 69, 92], "node_range": 20.0, "x": 43.782509, "y": 39.498779}, "33": {"neighbours": [14, 30, 35, 44, 75, 96, 97, 99], "node_range": 20.0, "x": 14.461297, "y": 42.66068}, "34": {"neighbours": [4, 5, 6, 12, 23, 26, 66, 83, 85, 89], "node_range": 20.0, "x": 15.568119, "y": 90.041879}, "35": {"neighbours": [14, 30, 33, 44, 75, 96, 97, 99], "node_range": 20.0, "x": 18.529932, "y": 42.510824}, "36": {"neighbours": [4, 12, 23, 44, 66, 75, 87, 97, 99], "node_range": 20.0, "x": 11.310521, "y": 62.464045}, "37": {"neighbours": [13, 25, 42, 52, 55, 73, 74, 77, 84, 93], "node_range": 20.0, "x": 88.623414, "y": 13.808716}, "38": {"neighbours": [1, 19, 21, 28, 51, 64, 86], "node_range": 20.0, "x": 95.32903, "y": 55.790165}, "39": {"neighbours": [2, 10, 11, 15, 17, 40, 46, 62, 67, 79, 98], "node_range": 20.0, "x": 43.203615, "y": 8.256965}, "40": {"neighbours": [2, 10, 15, 27, 39, 46, 58, 62, 98], "node_range": 20.0, "x": 51.222679, "y": 5.813426}, "41": {"neighbours": [7, 10, 15, 20, 24, 32, 49, 62, 67, 69, 92], "node_range": 20.0, "x": 41.493937, "y": 28.958491}, "42": {"neighbours": [37, 73, 74, 86, 93], "node_range": 20.0, "x": 97.481887, "y": 20.066919}, "43": {"neighbours": [1, 3, 8, 19, 56, 61, 64, 68, 71, 80], "node_range": 20.0, "x": 80.742673, "y": 72.947643}, "44": {"neighbours": [14, 30, 33, 35, 36, 75, 95, 97, 99, 100], "node_range": 20.0, "x": 21.320335, "y": 51.784964}, "45": {"neighbours": [3, 7, 16, 22, 31, 55, 57, 61, 64, 65, 70, 71, 78, 80, 81, 92, 94], "node_range": 20.0, "x": 70.822846, "y": 47.743212}, "46": {"neighbours": [2, 15, 17, 39, 40, 58, 62, 98], "node_range": 20.0, "x": 48.824519, "y": 4.369003}, "47": {"neighbours": [9, 48, 53, 63, 72, 76, 82, 96], "node_range": 20.0, "x": 0.789716, "y": 16.375731}, "48": {"neighbours": [11, 47, 72, 79, 82, 88], "node_range": 20.0, "x": 10.25836, "y": 1.378921}, "49": {"neighbours": [7, 10, 15, 16, 20, 24, 32, 41, 57, 58, 62, 65, 69, 70, 81, 92], "node_range": 20.0, "x": 53.798399, "y": 32.309091}, "50": {"neighbours": [8, 56, 90], "node_range": 20.0, "x": 57.268598, "y": 87.334989}, "51": {"neighbours": [21, 22, 28, 38, 86], "node_range": 20.0, "x": 94.704948, "y": 41.792702}, "52": {"neighbours": [13, 25, 27, 37, 55, 58, 77, 84, 93], "node_range": 20.0, "x": 74.500129, "y": 11.921961}, "53": {"neighbours": [9, 11, 14, 17, 29, 30, 47, 63, 67, 72, 76, 79, 82, 88, 96], "node_range": 20.0, "x": 17.403411, "y": 20.241466}, "54": {"neighbours": [8, 56, 68, 91], "node_range": 20.0, "x": 81.646477, "y": 93.58918}, "55": {"neighbours": [13, 22, 25, 27, 31, 37, 45, 52, 57, 58, 81, 84, 86, 93], "node_range": 20.0, "x": 75.692019, "y": 28.586897}, "56": {"neighbours": [1, 8, 19, 43, 50, 54, 61, 68, 71, 80, 90, 91], "node_range": 20.0, "x": 73.631449, "y": 84.370209}, "57": {"neighbours": [3, 7, 16, 22, 24, 25, 31, 45, 49, 55, 64, 65, 70, 78, 81, 92, 94], "node_range": 20.0, "x": 66.913847, "y": 42.637313}, "58": {"neighbours": [10, 13, 15, 25, 27, 40, 46, 49, 52, 55, 62, 77, 84], "node_range": 20.0, "x": 62.865511, "y": 17.163642}, "59": {"neighbours": [18, 23, 60, 95, 100], "node_range": 20.0, "x": 42.986859, "y": 69.843149}, "60": {"neighbours": [6, 23, 26, 59, 83, 90, 100], "node_range": 20.0, "x": 36.7382, "y": 83.027081}, "61": {"neighbours": [1, 3, 8, 43, 45, 56, 64, 68, 70, 71, 78, 80, 94], "node_range": 20.0, "x": 66.33479, "y": 66.400846}, "62": {"neighbours": [10, 15, 20, 27, 39, 40, 41, 46, 49, 58, 67, 98], "node_range": 20.0, "x": 51.639343, "y": 13.879924}, "63": {"neighbours": [9, 14, 47, 53, 76, 96], "node_range": 20.0, "x": 3.895333, "y": 23.489301}, "64": {"neighbours": [1, 3, 22, 28, 31, 38, 43, 45, 57, 61, 70, 71, 78, 80, 81, 86, 94], "node_range": 20.0, "x": 78.56395, "y": 53.753823}, "65": {"neighbours": [3, 7, 16, 18, 20, 24, 31, 32, 45, 49, 57, 69, 70, 78, 81, 92, 94], "node_range": 20.0, "x": 54.915348, "y": 46.556428}, "66": {"neighbours": [4, 5, 12, 23, 26, 34, 36, 83, 85, 87, 89], "node_range": 20.0, "x": 8.742017, "y": 78.469749}, "67": {"neighbours": [11, 15, 17, 20, 29, 32, 39, 41, 53, 62, 79, 98], "node_range": 20.0, "x": 35.374489, "y": 21.590983}, "68": {"neighbours": [1, 8, 19, 43, 54, 56, 61, 71, 80], "node_range": 20.0, "x": 73.966886, "y": 76.01589}, "69": {"neighbours": [7, 16, 18, 20, 24, 32, 41, 49, 65, 70, 92, 94, 95, 100],