{"1": {"neighbours": [38, 53, 66, 78, 89, 97, 100], "node_range": 20.0, "x": 74.330449, "y": 78.267094}, "2": {"neighbours": [29, 36, 37, 44, 48, 58, 61, 64, 71, 72, 82, 83, 90, 98], "node_range": 20.0, "x": 33.24814, "y": 32.206887}, "3": {"neighbours": [4, 6, 15, 18, 27, 30, 31, 32, 33, 60, 70, 94], "node_range": 20.0, "x": 29.001306, "y": 74.16055}, "4": {"neighbours": [3, 7, 8, 15, 18, 19, 25, 30, 32, 39, 45, 54, 60, 70, 81, 85, 94, 96], "node_range": 20.0, "x": 35.758208, "y": 81.83154}, "5": {"neighbours": [10, 21, 44, 57, 60, 63, 74, 82, 90], "node_range": 20.0, "x": 37.717887, "y": 53.180302}, "6": {"neighbours": [3, 18, 27, 28, 30, 31, 32, 33, 60, 70, 77, 91], "node_range": 20.0, "x": 12.882331, "y": 76.106265}, "7": {"neighbours": [4, 18, 19, 25, 30, 70, 81, 85, 94, 96], "node_range": 20.0, "x": 26.55291, "y": 99.488355}, "8": {"neighbours": [4, 15, 19, 21, 25, 26, 30, 39, 45, 53, 54, 85, 94, 96, 100], "node_range": 20.0, "x": 48.739772, "y": 83.993992}, "9": {"neighbours": [17, 41, 52, 66, 78, 97], "node_range": 20.0, "x": 94.147471, "y": 90.477372}, "10": {"neighbours": [5, 21, 31, 32, 44, 57, 60, 63, 74, 82, 90], "node_range": 20.0, "x": 36.744142, "y": 55.242091}, "11": {"neighbours": [13, 38, 40, 42, 59, 67, 68, 73, 86, 93, 95], "node_range": 20.0, "x": 82.113577, "y": 51.08643}, "12": {"neighbours": [13, 35, 51, 57, 67, 74, 82, 84, 87], "node_range": 20.0, "x": 57.318424, "y": 45.568626}, "13": {"neighbours": [11, 12, 16, 35, 42, 51, 59, 67, 73, 74, 82, 84, 86, 87], "node_range": 20.0, "x": 63.57021, "y": 45.742948}, "14": {"neighbours": [23, 34, 47, 55, 93], "node_range": 20.0, "x": 98.446366, "y": 29.953295}, "15": {"neighbours": [3, 4, 8, 18, 19, 21, 25, 30, 32, 39, 45, 54, 81, 85, 94, 96], "node_range": 20.0, "x": 42.267586, "y": 83.448625}, "16": {"neighbours": [13, 22, 34, 35, 43, 51, 65, 76, 80, 84, 87, 92, 99], "node_range": 20.0, "x": 69.489373, "y": 27.446158}, "17": {"neighbours": [9, 41, 52, 66, 78, 97], "node_range": 20.0, "x": 93.702189, "y": 90.083059}, "18": {"neighbours": [3, 4, 6, 7, 15, 19, 27, 30, 31, 32, 60, 70, 81, 94], "node_range": 20.0, "x": 28.591215, "y": 80.953208}, "19": {"neighbours": [4, 7, 8, 15, 18, 25, 26, 30, 39, 45, 54, 81, 85, 94, 96], "node_range": 20.0, "x": 43.717872, "y": 93.769635}, "20": {"neighbours": [24, 36, 75], "node_range": 20.0, "x": 0.155303, "y": 30.816013}, "21": {"neighbours": [5, 8, 10, 15, 39, 45, 54, 57, 67, 74, 89, 100], "node_range": 20.0, "x": 48.982882, "y": 66.337382}, "22": {"neighbours": [16, 23, 34, 43, 47, 51, 55, 65, 84, 92, 99], "node_range": 20.0, "x": 78.647405, "y": 21.921997}, "23": {"neighbours": [14, 22, 34, 47, 55, 62], "node_range": 20.0, "x": 97.764673, "y": 21.012132}, "24": {"neighbours": [20, 79], "node_range": 20.0, "x": 1.239896, "y": 11.242569}, "25": {"neighbours": [4, 7, 8, 15, 19, 45, 81, 85, 94, 96], "node_range": 20.0, "x": 39.369035, "y": 99.746163}, "26": {"neighbours": [8, 19, 45, 53, 66, 85, 96], "node_range": 20.0, "x": 60.742412, "y": 94.493696}, "27": {"neighbours": [3, 6, 18, 28, 30, 31, 32, 33, 60, 70, 77, 91], "node_range": 20.0, "x": 16.595248, "y": 69.630943}, "28": {"neighbours": [6, 27, 33, 46, 77, 91], "node_range": 20.0, "x": 0.570108, "y": 72.967582}, "29": {"neighbours": [2, 50, 56, 58, 61, 64, 69, 71, 76, 80, 83, 87, 88, 98], "node_range": 20.0, "x": 38.307397, "y": 18.131362}, "30": {"neighbours": [3, 4, 6, 7, 8, 15, 18, 19, 27, 31, 32, 45, 54, 60, 70, 81, 94, 96], "node_range": 20.0, "x": 31.118955, "y": 80.901438}, "31": {"neighbours": [3, 6, 10, 18, 27, 30, 32, 33, 60, 63, 70, 77], "node_range": 20.0, "x": 20.614266, "y": 65.435918}, "32": {"neighbours": [3, 4, 6, 10, 15, 18, 27, 30, 31, 33, 60, 70, 94], "node_range": 20.0, "x": 29.184862, "y": 72.051667}, "33": {"neighbours": [3, 6, 27, 28, 31, 32, 46, 48, 60, 63, 77], "node_range": 20.0, "x": 12.357372, "y": 63.128346}, "34": {"neighbours": [14, 16, 22, 23, 43, 47, 51, 55, 62, 65, 84], "node_range": 20.0, "x": 86.888732, "y": 22.69958}, "35": {"neighbours": [12, 13, 16, 51, 56, 65, 76, 80, 82, 84, 87, 88, 92, 99], "node_range": 20.0, "x": 59.215628, "y": 28.910322}, "36": {"neighbours": [2, 20, 37, 48, 58, 61, 63, 72, 75, 79, 83, 90, 98], "node_range": 20.0, "x": 17.234342, "y": 33.026743}, "37": {"neighbours": [2, 36, 44, 48, 61, 63, 72, 75, 83, 90, 98], "node_range": 20.0, "x": 19.25948, "y": 41.76818}, "38": {"neighbours": [1, 11, 40, 42, 59, 68, 73, 86, 89, 95, 97], "node_range": 20.0, "x": 83.934176, "y": 64.538848}, "39": {"neighbours": [4, 8, 15, 19, 21, 45, 53, 54, 67, 89, 100], "node_range": 20.0, "x": 52.619253, "y": 76.047982}, "40": {"neighbours": [11, 38, 42, 59, 68, 73, 93, 95, 97], "node_range": 20.0, "x": 92.30297, "y": 67.151372}, "41": {"neighbours": [9, 17, 52, 78, 97], "node_range": 20.0, "x": 95.9756, "y": 98.516158}, "42": {"neighbours": [11, 13, 38, 40, 59, 67, 68, 73, 86, 93, 95], "node_range": 20.0, "x": 81.135545, "y": 54.752496}, "43": {"neighbours": [16, 22, 34, 47, 49, 51, 56, 65, 80, 84, 88, 92, 99], "node_range": 20.0, "x": 72.400681, "y": 11.582845}, "44": {"neighbours": [2, 5, 10, 37, 48, 57, 63, 72, 74, 82, 83, 90], "node_range": 20.0, "x": 35.38262, "y": 48.921556}, "45": {"neighbours": [4, 8, 15, 19, 21, 25, 26, 30, 39, 53, 54, 85, 94, 96, 100], "node_range": 20.0, "x": 50.203991, "y": 84.550535}, "46": {"neighbours": [28, 33, 48, 63, 75, 77], "node_range": 20.0, "x": 2.433139, "y": 54.301017}, "47": {"neighbours": [14, 22, 23, 34, 43, 55, 62, 65], "node_range": 20.0, "x": 91.820801, "y": 11.506819}, "48": {"neighbours": [2, 33, 36, 37, 44, 46, 61, 63, 72, 75, 83, 90, 98], "node_range": 20.0, "x": 17.633663, "y": 44.53149}, "49": {"neighbours": [43, 56, 69, 80, 88, 92, 99], "node_range": 20.0, "x": 56.673796, "y": 1.361866}, "50": {"neighbours": [29, 56, 58, 61, 64, 69, 71, 88], "node_range": 20.0, "x": 36.519732, "y": 9.869208}, "51": {"neighbours": [12, 13, 16, 22, 34, 35, 43, 65, 76, 80, 84, 87, 92, 99], "node_range": 20.0, "x": 69.809104, "y": 30.582074}, "52": {"neighbours": [9, 17, 41, 66, 78, 97], "node_range": 20.0, "x": 84.320596, "y": 95.899082}, "53": {"neighbours": [1, 8, 26, 39, 45, 54, 66, 78, 89, 100], "node_range": 20.0, "x": 66.995331, "y": 84.188497}, "54": {"neighbours": [4, 8, 15, 19, 21, 30, 39, 45, 53, 89, 100], "node_range": 20.0, "x": 50.278912, "y": 75.807081}, "55": {"neighbours": [14, 22, 23, 34, 47, 62], "node_range": 20.0, "x": 94.535401, "y": 20.011267}, "56": {"neighbours": [29, 35, 43, 49, 50, 69, 76, 80, 87, 88, 92, 99], "node_range": 20.0, "x": 54.925217, "y": 11.038549}, "57": {"neighbours": [5, 10, 12, 21, 44, 60, 74, 82], "node_range": 20.0, "x": 40.576125, "y": 55.229869}, "58": {"neighbours": [2, 29, 36, 50, 61, 64, 69, 71, 72, 79, 83, 90, 98], "node_range": 20.0, "x": 33.336578, "y": 22.844694}, "59": {"neighbours": [11, 13, 38, 40, 42, 67, 68, 73, 86, 93, 95], "node_range": 20.0, "x": 79.846948, "y": 51.890683}, "60": {"neighbours": [3, 4, 5, 6, 10, 18, 27, 30, 31, 32, 33, 57, 70], "node_range": 20.0, "x": 27.55352, "y": 68.298729}, "61": {"neighbours": [2, 29, 36, 37, 48, 50, 58, 64, 71, 72, 79, 83, 90, 98], "node_range": 20.0, "x": 29.557445, "y": 28.491135}, "62": {"neighbours": [23, 34, 47, 55], "node_range": 20.0, "x": 93.72534, "y": 6.499168}, "63": {"neighbours": [5, 10, 31, 33, 36, 37, 44, 46, 48, 72, 75, 90, 98], "node_range": 20.0, "x": 19.157724, "y": 48.309782}, "64": {"neighbours": [2, 29, 50, 58, 61, 69, 71, 76, 82, 83, 87, 88, 90, 98], "node_range": 20.0, "x": 38.075828, "y": 22.7959}, "65": {"neighbours": [16, 22, 34, 35, 43, 47, 51, 76, 80, 84, 92, 99], "node_range": 20.0, "x": 74.377697, "y": 18.986861}, "66": {"neighbours": [1, 9, 17, 26, 52, 53, 78, 89, 97], "node_range": 20.0, "x": 75.740103, "y": 83.429888}, "67": {"neighbours": [11, 12, 13, 21, 39, 42, 59, 73, 74, 89, 95, 100], "node_range": 20.0, "x": 64.379182, "y": 60.198809}, "68": {"neighbours": [11, 38, 40, 42, 59, 73, 86, 93, 95], "node_range": 20.0, "x": 92.314387, "y": 49.875462},