{"1": {"neighbours": [19, 25, 29, 30, 33, 65, 79, 87], "node_range": 20.0, "x": 89.736082, "y": 1.597449}, "2": {"neighbours": [7, 17, 22, 28, 36, 46, 51, 56, 68, 76, 85, 98], "node_range": 20.0, "x": 36.391561, "y": 8.010975}, "3": {"neighbours": [9, 16, 18, 20, 22, 44, 45, 58, 61, 68, 75], "node_range": 20.0, "x": 53.109898, "y": 27.984481}, "4": {"neighbours": [34, 41, 43, 47, 54, 69, 78, 89], "node_range": 20.0, "x": 45.334708, "y": 97.398142}, "5": {"neighbours": [15, 44, 45, 48, 53, 59, 66, 72, 77, 80, 81, 84, 93], "node_range": 20.0, "x": 32.112373, "y": 53.48878}, "6": {"neighbours": [23, 38, 47, 70, 91], "node_range": 20.0, "x": 72.379256, "y": 94.66434}, "7": {"neighbours": [2, 28, 36, 46, 49, 51, 56, 68, 98], "node_range": 20.0, "x": 27.969542, "y": 15.256725}, "8": {"neighbours": [10, 12, 16, 18, 32, 58, 60, 83, 92], "node_range": 20.0, "x": 76.129783, "y": 38.339688}, "9": {"neighbours": [3, 16, 17, 20, 22, 25, 42, 64, 65, 76, 100], "node_range": 20.0, "x": 64.305288, "y": 16.120062}, "10": {"neighbours": [8, 12, 21, 30, 83, 86, 92], "node_range": 20.0, "x": 93.722482, "y": 37.97994}, "11": {"neighbours": [39, 50, 55, 73, 80, 90, 95], "node_range": 20.0, "x": 10.484093, "y": 68.342314}, "12": {"neighbours": [8, 10, 21, 57, 82, 83, 86, 92], "node_range": 20.0, "x": 95.45236, "y": 41.778703}, "13": {"neighbours": [27, 39, 40, 41, 67], "node_range": 20.0, "x": 6.718084, "y": 97.992108}, "14": {"neighbours": [24, 31, 35, 57, 71, 82, 86, 88, 99], "node_range": 20.0, "x": 93.911696, "y": 66.96841}, "15": {"neighbours": [5, 44, 45, 48, 53, 59, 62, 66, 72, 77, 80, 81, 84, 93], "node_range": 20.0, "x": 34.118413, "y": 57.001492}, "16": {"neighbours": [3, 8, 9, 18, 20, 22, 32, 58, 61, 75], "node_range": 20.0, "x": 60.097665, "y": 28.665166}, "17": {"neighbours": [2, 9, 20, 22, 42, 46, 64, 68, 76, 85, 98, 100], "node_range": 20.0, "x": 49.963103, "y": 5.515021}, "18": {"neighbours": [3, 8, 16, 32, 58, 60, 61, 83, 92], "node_range": 20.0, "x": 69.054252, "y": 35.910907}, "19": {"neighbours": [1, 25, 29, 30, 33, 65, 79, 87], "node_range": 20.0, "x": 84.347233, "y": 0.526613}, "20": {"neighbours": [3, 9, 16, 17, 22, 45, 61, 64, 68, 75, 76, 100], "node_range": 20.0, "x": 52.680729, "y": 24.389684}, "21": {"neighbours": [10, 12, 57, 82, 83, 86, 92], "node_range": 20.0, "x": 98.776678, "y": 41.579189}, "22": {"neighbours": [2, 3, 9, 16, 17, 20, 46, 61, 64, 68, 75, 76, 85, 98, 100], "node_range": 20.0, "x": 48.355486, "y": 17.815813}, "23": {"neighbours": [6, 34, 38, 47, 52, 54, 62, 70, 78, 91, 94], "node_range": 20.0, "x": 59.98211, "y": 82.514979}, "24": {"neighbours": [14, 31, 35, 37, 71, 88], "node_range": 20.0, "x": 91.665661, "y": 84.073939}, "25": {"neighbours": [1, 9, 19, 29, 30, 42, 64, 65, 79, 87, 100], "node_range": 20.0, "x": 73.8941, "y": 10.782608}, "26": {"neighbours": [36, 49, 51, 63, 97], "node_range": 20.0, "x": 9.370749, "y": 27.748971}, "27": {"neighbours": [13, 39, 40, 41, 67, 73], "node_range": 20.0, "x": 19.467656, "y": 86.249471}, "28": {"neighbours": [2, 7, 36, 46, 49, 51, 56, 68, 98], "node_range": 20.0, "x": 28.308657, "y": 17.296314}, "29": {"neighbours": [1, 19, 25, 30, 33, 65, 79, 87], "node_range": 20.0, "x": 83.651232, "y": 7.150393}, "30": {"neighbours": [1, 10, 19, 25, 29, 33, 65, 79, 83, 87], "node_range": 20.0, "x": 89.097894, "y": 19.671285}, "31": {"neighbours": [14, 24, 35, 57, 71, 82, 88, 99], "node_range": 20.0, "x": 90.195921, "y": 69.888198}, "32": {"neighbours": [8, 16, 18, 58, 60, 61, 74, 83, 92], "node_range": 20.0, "x": 65.638309, "y": 43.698417}, "33": {"neighbours": [1, 19, 29, 30, 65, 79, 87], "node_range": 20.0, "x": 93.8457, "y": 14.526345}, "34": {"neighbours": [4, 23, 43, 47, 48, 53, 54, 62, 66, 69, 78, 84, 89], "node_range": 20.0, "x": 42.488034, "y": 79.469238}, "35": {"neighbours": [14, 24, 31, 57, 71, 82, 88, 99], "node_range": 20.0, "x": 96.353901, "y": 69.958641}, "36": {"neighbours": [2, 7, 26, 28, 46, 49, 51, 56, 68, 97, 98], "node_range": 20.0, "x": 24.256708, "y": 15.372199}, "37": {"neighbours": [24, 88], "node_range": 20.0, "x": 93.522548, "y": 89.812707}, "38": {"neighbours": [6, 23, 47, 54, 70, 91, 94], "node_range": 20.0, "x": 64.784078, "y": 91.803607}, "39": {"neighbours": [11, 13, 27, 40, 41, 67, 73], "node_range": 20.0, "x": 14.5928, "y": 87.123539}, "40": {"neighbours": [13, 27, 39, 41, 67, 69, 73, 78], "node_range": 20.0, "x": 23.000439, "y": 95.394337}, "41": {"neighbours": [4, 13, 27, 39, 40, 43, 67, 69, 78, 89], "node_range": 20.0, "x": 26.219172, "y": 96.017076}, "42": {"neighbours": [9, 17, 25, 64, 76, 85, 100], "node_range": 20.0, "x": 60.273903, "y": 0.796613}, "43": {"neighbours": [4, 34, 41, 47, 54, 69, 78, 89], "node_range": 20.0, "x": 44.262499, "y": 95.489213}, "44": {"neighbours": [3, 5, 15, 45, 51, 59, 61, 72, 75, 77, 80, 81], "node_range": 20.0, "x": 36.204587, "y": 38.66401}, "45": {"neighbours": [3, 5, 15, 20, 44, 58, 61, 72, 75, 77, 93], "node_range": 20.0, "x": 42.722147, "y": 40.01722}, "46": {"neighbours": [2, 7, 17, 22, 28, 36, 51, 56, 68, 76, 85, 98], "node_range": 20.0, "x": 32.458421, "y": 7.81733}, "47": {"neighbours": [4, 6, 23, 34, 38, 43, 54, 69, 70, 78, 89, 91], "node_range": 20.0, "x": 55.222629, "y": 94.707511}, "48": {"neighbours": [5, 15, 34, 52, 53, 62, 66, 74, 77, 84, 93, 96], "node_range": 20.0, "x": 43.649751, "y": 66.775479}, "49": {"neighbours": [7, 26, 28, 36, 56, 97], "node_range": 20.0, "x": 10.065912, "y": 10.125034}, "50": {"neighbours": [11, 55, 90, 95], "node_range": 20.0, "x": 1.376374, "y": 65.442209}, "51": {"neighbours": [2, 7, 26, 28, 36, 44, 46, 56, 68, 72, 98], "node_range": 20.0, "x": 28.013174, "y": 21.334154}, "52": {"neighbours": [23, 48, 53, 58, 62, 74, 93, 94, 96], "node_range": 20.0, "x": 58.143585, "y": 64.204299}, "53": {"neighbours": [5, 15, 34, 48, 52, 62, 66, 78, 84, 93, 96], "node_range": 20.0, "x": 41.315842, "y": 70.784612}, "54": {"neighbours": [4, 23, 34, 38, 43, 47, 69, 78, 89], "node_range": 20.0, "x": 46.59535, "y": 95.379857}, "55": {"neighbours": [11, 50, 90, 95], "node_range": 20.0, "x": 0.537271, "y": 64.065641}, "56": {"neighbours": [2, 7, 28, 36, 46, 49, 51, 97, 98], "node_range": 20.0, "x": 25.506243, "y": 3.965223}, "57": {"neighbours": [12, 14, 21, 31, 35, 71, 82, 86, 92, 99], "node_range": 20.0, "x": 94.770956, "y": 58.758449}, "58": {"neighbours": [3, 8, 16, 18, 32, 45, 52, 60, 61, 74, 75, 93, 96], "node_range": 20.0, "x": 57.627763, "y": 45.144846}, "59": {"neighbours": [5, 15, 44, 72, 77, 80, 81, 90, 95], "node_range": 20.0, "x": 21.826759, "y": 51.245845}, "60": {"neighbours": [8, 18, 32, 58, 74, 83, 92], "node_range": 20.0, "x": 72.533535, "y": 44.425957}, "61": {"neighbours": [3, 16, 18, 20, 22, 32, 44, 45, 58, 68, 75], "node_range": 20.0, "x": 51.699433, "y": 34.468424}, "62": {"neighbours": [15, 23, 34, 48, 52, 53, 66, 78, 84, 93, 94, 96], "node_range": 20.0, "x": 44.903025, "y": 71.417323}, "63": {"neighbours": [26, 90], "node_range": 20.0, "x": 9.144848, "y": 34.684473}, "64": {"neighbours": [9, 17, 20, 22, 25, 42, 68, 76, 85, 100], "node_range": 20.0, "x": 57.419639, "y": 5.872856}, "65": {"neighbours": [1, 9, 19, 25, 29, 30, 33, 79, 87], "node_range": 20.0, "x": 81.072472, "y": 12.204865}, "66": {"neighbours": [5, 15, 34, 48, 53, 62, 73, 77, 80, 81, 84, 93, 96], "node_range": 20.0, "x": 36.654337, "y": 68.184099}, "67": {"neighbours": [13, 27, 39, 40, 41, 73], "node_range": 20.0, "x": 15.243946, "y": 88.601339}, "68": {"neighbours": [2, 3, 7, 17, 20, 22, 28, 36, 46, 51, 61, 64, 75, 76, 85, 98], "node_range": 20.0, "x": 42.1682, "y": 17.810468}, "69": {"neighbours": [4, 34, 40, 41, 43, 47, 54, 78, 89], "node_range": 20.0, "x": 39.084883, "y": 92.610272}, "70": {"neighbours": [6, 23, 38, 47, 91, 94], "node_range": 20.0, "x": 68.873791, "y": 83.622046}, "71": {"neighbours": [14, 24, 31, 35, 57, 82, 86, 88, 99], "node_range": 20.0, "x": 97.515612, "y": 66.916833}, "72": {"neighbours": [5, 15, 44, 45, 51, 59, 75, 77, 80, 81], "node_range": 20.0, "x": 29.216715, "y": 38.937043},