{"1": {"neighbours": [12, 38, 41, 46, 68, 72, 84, 96], "node_range": 20.0, "x": 47.091431, "y": 21.077041}, "2": {"neighbours": [9, 14, 15, 18, 22, 35, 42, 44, 47, 56, 75, 77, 82, 97], "node_range": 20.0, "x": 74.411215, "y": 75.093232}, "3": {"neighbours": [13, 28, 36, 59, 61, 63, 68, 71, 86, 90, 95], "node_range": 20.0, "x": 20.646129, "y": 39.359687}, "4": {"neighbours": [8, 12, 28, 31, 49, 50, 59, 64, 65, 68, 72, 76, 90, 98], "node_range": 20.0, "x": 42.883816, "y": 47.735368}, "5": {"neighbours": [15, 27, 35, 39, 42, 43, 44, 56, 75, 77, 82, 89, 99], "node_range": 20.0, "x": 62.133483, "y": 96.134151}, "6": {"neighbours": [57, 58, 69, 70, 78, 83], "node_range": 20.0, "x": 3.273146, "y": 87.17847}, "7": {"neighbours": [23, 33, 40, 55, 74, 79, 93], "node_range": 20.0, "x": 89.166391, "y": 4.26787}, "8": {"neighbours": [4, 11, 16, 19, 20, 21, 24, 28, 49, 50, 51, 52, 54, 64, 65, 81, 90, 98], "node_range": 20.0, "x": 40.782849, "y": 67.049097}, "9": {"neighbours": [2, 17, 18, 22, 34, 47, 48, 53, 67, 97, 100], "node_range": 20.0, "x": 85.540729, "y": 63.397103}, "10": {"neighbours": [27, 62, 73, 85, 89, 99], "node_range": 20.0, "x": 37.718676, "y": 99.000878}, "11": {"neighbours": [8, 16, 20, 21, 24, 26, 49, 51, 52, 54, 57, 70, 73, 83, 85], "node_range": 20.0, "x": 27.946687, "y": 74.662297}, "12": {"neighbours": [1, 4, 31, 46, 64, 68, 72, 76, 96], "node_range": 20.0, "x": 45.957378, "y": 38.272267}, "13": {"neighbours": [3, 16, 20, 26, 28, 36, 49, 59, 61, 71, 83, 86, 90, 95], "node_range": 20.0, "x": 18.345045, "y": 54.00902}, "14": {"neighbours": [2, 15, 32, 37, 44, 47, 75, 82], "node_range": 20.0, "x": 86.040982, "y": 90.601199}, "15": {"neighbours": [2, 5, 14, 32, 35, 39, 42, 43, 44, 47, 56, 75, 77, 82], "node_range": 20.0, "x": 79.696312, "y": 91.330336}, "16": {"neighbours": [8, 11, 13, 20, 21, 24, 26, 28, 49, 50, 51, 52, 54, 59, 64, 71, 83, 90], "node_range": 20.0, "x": 29.775172, "y": 67.899946}, "17": {"neighbours": [9, 18, 22, 29, 48, 53, 66, 76, 87, 91, 92, 97, 100], "node_range": 20.0, "x": 75.213007, "y": 52.628699}, "18": {"neighbours": [2, 9, 17, 19, 22, 35, 44, 47, 53, 56, 65, 97], "node_range": 20.0, "x": 71.672565, "y": 68.12616}, "19": {"neighbours": [8, 18, 22, 35, 49, 50, 53, 64, 65, 81, 98], "node_range": 20.0, "x": 55.951369, "y": 64.235673}, "20": {"neighbours": [8, 11, 13, 16, 21, 24, 26, 28, 49, 51, 52, 54, 57, 64, 70, 71, 73, 83, 90], "node_range": 20.0, "x": 27.223934, "y": 70.975903}, "21": {"neighbours": [8, 11, 16, 20, 24, 26, 49, 51, 52, 54, 57, 70, 73, 83, 85], "node_range": 20.0, "x": 25.229776, "y": 75.016735}, "22": {"neighbours": [2, 9, 17, 18, 19, 35, 44, 47, 53, 56, 75, 77, 97], "node_range": 20.0, "x": 73.925677, "y": 70.202353}, "23": {"neighbours": [7, 33, 40, 55, 74, 79, 93], "node_range": 20.0, "x": 86.145142, "y": 9.002479}, "24": {"neighbours": [8, 11, 16, 20, 21, 28, 49, 51, 52, 54, 57, 64, 71, 73, 83, 85, 90], "node_range": 20.0, "x": 30.379191, "y": 71.646536}, "25": {"neighbours": [45, 60, 80, 94], "node_range": 20.0, "x": 3.515617, "y": 3.460226}, "26": {"neighbours": [11, 13, 16, 20, 21, 36, 52, 59, 69, 70, 71, 78, 83, 86], "node_range": 20.0, "x": 12.115208, "y": 62.895188}, "27": {"neighbours": [5, 10, 35, 39, 42, 43, 56, 62, 77, 81, 85, 89, 99], "node_range": 20.0, "x": 48.937049, "y": 90.518683}, "28": {"neighbours": [3, 4, 8, 13, 16, 20, 24, 49, 50, 59, 61, 64, 71, 86, 90], "node_range": 20.0, "x": 29.786023, "y": 53.268645}, "29": {"neighbours": [17, 40, 48, 53, 66, 74, 87, 91, 92, 100], "node_range": 20.0, "x": 79.454272, "y": 41.205583}, "30": {"neighbours": [38, 41, 84, 88, 96], "node_range": 20.0, "x": 36.363062, "y": 3.104703}, "31": {"neighbours": [4, 12, 46, 68, 72, 76, 87], "node_range": 20.0, "x": 54.185895, "y": 40.39686}, "32": {"neighbours": [14, 15, 34, 37], "node_range": 20.0, "x": 97.515345, "y": 91.494961}, "33": {"neighbours": [7, 23, 40, 55, 74, 79, 93], "node_range": 20.0, "x": 79.042036, "y": 7.987737}, "34": {"neighbours": [9, 32, 47, 48, 67, 97, 100], "node_range": 20.0, "x": 95.912175, "y": 71.688888}, "35": {"neighbours": [2, 5, 15, 18, 19, 22, 27, 39, 42, 43, 44, 47, 56, 75, 77, 81, 82, 97, 99], "node_range": 20.0, "x": 62.055656, "y": 83.121081}, "36": {"neighbours": [3, 13, 26, 59, 61, 71, 86, 95], "node_range": 20.0, "x": 8.534082, "y": 49.760837}, "37": {"neighbours": [14, 32], "node_range": 20.0, "x": 99.539537, "y": 96.904652}, "38": {"neighbours": [1, 30, 41, 46, 68, 72, 84, 96], "node_range": 20.0, "x": 46.426628, "y": 15.5901}, "39": {"neighbours": [5, 15, 27, 35, 42, 43, 44, 56, 75, 77, 82, 89, 99], "node_range": 20.0, "x": 61.118285, "y": 97.020922}, "40": {"neighbours": [7, 23, 29, 33, 55, 66, 74, 91, 92, 93], "node_range": 20.0, "x": 82.806975, "y": 21.608552}, "41": {"neighbours": [1, 30, 38, 46, 63, 68, 72, 84, 88, 96], "node_range": 20.0, "x": 35.255248, "y": 15.863234}, "42": {"neighbours": [2, 5, 15, 27, 35, 39, 43, 44, 47, 56, 75, 77, 81, 82, 99], "node_range": 20.0, "x": 65.289716, "y": 90.432905}, "43": {"neighbours": [5, 15, 27, 35, 39, 42, 44, 56, 75, 77, 82, 99], "node_range": 20.0, "x": 64.995092, "y": 94.798645}, "44": {"neighbours": [2, 5, 14, 15, 18, 22, 35, 39, 42, 43, 47, 56, 75, 77, 82, 97], "node_range": 20.0, "x": 76.605279, "y": 84.403854}, "45": {"neighbours": [25, 60, 80, 88, 94], "node_range": 20.0, "x": 10.547089, "y": 7.603436}, "46": {"neighbours": [1, 12, 31, 38, 41, 68, 72, 84, 96], "node_range": 20.0, "x": 44.89419, "y": 26.258221}, "47": {"neighbours": [2, 9, 14, 15, 18, 22, 34, 35, 42, 44, 56, 75, 77, 82, 97], "node_range": 20.0, "x": 77.587538, "y": 77.0811}, "48": {"neighbours": [9, 17, 29, 34, 53, 66, 67, 87, 91, 92, 100], "node_range": 20.0, "x": 88.739914, "y": 54.269576}, "49": {"neighbours": [4, 8, 11, 13, 16, 19, 20, 21, 24, 28, 50, 51, 54, 59, 64, 65, 71, 90, 98], "node_range": 20.0, "x": 36.814622, "y": 59.792692}, "50": {"neighbours": [4, 8, 16, 19, 28, 49, 64, 65, 76, 81, 90, 98], "node_range": 20.0, "x": 47.371895, "y": 59.577934}, "51": {"neighbours": [8, 11, 16, 20, 21, 24, 49, 52, 54, 57, 62, 73, 83, 85], "node_range": 20.0, "x": 30.712906, "y": 76.572379}, "52": {"neighbours": [8, 11, 16, 20, 21, 24, 26, 51, 54, 57, 62, 70, 73, 83, 85], "node_range": 20.0, "x": 24.549769, "y": 76.043172}, "53": {"neighbours": [9, 17, 18, 19, 22, 29, 48, 65, 66, 76, 87, 91, 92, 97], "node_range": 20.0, "x": 70.41396, "y": 52.195378}, "54": {"neighbours": [8, 11, 16, 20, 21, 24, 49, 51, 52, 57, 73, 81, 85], "node_range": 20.0, "x": 32.565722, "y": 74.59676}, "55": {"neighbours": [7, 23, 33, 40, 74, 79, 93], "node_range": 20.0, "x": 91.40711, "y": 18.301347}, "56": {"neighbours": [2, 5, 15, 18, 22, 27, 35, 39, 42, 43, 44, 47, 75, 77, 81, 82, 97, 99], "node_range": 20.0, "x": 63.734996, "y": 85.911871}, "57": {"neighbours": [6, 11, 20, 21, 24, 51, 52, 54, 58, 62, 70, 73, 78, 83], "node_range": 20.0, "x": 17.31716, "y": 83.724565}, "58": {"neighbours": [6, 57, 62, 70, 73, 78, 83], "node_range": 20.0, "x": 10.407297, "y": 91.674501}, "59": {"neighbours": [3, 4, 13, 16, 26, 28, 36, 49, 61, 64, 71, 86, 90, 95], "node_range": 20.0, "x": 24.759146, "y": 48.619258}, "60": {"neighbours": [25, 45, 63, 80, 94], "node_range": 20.0, "x": 2.827875, "y": 18.064274}, "61": {"neighbours": [3, 13, 28, 36, 59, 63, 68, 71, 86, 90, 95], "node_range": 20.0, "x": 21.916662, "y": 39.648275}, "62": {"neighbours": [10, 27, 51, 52, 57, 58, 73, 85, 89, 99], "node_range": 20.0, "x": 29.879016, "y": 95.040545}, "63": {"neighbours": [3, 41, 60, 61, 68, 84, 86, 88, 95], "node_range": 20.0, "x": 20.381191, "y": 25.788846}, "64": {"neighbours": [4, 8, 12, 16, 19, 20, 24, 28, 49, 50, 59, 65, 71, 90, 98], "node_range": 20.0, "x": 38.812965, "y": 55.351217}, "65": {"neighbours": [4, 8, 18, 19, 49, 50, 53, 64, 76, 81, 98], "node_range": 20.0, "x": 54.624769, "y": 63.211376}, "66": {"neighbours": [17, 29, 40, 48, 53, 74, 76, 87, 91, 92], "node_range": 20.0, "x": 77.807426, "y": 40.65359}, "67": {"neighbours": [9, 34, 48, 100], "node_range": 20.0, "x": 97.876144,