{"1": {"neighbours": [6, 18, 22, 25, 29, 32, 44, 47, 57, 65, 74, 76, 81, 93], "node_range": 20.0, "x": 43.416501, "y": 26.456418}, "2": {"neighbours": [12, 17, 20, 36, 38, 39, 53, 56, 58, 63, 66, 87, 88, 91], "node_range": 20.0, "x": 12.454886, "y": 40.470927}, "3": {"neighbours": [11, 12, 16, 27, 38, 58, 65, 66, 72, 74, 88, 89], "node_range": 20.0, "x": 12.417961, "y": 12.71219}, "4": {"neighbours": [14, 23, 41, 42, 45, 52, 54, 55, 60, 80, 83, 85, 95, 97, 100], "node_range": 20.0, "x": 76.618192, "y": 68.518838}, "5": {"neighbours": [10, 21, 26, 28, 30, 43, 50, 67, 78, 84], "node_range": 20.0, "x": 29.151062, "y": 77.803251}, "6": {"neighbours": [1, 17, 18, 22, 25, 29, 32, 47, 65, 72, 74, 76, 81, 87, 94], "node_range": 20.0, "x": 36.155666, "y": 28.380347}, "7": {"neighbours": [33, 41, 62, 79, 81, 83, 85, 92, 93], "node_range": 20.0, "x": 64.804381, "y": 43.639527}, "8": {"neighbours": [19, 42, 45, 46, 54, 55, 77, 82, 84, 86, 90, 97], "node_range": 20.0, "x": 56.56761, "y": 82.750227}, "9": {"neighbours": [23, 31, 37, 46, 52, 54, 55, 77, 90, 95], "node_range": 20.0, "x": 83.017275, "y": 96.487844}, "10": {"neighbours": [5, 21, 24, 28, 30, 50, 67, 68, 78], "node_range": 20.0, "x": 17.326394, "y": 84.261871}, "11": {"neighbours": [3, 16, 25, 27, 38, 65, 66, 72, 74, 88, 89], "node_range": 20.0, "x": 20.51815, "y": 11.727014}, "12": {"neighbours": [2, 3, 20, 36, 38, 53, 56, 58, 65, 66, 87, 88, 91], "node_range": 20.0, "x": 11.076046, "y": 30.603328}, "13": {"neighbours": [15, 73, 96], "node_range": 20.0, "x": 95.461984, "y": 9.27446}, "14": {"neighbours": [4, 33, 41, 42, 45, 55, 80, 82, 83, 85, 86, 97, 100], "node_range": 20.0, "x": 67.237611, "y": 65.121489}, "15": {"neighbours": [13, 73, 96], "node_range": 20.0, "x": 97.80204, "y": 9.139901}, "16": {"neighbours": [3, 11, 38, 58, 66, 72, 88, 89], "node_range": 20.0, "x": 7.249759, "y": 9.870448}, "17": {"neighbours": [2, 6, 26, 39, 48, 53, 63, 87, 94], "node_range": 20.0, "x": 28.149032, "y": 42.669991}, "18": {"neighbours": [1, 6, 22, 29, 32, 44, 47, 57, 62, 76, 81, 93, 98, 99], "node_range": 20.0, "x": 53.193701, "y": 27.114665}, "19": {"neighbours": [8, 42, 77, 84, 90], "node_range": 20.0, "x": 51.258831, "y": 93.925896}, "20": {"neighbours": [2, 12, 34, 36, 39, 53, 56, 59, 63, 70, 87, 91], "node_range": 20.0, "x": 7.54365, "y": 47.278539}, "21": {"neighbours": [5, 10, 24, 28, 30, 34, 39, 50, 59, 67, 68, 70, 78], "node_range": 20.0, "x": 15.426548, "y": 76.682853}, "22": {"neighbours": [1, 6, 18, 25, 29, 32, 44, 47, 65, 72, 74, 76, 81], "node_range": 20.0, "x": 38.395969, "y": 23.444386}, "23": {"neighbours": [4, 9, 31, 37, 46, 52, 54, 60, 71, 80, 95, 100], "node_range": 20.0, "x": 88.843173, "y": 78.976923}, "24": {"neighbours": [10, 21, 28, 67, 68], "node_range": 20.0, "x": 6.314925, "y": 91.824142}, "25": {"neighbours": [1, 6, 11, 22, 27, 29, 32, 47, 65, 72, 74, 76, 89, 99], "node_range": 20.0, "x": 36.259084, "y": 10.702745}, "26": {"neighbours": [5, 17, 30, 34, 39, 43, 48, 63, 75, 79, 94], "node_range": 20.0, "x": 31.409249, "y": 60.014425}, "27": {"neighbours": [3, 11, 25, 29, 65, 72, 74, 76, 89], "node_range": 20.0, "x": 29.035144, "y": 3.209124}, "28": {"neighbours": [5, 10, 21, 24, 50, 67, 68, 78], "node_range": 20.0, "x": 13.469057, "y": 90.027588}, "29": {"neighbours": [1, 6, 18, 22, 25, 27, 32, 44, 47, 57, 65, 72, 74, 76, 81, 99], "node_range": 20.0, "x": 43.181826, "y": 16.612841}, "30": {"neighbours": [5, 10, 21, 26, 34, 39, 50, 59, 63, 67, 68, 70, 78], "node_range": 20.0, "x": 18.458658, "y": 68.74699}, "31": {"neighbours": [9, 23, 37, 52, 95], "node_range": 20.0, "x": 95.605846, "y": 96.322753}, "32": {"neighbours": [1, 6, 18, 22, 25, 29, 44, 47, 57, 65, 74, 76, 81, 99], "node_range": 20.0, "x": 43.45718, "y": 21.678194}, "33": {"neighbours": [7, 14, 40, 41, 61, 62, 80, 83, 85, 92], "node_range": 20.0, "x": 75.975456, "y": 48.048646}, "34": {"neighbours": [20, 21, 26, 30, 39, 53, 59, 63, 70, 78, 91], "node_range": 20.0, "x": 13.923595, "y": 61.152588}, "35": {"neighbours": [44, 49, 57, 64, 98, 99], "node_range": 20.0, "x": 62.122199, "y": 3.89464}, "36": {"neighbours": [2, 12, 20, 38, 53, 56, 58, 88, 91], "node_range": 20.0, "x": 0.210226, "y": 36.646104}, "37": {"neighbours": [9, 23, 31, 46, 52, 54, 55, 77, 90, 95], "node_range": 20.0, "x": 80.013218, "y": 89.307949}, "38": {"neighbours": [2, 3, 11, 12, 16, 36, 56, 58, 65, 66, 72, 87, 88], "node_range": 20.0, "x": 7.389088, "y": 21.818959}, "39": {"neighbours": [2, 17, 20, 21, 26, 30, 34, 53, 59, 63, 70, 78], "node_range": 20.0, "x": 19.48952, "y": 57.770814}, "40": {"neighbours": [33, 51, 61, 69, 92], "node_range": 20.0, "x": 94.428638, "y": 45.505588}, "41": {"neighbours": [4, 7, 14, 33, 45, 80, 83, 85, 92, 97, 100], "node_range": 20.0, "x": 71.304031, "y": 59.626693}, "42": {"neighbours": [4, 8, 14, 19, 45, 46, 54, 55, 75, 77, 82, 84, 86, 97], "node_range": 20.0, "x": 58.453319, "y": 76.038481}, "43": {"neighbours": [5, 26, 48, 50, 63, 75, 79, 82, 84, 86, 94], "node_range": 20.0, "x": 38.352591, "y": 64.746779}, "44": {"neighbours": [1, 18, 22, 29, 32, 35, 47, 49, 57, 76, 81, 98, 99], "node_range": 20.0, "x": 55.665424, "y": 17.741906}, "45": {"neighbours": [4, 8, 14, 41, 42, 54, 55, 75, 77, 82, 83, 84, 85, 86, 97], "node_range": 20.0, "x": 62.801776, "y": 71.433189}, "46": {"neighbours": [8, 9, 23, 37, 42, 52, 54, 55, 77, 90, 95], "node_range": 20.0, "x": 73.708048, "y": 88.528352}, "47": {"neighbours": [1, 6, 18, 22, 25, 29, 32, 44, 57, 65, 72, 74, 76, 81, 99], "node_range": 20.0, "x": 41.927778, "y": 22.642582}, "48": {"neighbours": [17, 26, 43, 63, 75, 79, 94], "node_range": 20.0, "x": 39.621725, "y": 52.385467}, "49": {"neighbours": [35, 44, 57, 64, 98, 99], "node_range": 20.0, "x": 65.605255, "y": 6.802502}, "50": {"neighbours": [5, 10, 21, 28, 30, 43, 67, 78, 84], "node_range": 20.0, "x": 29.976413, "y": 80.488088}, "51": {"neighbours": [40, 61, 69, 92], "node_range": 20.0, "x": 98.252458, "y": 44.137938}, "52": {"neighbours": [4, 9, 23, 31, 37, 46, 54, 55, 77, 80, 90, 95, 100], "node_range": 20.0, "x": 80.067032, "y": 84.170637}, "53": {"neighbours": [2, 12, 17, 20, 34, 36, 39, 63, 87, 88, 91], "node_range": 20.0, "x": 16.488535, "y": 45.403226}, "54": {"neighbours": [4, 8, 9, 23, 37, 42, 45, 46, 52, 55, 77, 90, 95, 100], "node_range": 20.0, "x": 75.603901, "y": 85.195316}, "55": {"neighbours": [4, 8, 9, 14, 37, 42, 45, 46, 52, 54, 77, 90, 95, 97], "node_range": 20.0, "x": 69.380641, "y": 83.883922}, "56": {"neighbours": [2, 12, 20, 36, 38, 58, 66, 87, 88, 91], "node_range": 20.0, "x": 1.950115, "y": 30.665589}, "57": {"neighbours": [1, 18, 29, 32, 35, 44, 47, 49, 62, 64, 76, 81, 93, 98, 99], "node_range": 20.0, "x": 61.622513, "y": 20.518661}, "58": {"neighbours": [2, 3, 12, 16, 36, 38, 56, 66, 88], "node_range": 20.0, "x": 1.859559, "y": 24.411024}, "59": {"neighbours": [20, 21, 30, 34, 39, 67, 68, 70, 78], "node_range": 20.0, "x": 6.763097, "y": 67.058703}, "60": {"neighbours": [4, 23, 61, 69, 71, 80, 100], "node_range": 20.0, "x": 95.453331, "y": 66.065558}, "61": {"neighbours": [33, 40, 51, 60, 69, 80, 83, 92], "node_range": 20.0, "x": 89.819996, "y": 48.179094}, "62": {"neighbours": [7, 18, 33, 57, 73, 81, 85, 92, 93, 98], "node_range": 20.0, "x": 70.794313, "y": 33.492288}, "63": {"neighbours": [2, 17, 20, 26, 30, 34, 39, 43, 48, 53, 94], "node_range": 20.0, "x": 25.22834, "y": 54.197552}, "64": {"neighbours": [35, 49, 57, 73, 98], "node_range": 20.0, "x": 75.730234, "y": 13.9519}, "65": {"neighbours": [1, 3, 6, 11, 12, 22, 25, 27, 29, 32, 38, 47, 66, 72, 74, 76, 87, 88, 89], "node_range": 20.0, "x": 26.788501, "y": 21.539153}, "66": {"neighbours": [2, 3, 11, 12, 16, 38, 56, 58, 65, 72, 74, 87, 88, 89], "node_range": 20.0, "x": 12.657342, "y": 20.710335}, "67": {"neighbours": [5, 10, 21, 24, 28, 30, 50, 59, 68, 70, 78], "node_range": 20.0, "x": 13.401672, "y": 82.731318}, "68": {"neighbours": [10, 21, 24, 28, 30, 59, 67, 70, 78], "node_range": 20.0, "x": 1.572164, "y": 77.781232},