{"1": {"neighbours": [16, 36, 41, 43, 50], "node_range": 11.0, "x": 18.297707, "y": 5.658024}, "2": {"neighbours": [3, 8, 11, 15, 19, 28, 32, 34, 39], "node_range": 11.0, "x": 43.555279, "y": 23.530098}, "3": {"neighbours": [2, 8, 15, 19, 32, 39], "node_range": 11.0, "x": 48.929725, "y": 32.751319}, "4": {"neighbours": [34], "node_range": 11.0, "x": 49.229476, "y": 11.910305}, "5": {"neighbours": [16, 22, 25, 26, 31, 47, 48, 50], "node_range": 11.0, "x": 21.461195, "y": 18.006739}, "6": {"neighbours": [12, 14, 45], "node_range": 11.0, "x": 8.328322, "y": 47.579962}, "7": {"neighbours": [9, 41, 46], "node_range": 11.0, "x": 29.428433, "y": 0.732479}, "8": {"neighbours": [2, 3, 11, 15, 19, 28, 32, 34, 39], "node_range": 11.0, "x": 43.222626, "y": 24.166352}, "9": {"neighbours": [7, 24, 46, 49], "node_range": 11.0, "x": 36.160014, "y": 1.443589}, "10": {"neighbours": [14, 17, 18, 23, 27, 35, 38, 45], "node_range": 11.0, "x": 23.531107, "y": 39.612779}, "11": {"neighbours": [2, 8, 25, 28, 31, 34, 39, 42, 49], "node_range": 11.0, "x": 37.104691, "y": 21.158852}, "12": {"neighbours": [6, 14, 18, 20, 21, 35, 40, 44, 45], "node_range": 11.0, "x": 12.538139, "y": 38.602738}, "13": {"neighbours": [19, 27, 30, 38, 39], "node_range": 11.0, "x": 39.932381, "y": 40.911113}, "14": {"neighbours": [6, 10, 12, 18, 20, 21, 23, 35, 44, 45], "node_range": 11.0, "x": 12.889815, "y": 41.340977}, "15": {"neighbours": [2, 3, 8, 19, 28, 32, 34], "node_range": 11.0, "x": 48.782338, "y": 27.842326}, "16": {"neighbours": [1, 5, 26, 36, 41, 47, 48, 50], "node_range": 11.0, "x": 19.286159, "y": 13.366776}, "17": {"neighbours": [10, 23, 27, 35, 38, 45], "node_range": 11.0, "x": 25.178611, "y": 38.189539}, "18": {"neighbours": [10, 12, 14, 20, 21, 35, 40, 44, 45], "node_range": 11.0, "x": 13.021738, "y": 36.797875}, "19": {"neighbours": [2, 3, 8, 13, 15, 28, 32, 39], "node_range": 11.0, "x": 41.943271, "y": 31.95844}, "20": {"neighbours": [12, 14, 18, 21, 22, 29, 35, 40, 44, 45], "node_range": 11.0, "x": 13.018644, "y": 34.745568}, "21": {"neighbours": [12, 14, 18, 20, 29, 40, 44], "node_range": 11.0, "x": 8.617961, "y": 35.813326}, "22": {"neighbours": [5, 20, 25, 26, 31, 35, 48], "node_range": 11.0, "x": 19.280618, "y": 26.794726}, "23": {"neighbours": [10, 14, 17, 27, 30, 35, 38, 45], "node_range": 11.0, "x": 23.589209, "y": 43.501156}, "24": {"neighbours": [9, 46, 49], "node_range": 11.0, "x": 37.71893, "y": 9.167395}, "25": {"neighbours": [5, 11, 22, 26, 31, 42, 47, 48], "node_range": 11.0, "x": 26.684775, "y": 24.624488}, "26": {"neighbours": [5, 16, 22, 25, 33, 47, 48], "node_range": 11.0, "x": 17.569159, "y": 23.675454}, "27": {"neighbours": [10, 13, 17, 23, 30, 38, 39], "node_range": 11.0, "x": 32.636192, "y": 40.823621}, "28": {"neighbours": [2, 8, 11, 15, 19, 32, 34, 39, 42, 49], "node_range": 11.0, "x": 41.406601, "y": 21.566218}, "29": {"neighbours": [20, 21, 40, 44], "node_range": 11.0, "x": 4.174236, "y": 30.052935}, "30": {"neighbours": [13, 23, 27, 38], "node_range": 11.0, "x": 32.381877, "y": 47.553557}, "31": {"neighbours": [5, 11, 22, 25, 42, 47, 48], "node_range": 11.0, "x": 29.657914, "y": 23.195864}, "32": {"neighbours": [2, 3, 8, 15, 19, 28, 34, 39], "node_range": 11.0, "x": 46.339665, "y": 27.521433}, "33": {"neighbours": [26, 37], "node_range": 11.0, "x": 10.457422, "y": 20.171598}, "34": {"neighbours": [2, 4, 8, 11, 15, 28, 32, 42, 49], "node_range": 11.0, "x": 42.359187, "y": 19.393356}, "35": {"neighbours": [10, 12, 14, 17, 18, 20, 22, 23, 45], "node_range": 11.0, "x": 22.218681, "y": 35.994849}, "36": {"neighbours": [1, 16, 43, 50], "node_range": 11.0, "x": 12.309682, "y": 8.964001}, "37": {"neighbours": [33, 43], "node_range": 11.0, "x": 4.464033, "y": 17.749426}, "38": {"neighbours": [10, 13, 17, 23, 27, 30], "node_range": 11.0, "x": 31.080825, "y": 43.70918}, "39": {"neighbours": [2, 3, 8, 11, 13, 19, 27, 28, 32], "node_range": 11.0, "x": 38.250148, "y": 31.946609}, "40": {"neighbours": [12, 18, 20, 21, 29, 44], "node_range": 11.0, "x": 6.434301, "y": 32.203544}, "41": {"neighbours": [1, 7, 16, 47, 50], "node_range": 11.0, "x": 26.313806, "y": 7.211962}, "42": {"neighbours": [11, 25, 28, 31, 34, 47, 48, 49], "node_range": 11.0, "x": 32.531942, "y": 21.359533}, "43": {"neighbours": [1, 36, 37, 50], "node_range": 11.0, "x": 9.324626, "y": 8.43812}, "44": {"neighbours": [12, 14, 18, 20, 21, 29, 40], "node_range": 11.0, "x": 9.535509, "y": 33.644996}, "45": {"neighbours": [6, 10, 12, 14, 17, 18, 20, 23, 35], "node_range": 11.0, "x": 16.507869, "y": 44.655144}, "46": {"neighbours": [7, 9, 24, 49], "node_range": 11.0, "x": 37.883473, "y": 1.159872}, "47": {"neighbours": [5, 16, 25, 26, 31, 41, 42, 48, 50], "node_range": 11.0, "x": 24.404206, "y": 15.614595}, "48": {"neighbours": [5, 16, 22, 25, 26, 31, 42, 47, 50], "node_range": 11.0, "x": 24.846262, "y": 20.278384}, "49": {"neighbours": [9, 11, 24, 28, 34, 42, 46], "node_range": 11.0, "x": 37.716395, "y": 11.93585}, "50": {"neighbours": [1, 5, 16, 36, 41, 43, 47, 48], "node_range": 11.0, "x": 19.229779, "y": 12.321626}}