{"1": {"neighbours": [9, 13, 16, 25, 30, 32, 35, 39, 43, 48], "node_range": 11.0, "x": 39.550124, "y": 19.74745}, "2": {"neighbours": [3, 4, 11, 33, 38, 40], "node_range": 11.0, "x": 4.983385, "y": 9.87806}, "3": {"neighbours": [2, 4, 7, 11, 33, 38, 40], "node_range": 11.0, "x": 11.440592, "y": 8.851315}, "4": {"neighbours": [2, 3, 7, 11, 33, 38, 40], "node_range": 11.0, "x": 11.321939, "y": 5.646878}, "5": {"neighbours": [6, 9, 15, 41], "node_range": 11.0, "x": 49.907962, "y": 32.881177}, "6": {"neighbours": [5, 15, 19, 28, 34, 36, 41, 50], "node_range": 11.0, "x": 44.340833, "y": 39.5628}, "7": {"neighbours": [3, 4, 11, 38], "node_range": 11.0, "x": 16.335812, "y": 3.378457}, "8": {"neighbours": [19, 20, 25, 30, 43, 47, 49, 50], "node_range": 11.0, "x": 28.618151, "y": 29.588238}, "9": {"neighbours": [1, 5, 13, 15, 30, 32, 43, 48], "node_range": 11.0, "x": 44.049308, "y": 25.349707}, "10": {"neighbours": [14, 17, 46], "node_range": 11.0, "x": 1.098005, "y": 26.159107}, "11": {"neighbours": [2, 3, 4, 7, 33, 38, 40], "node_range": 11.0, "x": 8.007547, "y": 5.603859}, "12": {"neighbours": [42], "node_range": 11.0, "x": 34.286312, "y": 2.54398}, "13": {"neighbours": [1, 9, 16, 32, 35, 48], "node_range": 11.0, "x": 47.632196, "y": 16.321322}, "14": {"neighbours": [10, 17, 46], "node_range": 11.0, "x": 0.978995, "y": 22.186686}, "15": {"neighbours": [5, 6, 9, 34, 41], "node_range": 11.0, "x": 49.281974, "y": 33.82049}, "16": {"neighbours": [1, 13, 32, 35, 39, 42, 48], "node_range": 11.0, "x": 44.121585, "y": 11.98697}, "17": {"neighbours": [10, 14, 22, 26, 46], "node_range": 11.0, "x": 4.047082, "y": 29.29456}, "18": {"neighbours": [23, 39], "node_range": 11.0, "x": 26.419138, "y": 15.493943}, "19": {"neighbours": [6, 8, 20, 21, 30, 31, 34, 37, 49, 50], "node_range": 11.0, "x": 34.90573, "y": 37.440586}, "20": {"neighbours": [8, 19, 21, 31, 37, 47, 49, 50], "node_range": 11.0, "x": 26.866285, "y": 39.096576}, "21": {"neighbours": [19, 20, 31, 34, 37, 49, 50], "node_range": 11.0, "x": 34.23767, "y": 45.589789}, "22": {"neighbours": [17, 24, 26, 29, 44, 45, 46], "node_range": 11.0, "x": 9.332635, "y": 37.80479}, "23": {"neighbours": [18, 39], "node_range": 11.0, "x": 28.023691, "y": 11.998308}, "24": {"neighbours": [22, 27, 29, 44, 45], "node_range": 11.0, "x": 7.144604, "y": 40.440216}, "25": {"neighbours": [1, 8, 30, 39, 43, 50], "node_range": 11.0, "x": 32.618789, "y": 26.332669}, "26": {"neighbours": [17, 22, 46, 47], "node_range": 11.0, "x": 13.66503, "y": 28.668139}, "27": {"neighbours": [24, 45], "node_range": 11.0, "x": 1.574596, "y": 48.273662}, "28": {"neighbours": [6, 34, 36], "node_range": 11.0, "x": 45.168368, "y": 48.856506}, "29": {"neighbours": [22, 24, 44, 47], "node_range": 11.0, "x": 13.31633, "y": 41.05129}, "30": {"neighbours": [1, 8, 9, 19, 25, 32, 43, 50], "node_range": 11.0, "x": 37.502314, "y": 28.748038}, "31": {"neighbours": [19, 20, 21, 37, 47, 49], "node_range": 11.0, "x": 27.14642, "y": 44.995394}, "32": {"neighbours": [1, 9, 13, 16, 30, 35, 39, 43, 48], "node_range": 11.0, "x": 43.874073, "y": 21.004865}, "33": {"neighbours": [2, 3, 4, 11, 38, 40], "node_range": 11.0, "x": 10.413328, "y": 14.508555}, "34": {"neighbours": [6, 15, 19, 21, 28, 36, 41, 50], "node_range": 11.0, "x": 40.628373, "y": 40.499752}, "35": {"neighbours": [1, 13, 16, 32, 42, 48], "node_range": 11.0, "x": 46.671782, "y": 13.216403}, "36": {"neighbours": [6, 28, 34, 41], "node_range": 11.0, "x": 46.675348, "y": 45.880721}, "37": {"neighbours": [19, 20, 21, 31], "node_range": 11.0, "x": 32.596553, "y": 48.093711}, "38": {"neighbours": [2, 3, 4, 7, 11, 33], "node_range": 11.0, "x": 13.443376, "y": 4.219484}, "39": {"neighbours": [1, 16, 18, 23, 25, 32, 43], "node_range": 11.0, "x": 35.20339, "y": 17.52474}, "40": {"neighbours": [2, 3, 4, 11, 33], "node_range": 11.0, "x": 11.218234, "y": 15.845909}, "41": {"neighbours": [5, 6, 15, 34, 36], "node_range": 11.0, "x": 49.311904, "y": 36.604453}, "42": {"neighbours": [12, 16, 35], "node_range": 11.0, "x": 44.07345, "y": 5.742276}, "43": {"neighbours": [1, 8, 9, 25, 30, 32, 39, 50], "node_range": 11.0, "x": 36.609982, "y": 25.282972}, "44": {"neighbours": [22, 24, 29, 45, 47], "node_range": 11.0, "x": 11.363582, "y": 39.495429}, "45": {"neighbours": [22, 24, 27, 44], "node_range": 11.0, "x": 3.834557, "y": 47.30604}, "46": {"neighbours": [10, 14, 17, 22, 26], "node_range": 11.0, "x": 4.047089, "y": 28.495495}, "47": {"neighbours": [8, 20, 26, 29, 31, 44, 49], "node_range": 11.0, "x": 20.67093, "y": 36.89762}, "48": {"neighbours": [1, 9, 13, 16, 32, 35], "node_range": 11.0, "x": 47.910003, "y": 17.796534}, "49": {"neighbours": [8, 19, 20, 21, 31, 47, 50], "node_range": 11.0, "x": 27.334396, "y": 37.639433}, "50": {"neighbours": [6, 8, 19, 20, 21, 25, 30, 34, 43, 49], "node_range": 11.0, "x": 36.479395, "y": 36.232022}}