{"1": {"neighbours": [7, 15, 33, 34, 50], "node_range": 11.0, "x": 21.977407, "y": 41.644329}, "2": {"neighbours": [12, 20, 25, 32, 36], "node_range": 11.0, "x": 46.559734, "y": 10.682718}, "3": {"neighbours": [25, 32, 48], "node_range": 11.0, "x": 49.434795, "y": 22.091126}, "4": {"neighbours": [6, 7, 9, 11, 28, 31, 40, 42], "node_range": 11.0, "x": 7.948342, "y": 38.634046}, "5": {"neighbours": [13, 18, 19, 24, 27, 30, 35, 43, 46, 47], "node_range": 11.0, "x": 21.940369, "y": 12.979745}, "6": {"neighbours": [4, 7, 9, 14, 28, 31, 42, 45], "node_range": 11.0, "x": 7.860945, "y": 44.497331}, "7": {"neighbours": [1, 4, 6, 9, 42, 50], "node_range": 11.0, "x": 14.204517, "y": 46.021743}, "8": {"neighbours": [17, 21, 33, 37, 48], "node_range": 11.0, "x": 34.487423, "y": 30.963587}, "9": {"neighbours": [4, 6, 7, 11, 14, 28, 31, 42, 45], "node_range": 11.0, "x": 7.833989, "y": 42.265501}, "10": {"neighbours": [17, 26, 39], "node_range": 11.0, "x": 43.52384, "y": 41.8526}, "11": {"neighbours": [4, 9, 31, 40, 42], "node_range": 11.0, "x": 3.872605, "y": 33.789694}, "12": {"neighbours": [2, 20, 23, 25, 32, 36, 48], "node_range": 11.0, "x": 42.86607, "y": 13.181309}, "13": {"neighbours": [5, 19, 23, 25, 29], "node_range": 11.0, "x": 31.385129, "y": 12.336075}, "14": {"neighbours": [6, 9, 28, 31, 42, 45], "node_range": 11.0, "x": 1.956495, "y": 48.43181}, "15": {"neighbours": [1, 33, 34, 37, 38, 41, 49], "node_range": 11.0, "x": 21.162948, "y": 32.461734}, "16": {"neighbours": [30, 35, 43, 44, 47], "node_range": 11.0, "x": 9.124666, "y": 13.862547}, "17": {"neighbours": [8, 10, 21, 26, 33], "node_range": 11.0, "x": 34.120209, "y": 40.89658}, "18": {"neighbours": [5, 19, 24, 35, 43, 47], "node_range": 11.0, "x": 21.804385, "y": 6.19346}, "19": {"neighbours": [5, 13, 18, 24, 27, 30, 35, 41, 43, 46, 47], "node_range": 11.0, "x": 23.693847, "y": 14.261633}, "20": {"neighbours": [2, 12, 32, 36], "node_range": 11.0, "x": 44.951076, "y": 5.377242}, "21": {"neighbours": [8, 17, 33, 37], "node_range": 11.0, "x": 34.675611, "y": 35.04343}, "22": {"neighbours": [47], "node_range": 11.0, "x": 6.920287, "y": 2.352438}, "23": {"neighbours": [12, 13, 25, 29, 32, 48], "node_range": 11.0, "x": 36.139231, "y": 17.605675}, "24": {"neighbours": [5, 18, 19, 43, 47], "node_range": 11.0, "x": 22.259144, "y": 5.685943}, "25": {"neighbours": [2, 3, 12, 13, 23, 29, 32, 48], "node_range": 11.0, "x": 40.592372, "y": 15.889594}, "26": {"neighbours": [10, 17, 39], "node_range": 11.0, "x": 36.202144, "y": 47.385227}, "27": {"neighbours": [5, 19, 30, 35, 37, 38, 41, 43, 46, 49], "node_range": 11.0, "x": 21.780295, "y": 20.614886}, "28": {"neighbours": [4, 6, 9, 14, 31, 42, 45], "node_range": 11.0, "x": 2.816784, "y": 46.633043}, "29": {"neighbours": [13, 23, 25, 37, 48], "node_range": 11.0, "x": 33.598371, "y": 19.932691}, "30": {"neighbours": [5, 16, 19, 27, 35, 41, 43, 44, 46, 49], "node_range": 11.0, "x": 17.7572, "y": 20.493851}, "31": {"neighbours": [4, 6, 9, 11, 14, 28, 40, 42], "node_range": 11.0, "x": 5.196221, "y": 37.959288}, "32": {"neighbours": [2, 3, 12, 20, 23, 25, 48], "node_range": 11.0, "x": 46.61189, "y": 15.719911}, "33": {"neighbours": [1, 8, 15, 17, 21, 34, 37, 38], "node_range": 11.0, "x": 26.47126, "y": 36.977532}, "34": {"neighbours": [1, 15, 33, 37, 38, 50], "node_range": 11.0, "x": 23.534246, "y": 37.767855}, "35": {"neighbours": [5, 16, 18, 19, 27, 30, 43, 44, 46, 47, 49], "node_range": 11.0, "x": 15.023661, "y": 14.014588}, "36": {"neighbours": [2, 12, 20], "node_range": 11.0, "x": 45.515371, "y": 3.757432}, "37": {"neighbours": [8, 15, 21, 27, 29, 33, 34, 38, 41], "node_range": 11.0, "x": 27.698647, "y": 28.837336}, "38": {"neighbours": [15, 27, 33, 34, 37, 41, 46, 49], "node_range": 11.0, "x": 22.525049, "y": 30.604062}, "39": {"neighbours": [10, 26], "node_range": 11.0, "x": 46.079722, "y": 45.227948}, "40": {"neighbours": [4, 11, 31], "node_range": 11.0, "x": 0.85319, "y": 33.389962}, "41": {"neighbours": [15, 19, 27, 30, 37, 38, 46, 49], "node_range": 11.0, "x": 21.07422, "y": 24.076459}, "42": {"neighbours": [4, 6, 7, 9, 11, 14, 28, 31, 45], "node_range": 11.0, "x": 7.231441, "y": 42.521086}, "43": {"neighbours": [5, 16, 18, 19, 24, 27, 30, 35, 44, 46, 47], "node_range": 11.0, "x": 19.23921, "y": 11.480529}, "44": {"neighbours": [16, 30, 35, 43, 46, 47], "node_range": 11.0, "x": 10.803081, "y": 12.936352}, "45": {"neighbours": [6, 9, 14, 28, 42], "node_range": 11.0, "x": 3.630115, "y": 49.462583}, "46": {"neighbours": [5, 19, 27, 30, 35, 38, 41, 43, 44, 49], "node_range": 11.0, "x": 17.095276, "y": 21.888471}, "47": {"neighbours": [5, 16, 18, 19, 22, 24, 35, 43, 44], "node_range": 11.0, "x": 15.073269, "y": 8.968373}, "48": {"neighbours": [3, 8, 12, 23, 25, 29, 32], "node_range": 11.0, "x": 39.2772, "y": 22.667324}, "49": {"neighbours": [15, 27, 30, 35, 38, 41, 46], "node_range": 11.0, "x": 16.667193, "y": 23.58369}, "50": {"neighbours": [1, 7, 34], "node_range": 11.0, "x": 22.701418, "y": 48.167999}}