{"1": {"neighbours": [16, 26, 35, 44, 45, 46], "node_range": 11.0, "x": 42.912805, "y": 43.571085}, "2": {"neighbours": [3, 7, 13, 15, 22, 27, 42, 43], "node_range": 11.0, "x": 31.932579, "y": 16.794596}, "3": {"neighbours": [2, 7, 15, 22, 27, 30, 42, 43], "node_range": 11.0, "x": 37.972833, "y": 11.206464}, "4": {"neighbours": [30], "node_range": 11.0, "x": 47.834979, "y": 3.523258}, "5": {"neighbours": [9], "node_range": 11.0, "x": 13.816493, "y": 49.715284}, "6": {"neighbours": [10, 13, 32, 49, 50], "node_range": 11.0, "x": 20.083804, "y": 28.087577}, "7": {"neighbours": [2, 3, 15, 22, 27, 42], "node_range": 11.0, "x": 33.081205, "y": 11.520257}, "8": {"neighbours": [12, 21, 24, 28, 32, 36, 39, 40, 47, 50], "node_range": 11.0, "x": 17.073759, "y": 13.717286}, "9": {"neighbours": [5, 48], "node_range": 11.0, "x": 21.277426, "y": 47.100267}, "10": {"neighbours": [6, 31, 32, 49], "node_range": 11.0, "x": 17.939972, "y": 34.095389}, "11": {"neighbours": [16, 18, 26, 35, 44, 48], "node_range": 11.0, "x": 30.417223, "y": 39.037137}, "12": {"neighbours": [8, 21, 32, 36, 38, 39, 40, 47, 50], "node_range": 11.0, "x": 8.53524, "y": 17.302126}, "13": {"neighbours": [2, 6, 17, 22, 25, 27, 42], "node_range": 11.0, "x": 30.496934, "y": 25.018115}, "14": {"neighbours": [34], "node_range": 11.0, "x": 3.579073, "y": 1.587781}, "15": {"neighbours": [2, 3, 7, 24, 27, 28], "node_range": 11.0, "x": 30.193177, "y": 6.871591}, "16": {"neighbours": [1, 11, 18, 26, 35, 44, 46, 48], "node_range": 11.0, "x": 36.651102, "y": 41.37038}, "17": {"neighbours": [13, 20, 22, 25, 26, 41, 42, 43], "node_range": 11.0, "x": 37.939541, "y": 26.790393}, "18": {"neighbours": [11, 16, 35, 44, 48], "node_range": 11.0, "x": 28.892042, "y": 38.973475}, "19": {"neighbours": [20, 22, 23, 41, 43], "node_range": 11.0, "x": 46.882852, "y": 19.11114}, "20": {"neighbours": [17, 19, 22, 25, 26, 41, 43], "node_range": 11.0, "x": 44.563587, "y": 26.886072}, "21": {"neighbours": [8, 12, 24, 28, 36, 39, 40, 47, 50], "node_range": 11.0, "x": 16.517133, "y": 12.84867}, "22": {"neighbours": [2, 3, 7, 13, 17, 19, 20, 25, 27, 41, 42, 43], "node_range": 11.0, "x": 37.324, "y": 21.648783}, "23": {"neighbours": [19, 43], "node_range": 11.0, "x": 49.442427, "y": 16.035164}, "24": {"neighbours": [8, 15, 21, 28, 36, 47], "node_range": 11.0, "x": 23.756711, "y": 5.27417}, "25": {"neighbours": [13, 17, 20, 22, 26, 41, 42], "node_range": 11.0, "x": 33.938247, "y": 28.326097}, "26": {"neighbours": [1, 11, 16, 17, 20, 25, 35, 41, 44, 46], "node_range": 11.0, "x": 39.665563, "y": 35.514484}, "27": {"neighbours": [2, 3, 7, 13, 15, 22, 42, 43], "node_range": 11.0, "x": 34.8162, "y": 15.954075}, "28": {"neighbours": [8, 15, 21, 24, 36, 47], "node_range": 11.0, "x": 23.005099, "y": 6.483817}, "29": {"neighbours": [31, 38, 39, 40], "node_range": 11.0, "x": 0.546359, "y": 24.960969}, "30": {"neighbours": [3, 4], "node_range": 11.0, "x": 42.995533, "y": 3.376476}, "31": {"neighbours": [10, 29, 32, 37, 39, 40, 49], "node_range": 11.0, "x": 8.551985, "y": 29.528652}, "32": {"neighbours": [6, 8, 10, 12, 31, 39, 40, 49, 50], "node_range": 11.0, "x": 15.789904, "y": 24.411588}, "33": {"neighbours": [37], "node_range": 11.0, "x": 5.37553, "y": 40.318391}, "34": {"neighbours": [14, 47], "node_range": 11.0, "x": 6.326966, "y": 6.094207}, "35": {"neighbours": [1, 11, 16, 18, 26, 44, 46], "node_range": 11.0, "x": 39.729172, "y": 38.759247}, "36": {"neighbours": [8, 12, 21, 24, 28, 39, 40, 47, 50], "node_range": 11.0, "x": 16.280737, "y": 12.767995}, "37": {"neighbours": [31, 33], "node_range": 11.0, "x": 2.38786, "y": 36.754465}, "38": {"neighbours": [12, 29, 39, 40], "node_range": 11.0, "x": 0.88439, "y": 20.506765}, "39": {"neighbours": [8, 12, 21, 29, 31, 32, 36, 38, 40, 50], "node_range": 11.0, "x": 9.750235, "y": 20.85296}, "40": {"neighbours": [8, 12, 21, 29, 31, 32, 36, 38, 39, 50], "node_range": 11.0, "x": 9.17212, "y": 20.789788}, "41": {"neighbours": [17, 19, 20, 22, 25, 26, 43], "node_range": 11.0, "x": 42.562344, "y": 26.541798}, "42": {"neighbours": [2, 3, 7, 13, 17, 22, 25, 27, 43], "node_range": 11.0, "x": 31.311955, "y": 19.494993}, "43": {"neighbours": [2, 3, 17, 19, 20, 22, 23, 27, 41, 42], "node_range": 11.0, "x": 42.141814, "y": 20.785749}, "44": {"neighbours": [1, 11, 16, 18, 26, 35, 45, 46, 48], "node_range": 11.0, "x": 36.531313, "y": 45.771088}, "45": {"neighbours": [1, 44, 46], "node_range": 11.0, "x": 47.297965, "y": 47.048248}, "46": {"neighbours": [1, 16, 26, 35, 44, 45], "node_range": 11.0, "x": 44.932419, "y": 44.412205}, "47": {"neighbours": [8, 12, 21, 24, 28, 34, 36], "node_range": 11.0, "x": 15.589793, "y": 9.019024}, "48": {"neighbours": [9, 11, 16, 18, 44], "node_range": 11.0, "x": 26.269338, "y": 44.470019}, "49": {"neighbours": [6, 10, 31, 32, 50], "node_range": 11.0, "x": 16.618776, "y": 30.67542}, "50": {"neighbours": [6, 8, 12, 21, 32, 36, 39, 40, 49], "node_range": 11.0, "x": 17.001717, "y": 22.336223}}