{"1": {"neighbours": [5, 29, 41, 42, 44, 50], "node_range": 11.0, "x": 47.324953, "y": 27.775254}, "2": {"neighbours": [3, 4, 7, 16, 19, 27, 35, 37, 47], "node_range": 11.0, "x": 4.157162, "y": 25.463787}, "3": {"neighbours": [2, 4, 7, 13, 16, 19, 26, 35, 37, 40, 47], "node_range": 11.0, "x": 10.184804, "y": 24.920651}, "4": {"neighbours": [2, 3, 7, 13, 16, 19, 25, 35, 37, 40, 47], "node_range": 11.0, "x": 7.586885, "y": 21.518748}, "5": {"neighbours": [1, 10, 21, 36, 42, 44, 50], "node_range": 11.0, "x": 42.991716, "y": 18.772158}, "6": {"neighbours": [15, 17, 22], "node_range": 11.0, "x": 24.082892, "y": 45.855501}, "7": {"neighbours": [2, 3, 4, 16, 26, 27, 32, 37], "node_range": 11.0, "x": 6.085877, "y": 31.298303}, "8": {"neighbours": [9, 24], "node_range": 11.0, "x": 28.77725, "y": 32.122614}, "9": {"neighbours": [8, 24], "node_range": 11.0, "x": 28.922764, "y": 32.269359}, "10": {"neighbours": [5, 12, 21, 42, 44, 50], "node_range": 11.0, "x": 39.641523, "y": 18.55345}, "11": {"neighbours": [32, 39], "node_range": 11.0, "x": 4.235159, "y": 43.855393}, "12": {"neighbours": [10, 14, 21, 23, 28], "node_range": 11.0, "x": 31.531232, "y": 11.377507}, "13": {"neighbours": [3, 4, 19, 20, 25, 30, 35, 38, 40, 47, 49], "node_range": 11.0, "x": 10.097471, "y": 14.951947}, "14": {"neighbours": [12, 23, 48], "node_range": 11.0, "x": 36.383726, "y": 3.554357}, "15": {"neighbours": [6, 17, 22, 32], "node_range": 11.0, "x": 16.186699, "y": 45.720783}, "16": {"neighbours": [2, 3, 4, 7, 26, 37, 40, 47], "node_range": 11.0, "x": 11.366813, "y": 25.989438}, "17": {"neighbours": [6, 15, 22], "node_range": 11.0, "x": 22.397859, "y": 41.287522}, "18": {"neighbours": [20, 25, 38, 49], "node_range": 11.0, "x": 0.765182, "y": 2.12416}, "19": {"neighbours": [2, 3, 4, 13, 20, 25, 30, 35, 38, 40, 47, 49], "node_range": 11.0, "x": 5.868208, "y": 14.93769}, "20": {"neighbours": [13, 18, 19, 25, 30, 38, 40, 46, 47, 49], "node_range": 11.0, "x": 4.277595, "y": 8.390761}, "21": {"neighbours": [5, 10, 12, 28, 44, 50], "node_range": 11.0, "x": 35.20666, "y": 16.401769}, "22": {"neighbours": [6, 15, 17], "node_range": 11.0, "x": 19.211526, "y": 46.743185}, "23": {"neighbours": [12, 14, 43], "node_range": 11.0, "x": 32.513336, "y": 2.733377}, "24": {"neighbours": [8, 9, 41, 45], "node_range": 11.0, "x": 35.573031, "y": 35.77292}, "25": {"neighbours": [4, 13, 18, 19, 20, 30, 35, 38, 40, 47, 49], "node_range": 11.0, "x": 2.970718, "y": 12.702679}, "26": {"neighbours": [3, 7, 16, 32, 37], "node_range": 11.0, "x": 16.520942, "y": 30.791858}, "27": {"neighbours": [2, 7, 35, 37], "node_range": 11.0, "x": 0.30528, "y": 29.950025}, "28": {"neighbours": [12, 21], "node_range": 11.0, "x": 24.713315, "y": 14.490376}, "29": {"neighbours": [1, 31, 41], "node_range": 11.0, "x": 46.682237, "y": 38.533704}, "30": {"neighbours": [13, 19, 20, 25, 33, 38, 40, 46, 47, 49], "node_range": 11.0, "x": 12.91933, "y": 10.351765}, "31": {"neighbours": [29, 34, 41], "node_range": 11.0, "x": 45.870126, "y": 45.539965}, "32": {"neighbours": [7, 11, 15, 26, 39], "node_range": 11.0, "x": 10.395146, "y": 39.314162}, "33": {"neighbours": [30, 38, 43, 46], "node_range": 11.0, "x": 17.002603, "y": 0.383273}, "34": {"neighbours": [31, 45], "node_range": 11.0, "x": 42.320291, "y": 49.243534}, "35": {"neighbours": [2, 3, 4, 13, 19, 25, 27, 40, 47], "node_range": 11.0, "x": 1.528776, "y": 19.536957}, "36": {"neighbours": [5, 44, 48], "node_range": 11.0, "x": 47.558969, "y": 10.253089}, "37": {"neighbours": [2, 3, 4, 7, 16, 26, 27, 47], "node_range": 11.0, "x": 9.492729, "y": 28.177478}, "38": {"neighbours": [13, 18, 19, 20, 25, 30, 33, 40, 46, 49], "node_range": 11.0, "x": 8.973125, "y": 7.886767}, "39": {"neighbours": [11, 32], "node_range": 11.0, "x": 0.988599, "y": 41.889838}, "40": {"neighbours": [3, 4, 13, 16, 19, 20, 25, 30, 35, 38, 47, 49], "node_range": 11.0, "x": 9.75628, "y": 15.252138}, "41": {"neighbours": [1, 24, 29, 31, 45, 50], "node_range": 11.0, "x": 42.834266, "y": 36.365257}, "42": {"neighbours": [1, 5, 10, 44, 50], "node_range": 11.0, "x": 44.97364, "y": 21.829887}, "43": {"neighbours": [23, 33, 46], "node_range": 11.0, "x": 23.265362, "y": 3.263818}, "44": {"neighbours": [1, 5, 10, 21, 36, 42, 48, 50], "node_range": 11.0, "x": 45.470552, "y": 17.087282}, "45": {"neighbours": [24, 34, 41], "node_range": 11.0, "x": 34.840648, "y": 42.055404}, "46": {"neighbours": [20, 30, 33, 38, 43, 49], "node_range": 11.0, "x": 13.284381, "y": 2.12622}, "47": {"neighbours": [2, 3, 4, 13, 16, 19, 20, 25, 30, 35, 37, 40, 49], "node_range": 11.0, "x": 7.119747, "y": 18.810751}, "48": {"neighbours": [14, 36, 44], "node_range": 11.0, "x": 43.899774, "y": 7.145717}, "49": {"neighbours": [13, 18, 19, 20, 25, 30, 38, 40, 46, 47], "node_range": 11.0, "x": 8.030362, "y": 8.708982}, "50": {"neighbours": [1, 5, 10, 21, 41, 42, 44], "node_range": 11.0, "x": 40.686043, "y": 25.62758}}