{"1": {"neighbours": [3, 9, 10, 25, 27, 30, 37, 43, 47, 48], "node_range": 13.5, "x": 45.748627, "y": 29.352673}, "2": {"neighbours": [8, 13, 16, 42, 45, 46], "node_range": 13.5, "x": 23.043309, "y": 17.976719}, "3": {"neighbours": [1, 9, 10, 17, 25, 27, 30, 37, 43, 47, 48], "node_range": 13.5, "x": 39.455911, "y": 30.799632}, "4": {"neighbours": [5, 8, 12, 19, 44, 49], "node_range": 13.5, "x": 6.043553, "y": 3.517986}, "5": {"neighbours": [4, 8, 12, 19, 28, 44, 49], "node_range": 13.5, "x": 4.968144, "y": 14.68213}, "6": {"neighbours": [11, 14, 15, 20, 38, 40, 42, 45, 46], "node_range": 13.5, "x": 30.746874, "y": 3.302177}, "7": {"neighbours": [22, 27, 32, 48], "node_range": 13.5, "x": 40.887767, "y": 47.312124}, "8": {"neighbours": [2, 4, 5, 12, 16, 44, 45, 46, 49], "node_range": 13.5, "x": 16.405819, "y": 12.021967}, "9": {"neighbours": [1, 3, 10, 24, 25, 30, 34, 35, 37, 43, 47, 50], "node_range": 13.5, "x": 47.558017, "y": 23.05189}, "10": {"neighbours": [1, 3, 9, 25, 27, 30, 37, 43, 47, 48], "node_range": 13.5, "x": 45.987454, "y": 31.791881}, "11": {"neighbours": [6, 14, 15, 20, 24, 34, 35, 40, 42, 50], "node_range": 13.5, "x": 43.737183, "y": 4.657365}, "12": {"neighbours": [4, 5, 8, 16, 44, 49], "node_range": 13.5, "x": 15.039559, "y": 6.917457}, "13": {"neighbours": [2, 16, 21, 23, 29, 31, 41], "node_range": 13.5, "x": 16.08737, "y": 26.835878}, "14": {"neighbours": [6, 11, 15, 20, 24, 34, 38, 40, 42, 45, 46, 50], "node_range": 13.5, "x": 35.941611, "y": 2.013229}, "15": {"neighbours": [6, 11, 14, 20, 24, 34, 35, 38, 40, 42, 45, 46, 50], "node_range": 13.5, "x": 37.788559, "y": 9.581162}, "16": {"neighbours": [2, 8, 12, 13, 45, 46], "node_range": 13.5, "x": 21.050821, "y": 14.385808}, "17": {"neighbours": [3, 21, 27, 29, 30, 37, 43, 47], "node_range": 13.5, "x": 32.22819, "y": 30.172355}, "18": {"neighbours": [23, 31, 33, 36, 41], "node_range": 13.5, "x": 11.321975, "y": 42.213198}, "19": {"neighbours": [4, 5, 28, 44, 49], "node_range": 13.5, "x": 1.50691, "y": 12.68514}, "20": {"neighbours": [6, 11, 14, 15, 24, 34, 38, 40, 42, 45, 46, 50], "node_range": 13.5, "x": 35.56949, "y": 2.35746}, "21": {"neighbours": [13, 17, 22, 23, 26, 29, 31, 33, 39, 41], "node_range": 13.5, "x": 24.440254, "y": 35.726268}, "22": {"neighbours": [7, 21, 26, 29, 32, 33, 39], "node_range": 13.5, "x": 30.442329, "y": 45.450454}, "23": {"neighbours": [13, 18, 21, 29, 31, 33, 41], "node_range": 13.5, "x": 16.604955, "y": 35.8642}, "24": {"neighbours": [9, 11, 14, 15, 20, 34, 35, 40, 42, 43, 50], "node_range": 13.5, "x": 43.527219, "y": 11.326953}, "25": {"neighbours": [1, 3, 9, 10, 27, 30, 37, 43, 47, 48], "node_range": 13.5, "x": 47.919285, "y": 29.248446}, "26": {"neighbours": [21, 22, 31, 33, 39], "node_range": 13.5, "x": 26.528484, "y": 48.974344}, "27": {"neighbours": [1, 3, 7, 10, 17, 25, 30, 32, 37, 43, 47, 48], "node_range": 13.5, "x": 41.428541, "y": 36.302842}, "28": {"neighbours": [5, 19, 44], "node_range": 13.5, "x": 1.300019, "y": 19.58547}, "29": {"neighbours": [13, 17, 21, 22, 23, 31, 33, 39, 41], "node_range": 13.5, "x": 26.119969, "y": 34.014811}, "30": {"neighbours": [1, 3, 9, 10, 17, 25, 27, 37, 42, 43, 47, 48, 50], "node_range": 13.5, "x": 40.305834, "y": 25.643447}, "31": {"neighbours": [13, 18, 21, 23, 26, 29, 33, 39, 41], "node_range": 13.5, "x": 16.183796, "y": 40.324652}, "32": {"neighbours": [7, 22, 27, 48], "node_range": 13.5, "x": 42.666642, "y": 48.825514}, "33": {"neighbours": [18, 21, 22, 23, 26, 29, 31, 39, 41], "node_range": 13.5, "x": 24.674363, "y": 41.463001}, "34": {"neighbours": [9, 11, 14, 15, 20, 24, 35, 40, 42, 50], "node_range": 13.5, "x": 46.183625, "y": 9.757929}, "35": {"neighbours": [9, 11, 15, 24, 34, 40, 42, 43, 50], "node_range": 13.5, "x": 46.524461, "y": 11.192303}, "36": {"neighbours": [18], "node_range": 13.5, "x": 0.801394, "y": 36.159337}, "37": {"neighbours": [1, 3, 9, 10, 17, 25, 27, 30, 43, 47, 48], "node_range": 13.5, "x": 42.941342, "y": 30.060939}, "38": {"neighbours": [6, 14, 15, 20, 40, 42, 45, 46], "node_range": 13.5, "x": 29.360768, "y": 3.716197}, "39": {"neighbours": [21, 22, 26, 29, 31, 33], "node_range": 13.5, "x": 25.887678, "y": 45.67158}, "40": {"neighbours": [6, 11, 14, 15, 20, 24, 34, 35, 38, 42, 45, 46, 50], "node_range": 13.5, "x": 33.624636, "y": 8.995809}, "41": {"neighbours": [13, 18, 21, 23, 29, 31, 33], "node_range": 13.5, "x": 16.254175, "y": 31.307036}, "42": {"neighbours": [2, 6, 11, 14, 15, 20, 24, 30, 34, 35, 38, 40, 43, 45, 46, 50], "node_range": 13.5, "x": 35.134369, "y": 14.019349}, "43": {"neighbours": [1, 3, 9, 10, 17, 24, 25, 27, 30, 35, 37, 42, 47, 50], "node_range": 13.5, "x": 42.016676, "y": 22.819606}, "44": {"neighbours": [4, 5, 8, 12, 19, 28, 49], "node_range": 13.5, "x": 6.285996, "y": 11.930405}, "45": {"neighbours": [2, 6, 8, 14, 15, 16, 20, 38, 40, 42, 46, 50], "node_range": 13.5, "x": 28.672704, "y": 7.95879}, "46": {"neighbours": [2, 6, 8, 14, 15, 16, 20, 38, 40, 42, 45, 50], "node_range": 13.5, "x": 28.917379, "y": 12.942712}, "47": {"neighbours": [1, 3, 9, 10, 17, 25, 27, 30, 37, 43, 48], "node_range": 13.5, "x": 44.152025, "y": 30.99221}, "48": {"neighbours": [1, 3, 7, 10, 25, 27, 30, 32, 37, 47], "node_range": 13.5, "x": 44.476862, "y": 37.470569}, "49": {"neighbours": [4, 5, 8, 12, 19, 44], "node_range": 13.5, "x": 8.453826, "y": 6.048955}, "50": {"neighbours": [9, 11, 14, 15, 20, 24, 30, 34, 35, 40, 42, 43, 45, 46], "node_range": 13.5, "x": 39.10049, "y": 14.927299}}