{"1": {"neighbours": [3, 4, 9, 12, 13, 22, 27, 28, 31, 34, 36, 42, 50], "node_range": 13.5, "x": 38.089798, "y": 38.018889}, "2": {"neighbours": [16, 17, 18, 37, 41, 49], "node_range": 13.5, "x": 4.509044, "y": 32.290606}, "3": {"neighbours": [1, 4, 9, 12, 13, 22, 27, 28, 33, 34, 36, 42, 50], "node_range": 13.5, "x": 39.653569, "y": 31.754664}, "4": {"neighbours": [1, 3, 13, 22, 27, 33, 36, 42], "node_range": 13.5, "x": 46.419516, "y": 28.218631}, "5": {"neighbours": [10, 14, 21, 23, 24, 26, 39, 45], "node_range": 13.5, "x": 33.51052, "y": 3.939748}, "6": {"neighbours": [7, 10, 23, 26, 29, 35, 40, 44, 47], "node_range": 13.5, "x": 17.566499, "y": 14.594663}, "7": {"neighbours": [6, 10, 23, 26, 29, 39, 46, 47, 48], "node_range": 13.5, "x": 19.816065, "y": 6.855207}, "8": {"neighbours": [19, 43, 46, 48], "node_range": 13.5, "x": 3.321871, "y": 3.015023}, "9": {"neighbours": [1, 3, 12, 27, 28, 31, 34, 36, 42, 50], "node_range": 13.5, "x": 37.469286, "y": 41.948843}, "10": {"neighbours": [5, 6, 7, 15, 21, 23, 26, 29, 30, 39, 40, 45, 47], "node_range": 13.5, "x": 24.414567, "y": 11.197896}, "11": {"neighbours": [14, 21, 24, 32, 33, 45], "node_range": 13.5, "x": 47.041571, "y": 11.722516}, "12": {"neighbours": [1, 3, 9, 17, 20, 25, 27, 28, 31, 34, 42, 50], "node_range": 13.5, "x": 28.884712, "y": 38.913131}, "13": {"neighbours": [1, 3, 4, 15, 22, 27, 28, 30, 32, 33, 34, 36, 42], "node_range": 13.5, "x": 37.877221, "y": 24.576104}, "14": {"neighbours": [5, 11, 21, 23, 24, 32, 45], "node_range": 13.5, "x": 38.85894, "y": 5.401272}, "15": {"neighbours": [10, 13, 21, 26, 27, 28, 30, 32, 33, 34, 40, 42, 44], "node_range": 13.5, "x": 31.62576, "y": 19.881575}, "16": {"neighbours": [2, 37, 38], "node_range": 13.5, "x": 2.247974, "y": 44.677634}, "17": {"neighbours": [2, 12, 18, 20, 25, 34, 40, 41, 44, 49], "node_range": 13.5, "x": 16.83457, "y": 36.607767}, "18": {"neighbours": [2, 17, 20, 25, 35, 37, 40, 41, 44, 49], "node_range": 13.5, "x": 11.391074, "y": 31.797661}, "19": {"neighbours": [8, 43, 46, 48], "node_range": 13.5, "x": 4.355346, "y": 5.856362}, "20": {"neighbours": [12, 17, 18, 25, 34, 35, 40, 41, 44, 49], "node_range": 13.5, "x": 18.293243, "y": 31.373765}, "21": {"neighbours": [5, 10, 11, 14, 15, 23, 24, 30, 32, 45], "node_range": 13.5, "x": 35.250758, "y": 7.16863}, "22": {"neighbours": [1, 3, 4, 13, 27, 28, 33, 36, 42], "node_range": 13.5, "x": 45.59141, "y": 29.012664}, "23": {"neighbours": [5, 6, 7, 10, 14, 21, 26, 29, 30, 39, 45, 47], "node_range": 13.5, "x": 27.115597, "y": 7.144743}, "24": {"neighbours": [5, 11, 14, 21, 32, 45], "node_range": 13.5, "x": 43.757621, "y": 7.983812}, "25": {"neighbours": [12, 17, 18, 20, 28, 34, 40, 41, 44, 49], "node_range": 13.5, "x": 21.754963, "y": 36.353904}, "26": {"neighbours": [5, 6, 7, 10, 15, 23, 29, 35, 39, 40, 47, 48], "node_range": 13.5, "x": 21.809531, "y": 10.631861}, "27": {"neighbours": [1, 3, 4, 9, 12, 13, 15, 22, 28, 30, 33, 34, 36, 42], "node_range": 13.5, "x": 35.508731, "y": 29.443774}, "28": {"neighbours": [1, 3, 9, 12, 13, 15, 22, 25, 27, 33, 34, 36, 42, 44, 50], "node_range": 13.5, "x": 33.021565, "y": 32.217813}, "29": {"neighbours": [6, 7, 10, 23, 26, 35, 40, 47], "node_range": 13.5, "x": 17.392741, "y": 14.005479}, "30": {"neighbours": [10, 13, 15, 21, 23, 27, 32, 33, 42, 45], "node_range": 13.5, "x": 33.424556, "y": 18.058079}, "31": {"neighbours": [1, 9, 12, 50], "node_range": 13.5, "x": 35.807271, "y": 46.264388}, "32": {"neighbours": [11, 13, 14, 15, 21, 24, 30, 33, 45], "node_range": 13.5, "x": 42.555233, "y": 14.181208}, "33": {"neighbours": [3, 4, 11, 13, 15, 22, 27, 28, 30, 32, 36, 42], "node_range": 13.5, "x": 39.922879, "y": 22.424965}, "34": {"neighbours": [1, 3, 9, 12, 13, 15, 17, 20, 25, 27, 28, 40, 42, 44], "node_range": 13.5, "x": 29.234885, "y": 31.967797}, "35": {"neighbours": [6, 18, 20, 26, 29, 40, 41, 44, 49], "node_range": 13.5, "x": 16.759185, "y": 22.385662}, "36": {"neighbours": [1, 3, 4, 9, 13, 22, 27, 28, 33, 42, 50], "node_range": 13.5, "x": 45.647591, "y": 34.279763}, "37": {"neighbours": [2, 16, 18, 38, 41, 49], "node_range": 13.5, "x": 2.406825, "y": 37.118597}, "38": {"neighbours": [16, 37], "node_range": 13.5, "x": 5.784669, "y": 46.903777}, "39": {"neighbours": [5, 7, 10, 23, 26, 47, 48], "node_range": 13.5, "x": 21.648264, "y": 0.397377}, "40": {"neighbours": [6, 10, 15, 17, 18, 20, 25, 26, 29, 34, 35, 41, 44, 49], "node_range": 13.5, "x": 21.270217, "y": 23.951382}, "41": {"neighbours": [2, 17, 18, 20, 25, 35, 37, 40, 44, 49], "node_range": 13.5, "x": 11.539618, "y": 29.622681}, "42": {"neighbours": [1, 3, 4, 9, 12, 13, 15, 22, 27, 28, 30, 33, 34, 36], "node_range": 13.5, "x": 35.842269, "y": 29.000927}, "43": {"neighbours": [8, 19, 46, 48], "node_range": 13.5, "x": 2.959966, "y": 0.935571}, "44": {"neighbours": [6, 15, 17, 18, 20, 25, 28, 34, 35, 40, 41, 49], "node_range": 13.5, "x": 21.401315, "y": 26.972433}, "45": {"neighbours": [5, 10, 11, 14, 21, 23, 24, 30, 32], "node_range": 13.5, "x": 36.299925, "y": 6.714102}, "46": {"neighbours": [7, 8, 19, 43, 47, 48], "node_range": 13.5, "x": 7.8875, "y": 1.249186}, "47": {"neighbours": [6, 7, 10, 23, 26, 29, 39, 46, 48], "node_range": 13.5, "x": 18.657096, "y": 6.789489}, "48": {"neighbours": [7, 8, 19, 26, 39, 43, 46, 47], "node_range": 13.5, "x": 12.293258, "y": 1.367738}, "49": {"neighbours": [2, 17, 18, 20, 25, 35, 37, 40, 41, 44], "node_range": 13.5, "x": 13.0298, "y": 33.376409}, "50": {"neighbours": [1, 3, 9, 12, 28, 31, 36], "node_range": 13.5, "x": 36.992954, "y": 43.52449}}