{"1": {"neighbours": [3, 11, 17, 23, 30, 31, 37, 40, 48, 49, 50], "node_range": 13.5, "x": 23.531684, "y": 7.221788}, "2": {"neighbours": [19, 24, 26, 41, 43, 45, 46], "node_range": 13.5, "x": 48.356446, "y": 31.753296}, "3": {"neighbours": [1, 7, 17, 37, 48, 50], "node_range": 13.5, "x": 34.614006, "y": 1.3594}, "4": {"neighbours": [8, 14, 38, 44], "node_range": 13.5, "x": 2.313582, "y": 40.171429}, "5": {"neighbours": [6, 9, 10, 12, 15, 16, 18, 21, 27, 28, 33, 36, 42], "node_range": 13.5, "x": 30.315642, "y": 37.121566}, "6": {"neighbours": [5, 9, 10, 12, 13, 16, 18, 21, 27, 28, 36, 42], "node_range": 13.5, "x": 21.481206, "y": 41.368179}, "7": {"neighbours": [3, 19, 20, 29, 37], "node_range": 13.5, "x": 39.584612, "y": 10.029084}, "8": {"neighbours": [4, 14, 38, 44], "node_range": 13.5, "x": 0.713063, "y": 45.390371}, "9": {"neighbours": [5, 6, 16, 18, 21, 24, 25, 42], "node_range": 13.5, "x": 33.803242, "y": 44.770632}, "10": {"neighbours": [5, 6, 12, 13, 15, 16, 18, 27, 28, 33, 36, 42], "node_range": 13.5, "x": 24.559603, "y": 30.74154}, "11": {"neighbours": [1, 17, 23, 30, 31, 37, 40, 48, 49, 50], "node_range": 13.5, "x": 19.51282, "y": 3.676476}, "12": {"neighbours": [5, 6, 10, 13, 15, 16, 18, 26, 27, 28, 33, 36, 42], "node_range": 13.5, "x": 25.920477, "y": 29.387545}, "13": {"neighbours": [6, 10, 12, 14, 18, 27, 28, 33, 36], "node_range": 13.5, "x": 15.237701, "y": 31.447352}, "14": {"neighbours": [4, 8, 13, 35, 38, 44], "node_range": 13.5, "x": 3.890601, "y": 32.431422}, "15": {"neighbours": [5, 10, 12, 19, 26, 27, 28, 29, 33], "node_range": 13.5, "x": 30.399465, "y": 24.779398}, "16": {"neighbours": [5, 6, 9, 10, 12, 18, 21, 27, 28, 33, 36, 42], "node_range": 13.5, "x": 26.979332, "y": 41.175271}, "17": {"neighbours": [1, 3, 11, 23, 30, 31, 37, 40, 48, 49, 50], "node_range": 13.5, "x": 22.265733, "y": 2.946055}, "18": {"neighbours": [5, 6, 9, 10, 12, 13, 16, 21, 27, 28, 33, 36, 42], "node_range": 13.5, "x": 23.676591, "y": 38.616248}, "19": {"neighbours": [2, 7, 15, 26, 29, 46], "node_range": 13.5, "x": 41.723581, "y": 23.168842}, "20": {"neighbours": [7], "node_range": 13.5, "x": 49.718978, "y": 7.424262}, "21": {"neighbours": [5, 6, 9, 16, 18, 27, 36, 42], "node_range": 13.5, "x": 25.376574, "y": 46.138004}, "22": {"neighbours": [23, 32, 34, 39], "node_range": 13.5, "x": 4.349102, "y": 4.870999}, "23": {"neighbours": [1, 11, 17, 22, 30, 31, 34, 39, 40, 48, 49, 50], "node_range": 13.5, "x": 14.409541, "y": 4.521238}, "24": {"neighbours": [2, 9, 25, 41, 42, 43, 45, 46], "node_range": 13.5, "x": 43.894252, "y": 37.465249}, "25": {"neighbours": [9, 24, 41, 42, 43, 45], "node_range": 13.5, "x": 42.999267, "y": 49.038667}, "26": {"neighbours": [2, 12, 15, 19, 29, 33, 46], "node_range": 13.5, "x": 37.811198, "y": 24.089898}, "27": {"neighbours": [5, 6, 10, 12, 13, 15, 16, 18, 21, 28, 33, 36, 42], "node_range": 13.5, "x": 25.334376, "y": 33.82547}, "28": {"neighbours": [5, 6, 10, 12, 13, 15, 16, 18, 27, 33, 36], "node_range": 13.5, "x": 24.300041, "y": 29.001366}, "29": {"neighbours": [7, 15, 19, 26], "node_range": 13.5, "x": 37.374113, "y": 21.408122}, "30": {"neighbours": [1, 11, 17, 23, 31, 34, 37, 40, 47, 48, 49, 50], "node_range": 13.5, "x": 17.906071, "y": 12.683257}, "31": {"neighbours": [1, 11, 17, 23, 30, 34, 37, 40, 48, 49, 50], "node_range": 13.5, "x": 17.589199, "y": 9.768256}, "32": {"neighbours": [22, 34, 39, 47], "node_range": 13.5, "x": 1.048661, "y": 6.775065}, "33": {"neighbours": [5, 10, 12, 13, 15, 16, 18, 26, 27, 28, 36], "node_range": 13.5, "x": 25.528775, "y": 28.463843}, "34": {"neighbours": [22, 23, 30, 31, 32, 35, 47], "node_range": 13.5, "x": 7.958236, "y": 16.135587}, "35": {"neighbours": [14, 34, 47], "node_range": 13.5, "x": 3.561404, "y": 23.951043}, "36": {"neighbours": [5, 6, 10, 12, 13, 16, 18, 21, 27, 28, 33], "node_range": 13.5, "x": 19.894274, "y": 35.945692}, "37": {"neighbours": [1, 3, 7, 11, 17, 30, 31, 40, 48, 49, 50], "node_range": 13.5, "x": 28.078086, "y": 7.115185}, "38": {"neighbours": [4, 8, 14, 44], "node_range": 13.5, "x": 3.57612, "y": 41.587768}, "39": {"neighbours": [22, 23, 32, 49], "node_range": 13.5, "x": 5.771452, "y": 1.718681}, "40": {"neighbours": [1, 11, 17, 23, 30, 31, 37, 48, 49, 50], "node_range": 13.5, "x": 21.050866, "y": 12.707462}, "41": {"neighbours": [2, 24, 25, 43, 45, 46], "node_range": 13.5, "x": 48.421482, "y": 42.316488}, "42": {"neighbours": [5, 6, 9, 10, 12, 16, 18, 21, 24, 25, 27, 45, 46], "node_range": 13.5, "x": 34.336873, "y": 39.197178}, "43": {"neighbours": [2, 24, 25, 41, 45, 46], "node_range": 13.5, "x": 49.841094, "y": 37.918694}, "44": {"neighbours": [4, 8, 14, 38], "node_range": 13.5, "x": 4.064851, "y": 39.948263}, "45": {"neighbours": [2, 24, 25, 41, 42, 43, 46], "node_range": 13.5, "x": 47.082432, "y": 38.795892}, "46": {"neighbours": [2, 19, 24, 26, 41, 42, 43, 45], "node_range": 13.5, "x": 45.927259, "y": 33.786289}, "47": {"neighbours": [30, 32, 34, 35], "node_range": 13.5, "x": 6.673341, "y": 18.828976}, "48": {"neighbours": [1, 3, 11, 17, 23, 30, 31, 37, 40, 49, 50], "node_range": 13.5, "x": 25.611349, "y": 9.170633}, "49": {"neighbours": [1, 11, 17, 23, 30, 31, 37, 39, 40, 48, 50], "node_range": 13.5, "x": 18.061616, "y": 6.677508}, "50": {"neighbours": [1, 3, 11, 17, 23, 30, 31, 37, 40, 48, 49], "node_range": 13.5, "x": 24.768204, "y": 10.224745}}