{"1": {"neighbours": [6, 10, 12, 25, 32, 36, 38, 40, 45, 49], "node_range": 13.5, "x": 8.743206, "y": 22.409827}, "2": {"neighbours": [9, 11, 13, 14, 15, 24, 28, 35, 41, 42, 44, 46], "node_range": 13.5, "x": 38.018006, "y": 9.06278}, "3": {"neighbours": [4, 5, 6, 19, 22, 34, 36, 45, 47, 49], "node_range": 13.5, "x": 26.064586, "y": 37.327865}, "4": {"neighbours": [3, 19, 22, 34, 47], "node_range": 13.5, "x": 24.997464, "y": 43.856711}, "5": {"neighbours": [3, 8, 19, 26, 34, 39, 47], "node_range": 13.5, "x": 37.69242, "y": 38.557728}, "6": {"neighbours": [1, 3, 10, 22, 30, 33, 36, 40, 45, 49], "node_range": 13.5, "x": 18.414075, "y": 27.795919}, "7": {"neighbours": [12, 21, 25, 32, 50], "node_range": 13.5, "x": 2.72678, "y": 6.271977}, "8": {"neighbours": [5, 26, 34, 43], "node_range": 13.5, "x": 46.274439, "y": 43.036248}, "9": {"neighbours": [2, 13, 14, 15, 18, 27, 28, 35, 41, 42, 44], "node_range": 13.5, "x": 30.190639, "y": 4.54031}, "10": {"neighbours": [1, 6, 23, 29, 32, 38, 40, 45], "node_range": 13.5, "x": 5.572317, "y": 31.348767}, "11": {"neighbours": [2, 13, 14, 15, 17, 24, 35, 41, 42, 46], "node_range": 13.5, "x": 44.465729, "y": 8.450378}, "12": {"neighbours": [1, 7, 25, 32, 40, 50], "node_range": 13.5, "x": 7.371014, "y": 16.239818}, "13": {"neighbours": [2, 9, 11, 14, 15, 17, 24, 35, 41, 42, 44, 46], "node_range": 13.5, "x": 38.32823, "y": 2.170957}, "14": {"neighbours": [2, 9, 11, 13, 15, 24, 28, 35, 41, 42, 44, 46], "node_range": 13.5, "x": 36.774839, "y": 6.248923}, "15": {"neighbours": [2, 9, 11, 13, 14, 28, 31, 33, 35, 37, 41, 42, 44, 46], "node_range": 13.5, "x": 34.249922, "y": 11.124598}, "16": {"neighbours": [20, 23, 29], "node_range": 13.5, "x": 8.302505, "y": 46.604499}, "17": {"neighbours": [11, 13, 24, 41, 42, 46], "node_range": 13.5, "x": 49.879056, "y": 1.287947}, "18": {"neighbours": [9, 27, 35, 44], "node_range": 13.5, "x": 21.705552, "y": 5.833723}, "19": {"neighbours": [3, 4, 5, 34, 47], "node_range": 13.5, "x": 32.331678, "y": 43.201787}, "20": {"neighbours": [16, 23, 29], "node_range": 13.5, "x": 7.436837, "y": 45.139411}, "21": {"neighbours": [7, 27, 50], "node_range": 13.5, "x": 5.183507, "y": 0.803524}, "22": {"neighbours": [3, 4, 6, 30, 36, 40, 45, 49], "node_range": 13.5, "x": 20.444138, "y": 34.004577}, "23": {"neighbours": [10, 16, 20, 29, 38], "node_range": 13.5, "x": 1.856827, "y": 38.650174}, "24": {"neighbours": [2, 11, 13, 14, 17, 41, 42, 46], "node_range": 13.5, "x": 49.552756, "y": 2.86361}, "25": {"neighbours": [1, 7, 12, 32, 40, 50], "node_range": 13.5, "x": 7.959488, "y": 15.234876}, "26": {"neighbours": [5, 8, 39, 43], "node_range": 13.5, "x": 49.746057, "y": 37.70305}, "27": {"neighbours": [9, 18, 21, 44, 50], "node_range": 13.5, "x": 17.877771, "y": 3.104537}, "28": {"neighbours": [2, 9, 14, 15, 30, 31, 33, 35, 37, 44], "node_range": 13.5, "x": 32.653883, "y": 16.6719}, "29": {"neighbours": [10, 16, 20, 23, 38], "node_range": 13.5, "x": 1.001803, "y": 36.789232}, "30": {"neighbours": [6, 22, 28, 31, 33, 36, 37, 45, 49], "node_range": 13.5, "x": 26.664429, "y": 23.334665}, "31": {"neighbours": [15, 28, 30, 33, 37, 39, 48], "node_range": 13.5, "x": 35.349221, "y": 24.494055}, "32": {"neighbours": [1, 7, 10, 12, 25, 38, 40], "node_range": 13.5, "x": 1.204824, "y": 18.635065}, "33": {"neighbours": [6, 15, 28, 30, 31, 36, 37, 45, 49], "node_range": 13.5, "x": 28.567589, "y": 22.649707}, "34": {"neighbours": [3, 4, 5, 8, 19, 47], "node_range": 13.5, "x": 35.272618, "y": 44.822194}, "35": {"neighbours": [2, 9, 11, 13, 14, 15, 18, 28, 41, 42, 44, 46], "node_range": 13.5, "x": 33.930636, "y": 4.734455}, "36": {"neighbours": [1, 3, 6, 22, 30, 33, 40, 45, 49], "node_range": 13.5, "x": 20.438747, "y": 28.144425}, "37": {"neighbours": [15, 28, 30, 31, 33, 39, 48, 49], "node_range": 13.5, "x": 32.810033, "y": 21.669084}, "38": {"neighbours": [1, 10, 23, 29, 32, 40], "node_range": 13.5, "x": 2.175741, "y": 31.685114}, "39": {"neighbours": [5, 26, 31, 37, 48], "node_range": 13.5, "x": 40.446111, "y": 29.968808}, "40": {"neighbours": [1, 6, 10, 12, 22, 25, 32, 36, 38, 45, 49], "node_range": 13.5, "x": 13.019618, "y": 23.8568}, "41": {"neighbours": [2, 9, 11, 13, 14, 15, 17, 24, 35, 42, 46], "node_range": 13.5, "x": 43.654725, "y": 4.972716}, "42": {"neighbours": [2, 9, 11, 13, 14, 15, 17, 24, 35, 41, 44, 46], "node_range": 13.5, "x": 39.095861, "y": 4.802819}, "43": {"neighbours": [8, 26], "node_range": 13.5, "x": 48.730202, "y": 49.648973}, "44": {"neighbours": [2, 9, 13, 14, 15, 18, 27, 28, 35, 42], "node_range": 13.5, "x": 30.076551, "y": 4.952501}, "45": {"neighbours": [1, 3, 6, 10, 22, 30, 33, 36, 40, 49], "node_range": 13.5, "x": 17.63022, "y": 27.354531}, "46": {"neighbours": [2, 11, 13, 14, 15, 17, 24, 35, 41, 42], "node_range": 13.5, "x": 44.4353, "y": 3.237398}, "47": {"neighbours": [3, 4, 5, 19, 34], "node_range": 13.5, "x": 27.426145, "y": 46.73475}, "48": {"neighbours": [31, 37, 39], "node_range": 13.5, "x": 42.935339, "y": 25.882907}, "49": {"neighbours": [1, 3, 6, 22, 30, 33, 36, 37, 40, 45], "node_range": 13.5, "x": 21.560425, "y": 24.660397}, "50": {"neighbours": [7, 12, 21, 25, 27], "node_range": 13.5, "x": 5.502204, "y": 3.737464}}