{"1": {"neighbours": [2, 3, 8, 14, 19, 20, 22, 25, 26, 27, 28, 29, 32, 36, 38, 41, 44, 47, 49], "node_range": 13.5, "x": 35.811337, "y": 12.658497}, "2": {"neighbours": [1, 8, 10, 12, 14, 19, 20, 26, 29, 44, 49], "node_range": 13.5, "x": 28.54358, "y": 17.225129}, "3": {"neighbours": [1, 8, 11, 14, 25, 26, 28, 29, 32, 36, 38, 41, 43, 44, 49], "node_range": 13.5, "x": 37.192504, "y": 6.329626}, "4": {"neighbours": [46], "node_range": 13.5, "x": 48.263126, "y": 49.790753}, "5": {"neighbours": [19, 21, 22, 27, 47, 50], "node_range": 13.5, "x": 48.293045, "y": 28.511372}, "6": {"neighbours": [37], "node_range": 13.5, "x": 0.716432, "y": 39.417434}, "7": {"neighbours": [10, 13, 17, 18, 20, 24, 33, 40, 46, 50], "node_range": 13.5, "x": 29.340096, "y": 35.836612}, "8": {"neighbours": [1, 2, 3, 12, 14, 20, 23, 25, 26, 28, 29, 31, 32, 36, 38, 41, 44, 49], "node_range": 13.5, "x": 29.26846, "y": 9.786234}, "9": {"neighbours": [12, 16, 42, 48], "node_range": 13.5, "x": 15.920774, "y": 26.339588}, "10": {"neighbours": [2, 7, 19, 20, 22, 44, 47, 50], "node_range": 13.5, "x": 30.908624, "y": 26.490254}, "11": {"neighbours": [3, 28, 32, 36, 41, 43], "node_range": 13.5, "x": 46.380323, "y": 1.233641}, "12": {"neighbours": [2, 8, 9, 16, 20, 29, 31, 39, 42, 44], "node_range": 13.5, "x": 19.809734, "y": 16.199996}, "13": {"neighbours": [7, 17, 18, 24, 33, 37, 40], "node_range": 13.5, "x": 21.852416, "y": 43.770823}, "14": {"neighbours": [1, 2, 3, 8, 23, 25, 26, 28, 29, 31, 32, 36, 38, 41, 44, 49], "node_range": 13.5, "x": 31.366001, "y": 6.208282}, "15": {"neighbours": [30, 34, 35, 39, 48], "node_range": 13.5, "x": 1.541614, "y": 14.558586}, "16": {"neighbours": [9, 12, 39, 42, 48], "node_range": 13.5, "x": 16.065283, "y": 25.272213}, "17": {"neighbours": [7, 13, 18, 24, 33, 40, 46, 50], "node_range": 13.5, "x": 27.985595, "y": 42.808392}, "18": {"neighbours": [7, 13, 17, 24, 33, 40, 50], "node_range": 13.5, "x": 26.836102, "y": 40.710456}, "19": {"neighbours": [1, 2, 5, 10, 20, 21, 22, 27, 41, 44, 47, 50], "node_range": 13.5, "x": 40.968338, "y": 21.254688}, "20": {"neighbours": [1, 2, 7, 8, 10, 12, 19, 22, 44, 47, 50], "node_range": 13.5, "x": 31.043452, "y": 22.657094}, "21": {"neighbours": [5, 19, 22, 27, 47], "node_range": 13.5, "x": 46.850056, "y": 23.56111}, "22": {"neighbours": [1, 5, 10, 19, 20, 21, 27, 44, 47, 50], "node_range": 13.5, "x": 40.61596, "y": 24.695462}, "23": {"neighbours": [8, 14, 25, 26, 28, 29, 31, 32, 38, 49], "node_range": 13.5, "x": 23.81227, "y": 1.937995}, "24": {"neighbours": [7, 13, 17, 18, 33, 46, 50], "node_range": 13.5, "x": 32.301791, "y": 43.770613}, "25": {"neighbours": [1, 3, 8, 14, 23, 26, 28, 29, 31, 32, 36, 38, 41, 49], "node_range": 13.5, "x": 31.3725, "y": 3.182185}, "26": {"neighbours": [1, 2, 3, 8, 14, 23, 25, 28, 29, 31, 32, 36, 38, 41, 44, 49], "node_range": 13.5, "x": 31.720565, "y": 8.7501}, "27": {"neighbours": [1, 5, 19, 21, 22, 36, 41, 43, 47], "node_range": 13.5, "x": 46.324413, "y": 16.429216}, "28": {"neighbours": [1, 3, 8, 11, 14, 23, 25, 26, 29, 32, 36, 38, 41, 49], "node_range": 13.5, "x": 35.448931, "y": 1.146262}, "29": {"neighbours": [1, 2, 3, 8, 12, 14, 23, 25, 26, 28, 31, 32, 38, 42, 44, 49], "node_range": 13.5, "x": 24.973912, "y": 9.540746}, "30": {"neighbours": [15, 34, 35, 39, 42, 45, 48], "node_range": 13.5, "x": 3.164015, "y": 12.708233}, "31": {"neighbours": [8, 12, 14, 23, 25, 26, 29, 32, 38, 42, 49], "node_range": 13.5, "x": 22.287278, "y": 4.175983}, "32": {"neighbours": [1, 3, 8, 11, 14, 23, 25, 26, 28, 29, 31, 36, 38, 41, 49], "node_range": 13.5, "x": 34.094279, "y": 0.256831}, "33": {"neighbours": [7, 13, 17, 18, 24, 37, 40], "node_range": 13.5, "x": 19.172723, "y": 44.491706}, "34": {"neighbours": [15, 30, 35, 39, 42, 45, 48], "node_range": 13.5, "x": 3.731115, "y": 11.950776}, "35": {"neighbours": [15, 30, 34, 39, 45], "node_range": 13.5, "x": 2.868288, "y": 6.058199}, "36": {"neighbours": [1, 3, 8, 11, 14, 25, 26, 27, 28, 32, 38, 41, 43, 49], "node_range": 13.5, "x": 40.452905, "y": 5.004653}, "37": {"neighbours": [6, 13, 33, 40], "node_range": 13.5, "x": 11.22817, "y": 40.959682}, "38": {"neighbours": [1, 3, 8, 14, 23, 25, 26, 28, 29, 31, 32, 36, 49], "node_range": 13.5, "x": 28.465288, "y": 2.160182}, "39": {"neighbours": [12, 15, 16, 30, 34, 35, 42, 45], "node_range": 13.5, "x": 11.070521, "y": 13.031096}, "40": {"neighbours": [7, 13, 17, 18, 33, 37], "node_range": 13.5, "x": 17.045528, "y": 40.61621}, "41": {"neighbours": [1, 3, 8, 11, 14, 19, 25, 26, 27, 28, 32, 36, 43, 44, 49], "node_range": 13.5, "x": 40.807604, "y": 8.359596}, "42": {"neighbours": [9, 12, 16, 29, 30, 31, 34, 39], "node_range": 13.5, "x": 15.037674, "y": 13.062602}, "43": {"neighbours": [3, 11, 27, 36, 41], "node_range": 13.5, "x": 48.265983, "y": 6.182989}, "44": {"neighbours": [1, 2, 3, 8, 10, 12, 14, 19, 20, 22, 26, 29, 41, 47, 49], "node_range": 13.5, "x": 31.113233, "y": 16.966819}, "45": {"neighbours": [30, 34, 35, 39], "node_range": 13.5, "x": 6.142449, "y": 1.839616}, "46": {"neighbours": [4, 7, 17, 24, 50], "node_range": 13.5, "x": 40.481313, "y": 40.816478}, "47": {"neighbours": [1, 5, 10, 19, 20, 21, 22, 27, 44, 50], "node_range": 13.5, "x": 42.895191, "y": 22.987967}, "48": {"neighbours": [9, 15, 16, 30, 34], "node_range": 13.5, "x": 3.704757, "y": 24.946165}, "49": {"neighbours": [1, 2, 3, 8, 14, 23, 25, 26, 28, 29, 31, 32, 36, 38, 41, 44], "node_range": 13.5, "x": 29.465932, "y": 5.206536}, "50": {"neighbours": [5, 7, 10, 17, 18, 19, 20, 22, 24, 46, 47], "node_range": 13.5, "x": 36.632769, "y": 34.039206}}