{"1": {"neighbours": [8, 10, 12, 13, 14, 15, 25, 31, 32, 36], "node_range": 15.0, "x": 35.373898, "y": 6.003611}, "2": {"neighbours": [19, 20, 23, 26, 29, 34, 45, 47], "node_range": 15.0, "x": 27.508838, "y": 49.00967}, "3": {"neighbours": [5, 6, 7, 9, 18, 35, 40, 41, 43, 48, 49], "node_range": 15.0, "x": 5.343804, "y": 36.923742}, "4": {"neighbours": [11, 16, 17, 27, 29, 39], "node_range": 15.0, "x": 45.574522, "y": 36.383053}, "5": {"neighbours": [3, 6, 7, 9, 18, 33, 37, 40, 43, 46, 48, 49, 50], "node_range": 15.0, "x": 13.814605, "y": 30.031244}, "6": {"neighbours": [3, 5, 7, 9, 18, 19, 23, 33, 34, 37, 40, 43, 48, 49, 50], "node_range": 15.0, "x": 14.286226, "y": 38.508661}, "7": {"neighbours": [3, 5, 6, 9, 18, 23, 33, 34, 37, 40, 43, 48, 49, 50], "node_range": 15.0, "x": 13.280012, "y": 35.270927}, "8": {"neighbours": [1, 10, 12, 13, 14, 15, 25, 36], "node_range": 15.0, "x": 37.663771, "y": 5.477314}, "9": {"neighbours": [3, 5, 6, 7, 18, 23, 34, 35, 40, 41, 43, 48, 49], "node_range": 15.0, "x": 8.936884, "y": 39.079968}, "10": {"neighbours": [1, 8, 11, 12, 13, 14, 15, 16, 21, 25, 36, 44], "node_range": 15.0, "x": 41.162297, "y": 11.135231}, "11": {"neighbours": [4, 10, 14, 16, 17, 21, 27, 36, 44], "node_range": 15.0, "x": 43.879959, "y": 22.587408}, "12": {"neighbours": [1, 8, 10, 13, 14, 15, 36], "node_range": 15.0, "x": 32.956098, "y": 3.360982}, "13": {"neighbours": [1, 8, 10, 12, 14, 15, 21, 25, 36, 44], "node_range": 15.0, "x": 39.771981, "y": 7.573006}, "14": {"neighbours": [1, 8, 10, 11, 12, 13, 15, 25, 36, 44], "node_range": 15.0, "x": 44.879258, "y": 7.823696}, "15": {"neighbours": [1, 8, 10, 12, 13, 14, 21, 22, 31, 32, 36, 46], "node_range": 15.0, "x": 30.986063, "y": 11.592032}, "16": {"neighbours": [4, 10, 11, 17, 21, 22, 27, 31, 33, 37, 38, 44], "node_range": 15.0, "x": 38.285634, "y": 25.271482}, "17": {"neighbours": [4, 11, 16, 21, 27, 44], "node_range": 15.0, "x": 48.496744, "y": 24.668561}, "18": {"neighbours": [3, 5, 6, 7, 9, 19, 23, 33, 34, 37, 38, 40, 43, 45, 49, 50], "node_range": 15.0, "x": 16.897236, "y": 37.765933}, "19": {"neighbours": [2, 6, 18, 20, 23, 26, 29, 34, 38, 45, 47, 49], "node_range": 15.0, "x": 25.003445, "y": 47.16657}, "20": {"neighbours": [2, 19, 23, 26, 29, 34, 45, 47], "node_range": 15.0, "x": 27.945298, "y": 48.960475}, "21": {"neighbours": [10, 11, 13, 15, 16, 17, 22, 27, 31, 32, 33, 36, 37, 38, 44, 46], "node_range": 15.0, "x": 35.606506, "y": 21.016549}, "22": {"neighbours": [15, 16, 21, 27, 31, 32, 33, 37, 38, 46, 50], "node_range": 15.0, "x": 27.276759, "y": 21.224938}, "23": {"neighbours": [2, 6, 7, 9, 18, 19, 20, 26, 33, 34, 43, 45, 47, 49], "node_range": 15.0, "x": 19.545634, "y": 44.331832}, "24": {"neighbours": [28, 30, 42, 46], "node_range": 15.0, "x": 9.854405, "y": 10.960837}, "25": {"neighbours": [1, 8, 10, 13, 14, 36], "node_range": 15.0, "x": 49.209531, "y": 4.653254}, "26": {"neighbours": [2, 19, 20, 23, 29, 34, 38, 39, 45, 47], "node_range": 15.0, "x": 32.216059, "y": 46.533976}, "27": {"neighbours": [4, 11, 16, 17, 21, 22, 33, 37, 38, 39, 44], "node_range": 15.0, "x": 38.209605, "y": 28.052579}, "28": {"neighbours": [24, 30, 42], "node_range": 15.0, "x": 4.124523, "y": 11.361992}, "29": {"neighbours": [2, 4, 19, 20, 26, 39, 45, 47], "node_range": 15.0, "x": 38.319373, "y": 47.34574}, "30": {"neighbours": [24, 28, 42], "node_range": 15.0, "x": 6.541984, "y": 11.910988}, "31": {"neighbours": [1, 15, 16, 21, 22, 32, 33, 37, 46, 50], "node_range": 15.0, "x": 26.644732, "y": 17.73583}, "32": {"neighbours": [1, 15, 21, 22, 31, 33, 37, 46, 50], "node_range": 15.0, "x": 25.020246, "y": 16.697489}, "33": {"neighbours": [5, 6, 7, 16, 18, 21, 22, 23, 27, 31, 32, 34, 37, 38, 49, 50], "node_range": 15.0, "x": 25.811095, "y": 31.470847}, "34": {"neighbours": [2, 6, 7, 9, 18, 19, 20, 23, 26, 33, 37, 38, 45, 47, 49], "node_range": 15.0, "x": 22.847518, "y": 42.17748}, "35": {"neighbours": [3, 9, 40, 41, 43, 48], "node_range": 15.0, "x": 0.640963, "y": 45.935029}, "36": {"neighbours": [1, 8, 10, 11, 12, 13, 14, 15, 21, 25, 44], "node_range": 15.0, "x": 43.659395, "y": 9.374527}, "37": {"neighbours": [5, 6, 7, 16, 18, 21, 22, 27, 31, 32, 33, 34, 38, 46, 49, 50], "node_range": 15.0, "x": 26.385249, "y": 30.938515}, "38": {"neighbours": [16, 18, 19, 21, 22, 26, 27, 33, 34, 37, 50], "node_range": 15.0, "x": 30.351276, "y": 33.177709}, "39": {"neighbours": [4, 26, 27, 29], "node_range": 15.0, "x": 44.132246, "y": 39.666346}, "40": {"neighbours": [3, 5, 6, 7, 9, 18, 35, 41, 43, 48, 49], "node_range": 15.0, "x": 3.452705, "y": 33.344791}, "41": {"neighbours": [3, 9, 35, 40, 43, 48], "node_range": 15.0, "x": 0.740713, "y": 46.596955}, "42": {"neighbours": [24, 28, 30], "node_range": 15.0, "x": 9.120153, "y": 3.786465}, "43": {"neighbours": [3, 5, 6, 7, 9, 18, 23, 35, 40, 41, 48, 49], "node_range": 15.0, "x": 7.971928, "y": 37.676073}, "44": {"neighbours": [10, 11, 13, 14, 16, 17, 21, 27, 36], "node_range": 15.0, "x": 45.224534, "y": 19.133159}, "45": {"neighbours": [2, 18, 19, 20, 23, 26, 29, 34, 47, 49], "node_range": 15.0, "x": 25.698989, "y": 49.482538}, "46": {"neighbours": [5, 15, 21, 22, 24, 31, 32, 37, 50], "node_range": 15.0, "x": 21.154032, "y": 17.097665}, "47": {"neighbours": [2, 19, 20, 23, 26, 29, 34, 45], "node_range": 15.0, "x": 31.405566, "y": 49.966559}, "48": {"neighbours": [3, 5, 6, 7, 9, 35, 40, 41, 43], "node_range": 15.0, "x": 1.404956, "y": 35.288556}, "49": {"neighbours": [3, 5, 6, 7, 9, 18, 19, 23, 33, 34, 37, 40, 43, 45, 50], "node_range": 15.0, "x": 16.374573, "y": 38.888164}, "50": {"neighbours": [5, 6, 7, 18, 22, 31, 32, 33, 37, 38, 46, 49], "node_range": 15.0, "x": 18.00441, "y": 25.4653}}