{"1": {"neighbours": [4, 7, 13, 17, 22, 28, 29, 33, 38, 39, 44, 48], "node_range": 15.0, "x": 1.209158, "y": 39.879529}, "2": {"neighbours": [3, 11, 12, 16, 19, 20, 23, 26, 35, 37, 43, 46, 47], "node_range": 15.0, "x": 40.637291, "y": 36.084623}, "3": {"neighbours": [2, 16, 19, 23, 37, 43, 46], "node_range": 15.0, "x": 48.285596, "y": 40.256983}, "4": {"neighbours": [1, 7, 13, 14, 17, 22, 25, 28, 29, 33, 38, 39, 44, 48, 50], "node_range": 15.0, "x": 12.161757, "y": 36.835373}, "5": {"neighbours": [10, 18, 24, 27, 31, 32, 34, 41, 45, 49], "node_range": 15.0, "x": 20.115598, "y": 2.848342}, "6": {"neighbours": [9, 20, 21, 41], "node_range": 15.0, "x": 41.425403, "y": 10.358505}, "7": {"neighbours": [1, 4, 13, 14, 28, 30, 33, 44, 50], "node_range": 15.0, "x": 2.348036, "y": 26.035288}, "8": {"neighbours": [11, 14, 18, 23, 26, 35, 39, 40, 50], "node_range": 15.0, "x": 24.619938, "y": 28.027977}, "9": {"neighbours": [6, 16, 20, 23, 46, 47], "node_range": 15.0, "x": 49.851661, "y": 22.084084}, "10": {"neighbours": [5, 18, 24, 27, 31, 32, 34, 41, 42, 45, 49], "node_range": 15.0, "x": 19.154403, "y": 2.557805}, "11": {"neighbours": [2, 8, 16, 19, 20, 21, 23, 26, 35, 40, 46, 47], "node_range": 15.0, "x": 34.48218, "y": 24.674478}, "12": {"neighbours": [2, 15, 19, 26, 36, 37], "node_range": 15.0, "x": 34.545915, "y": 47.562158}, "13": {"neighbours": [1, 4, 7, 14, 28, 30, 33, 38, 39, 44, 48, 50], "node_range": 15.0, "x": 8.705329, "y": 29.833172}, "14": {"neighbours": [4, 7, 8, 13, 18, 28, 30, 31, 33, 39, 44, 50], "node_range": 15.0, "x": 10.474692, "y": 27.727734}, "15": {"neighbours": [12, 17, 25, 29, 36, 37, 39], "node_range": 15.0, "x": 24.326707, "y": 45.962124}, "16": {"neighbours": [2, 3, 9, 11, 19, 20, 23, 26, 37, 43, 46, 47], "node_range": 15.0, "x": 46.403843, "y": 33.73201}, "17": {"neighbours": [1, 4, 15, 22, 25, 28, 29, 33, 36, 38, 39, 44, 48], "node_range": 15.0, "x": 13.785934, "y": 44.224158}, "18": {"neighbours": [5, 8, 10, 14, 24, 27, 30, 31, 34, 40, 45, 49, 50], "node_range": 15.0, "x": 17.924682, "y": 16.033815}, "19": {"neighbours": [2, 3, 11, 12, 16, 23, 26, 35, 36, 37, 43, 46, 47], "node_range": 15.0, "x": 38.561986, "y": 37.756827}, "20": {"neighbours": [2, 6, 9, 11, 16, 21, 23, 40, 43, 46, 47], "node_range": 15.0, "x": 43.31665, "y": 22.168527}, "21": {"neighbours": [6, 11, 20, 27, 40, 41, 45], "node_range": 15.0, "x": 35.854336, "y": 11.190016}, "22": {"neighbours": [1, 4, 17, 25, 28, 29, 33, 38, 39, 44, 48], "node_range": 15.0, "x": 4.669217, "y": 47.217859}, "23": {"neighbours": [2, 3, 8, 9, 11, 16, 19, 20, 26, 35, 37, 40, 43, 46, 47], "node_range": 15.0, "x": 38.341222, "y": 31.122899}, "24": {"neighbours": [5, 10, 18, 27, 30, 31, 32, 34, 41, 42, 45, 49], "node_range": 15.0, "x": 17.213649, "y": 6.759171}, "25": {"neighbours": [4, 15, 17, 22, 28, 29, 36, 39], "node_range": 15.0, "x": 19.13386, "y": 49.390797}, "26": {"neighbours": [2, 8, 11, 12, 16, 19, 23, 35, 36, 37, 40, 43, 46, 47], "node_range": 15.0, "x": 33.773054, "y": 33.913026}, "27": {"neighbours": [5, 10, 18, 21, 24, 30, 31, 32, 34, 40, 41, 45, 49, 50], "node_range": 15.0, "x": 24.102284, "y": 12.938544}, "28": {"neighbours": [1, 4, 7, 13, 14, 17, 22, 25, 29, 33, 38, 39, 44, 48], "node_range": 15.0, "x": 7.593224, "y": 40.064955}, "29": {"neighbours": [1, 4, 15, 17, 22, 25, 28, 33, 38, 39, 44, 48], "node_range": 15.0, "x": 10.272126, "y": 47.53645}, "30": {"neighbours": [7, 13, 14, 18, 24, 27, 31, 34, 42, 50], "node_range": 15.0, "x": 10.138467, "y": 18.050478}, "31": {"neighbours": [5, 10, 14, 18, 24, 27, 30, 32, 34, 42, 45, 49, 50], "node_range": 15.0, "x": 15.323175, "y": 14.436545}, "32": {"neighbours": [5, 10, 24, 27, 31, 34, 41, 45, 49], "node_range": 15.0, "x": 19.549433, "y": 0.817941}, "33": {"neighbours": [1, 4, 7, 13, 14, 17, 22, 28, 29, 38, 39, 44, 48, 50], "node_range": 15.0, "x": 10.406815, "y": 35.827984}, "34": {"neighbours": [5, 10, 18, 24, 27, 30, 31, 32, 42, 49], "node_range": 15.0, "x": 10.762739, "y": 6.94521}, "35": {"neighbours": [2, 8, 11, 19, 23, 26, 36, 37, 40, 46], "node_range": 15.0, "x": 30.23216, "y": 29.905056}, "36": {"neighbours": [12, 15, 17, 19, 25, 26, 35, 37], "node_range": 15.0, "x": 27.537672, "y": 44.308222}, "37": {"neighbours": [2, 3, 12, 15, 16, 19, 23, 26, 35, 36, 43, 46], "node_range": 15.0, "x": 37.45289, "y": 39.899155}, "38": {"neighbours": [1, 4, 13, 17, 22, 28, 29, 33, 39, 44, 48], "node_range": 15.0, "x": 3.511608, "y": 43.835293}, "39": {"neighbours": [1, 4, 8, 13, 14, 15, 17, 22, 25, 28, 29, 33, 38, 44, 48, 50], "node_range": 15.0, "x": 13.981778, "y": 36.634823}, "40": {"neighbours": [8, 11, 18, 20, 21, 23, 26, 27, 35, 46, 47], "node_range": 15.0, "x": 30.304718, "y": 24.427862}, "41": {"neighbours": [5, 6, 10, 21, 24, 27, 32, 45, 49], "node_range": 15.0, "x": 31.690415, "y": 8.040851}, "42": {"neighbours": [10, 24, 30, 31, 34], "node_range": 15.0, "x": 4.819505, "y": 5.347123}, "43": {"neighbours": [2, 3, 16, 19, 20, 23, 26, 37, 46, 47], "node_range": 15.0, "x": 44.563809, "y": 36.19639}, "44": {"neighbours": [1, 4, 7, 13, 14, 17, 22, 28, 29, 33, 38, 39, 48, 50], "node_range": 15.0, "x": 9.21555, "y": 34.025983}, "45": {"neighbours": [5, 10, 18, 21, 24, 27, 31, 32, 41, 49], "node_range": 15.0, "x": 25.892026, "y": 5.724245}, "46": {"neighbours": [2, 3, 9, 11, 16, 19, 20, 23, 26, 35, 37, 40, 43, 47], "node_range": 15.0, "x": 41.36952, "y": 31.323031}, "47": {"neighbours": [2, 9, 11, 16, 19, 20, 23, 26, 40, 43, 46], "node_range": 15.0, "x": 44.999034, "y": 25.111392}, "48": {"neighbours": [1, 4, 13, 17, 22, 28, 29, 33, 38, 39, 44], "node_range": 15.0, "x": 4.272558, "y": 43.786629}, "49": {"neighbours": [5, 10, 18, 24, 27, 31, 32, 34, 41, 45], "node_range": 15.0, "x": 19.73403, "y": 1.288089}, "50": {"neighbours": [4, 7, 8, 13, 14, 18, 27, 30, 31, 33, 39, 44], "node_range": 15.0, "x": 14.695065, "y": 22.296182}}