{"1": {"neighbours": [5, 7, 13, 14, 17, 27, 31, 32, 42, 46, 47, 49], "node_range": 15.0, "x": 48.311551, "y": 13.661402}, "2": {"neighbours": [6, 8, 9, 10, 15, 16, 18, 19, 22, 24, 25, 26, 30, 35, 36, 48], "node_range": 15.0, "x": 16.841539, "y": 26.134858}, "3": {"neighbours": [18, 28, 35, 41, 44, 48], "node_range": 15.0, "x": 14.96934, "y": 49.69128}, "4": {"neighbours": [28, 29, 33, 34, 35, 37, 41, 44], "node_range": 15.0, "x": 30.111875, "y": 45.239381}, "5": {"neighbours": [1, 7, 12, 17, 27, 32, 37, 47], "node_range": 15.0, "x": 48.36192, "y": 26.250763}, "6": {"neighbours": [2, 8, 9, 10, 15, 16, 18, 22, 24, 25, 30, 33, 35, 36, 48], "node_range": 15.0, "x": 20.433573, "y": 29.926539}, "7": {"neighbours": [1, 5, 12, 17, 32, 33, 37, 47], "node_range": 15.0, "x": 42.835194, "y": 26.345011}, "8": {"neighbours": [2, 6, 9, 15, 16, 20, 22, 24, 26, 30, 39, 40], "node_range": 15.0, "x": 17.121736, "y": 15.903857}, "9": {"neighbours": [2, 6, 8, 10, 11, 15, 16, 18, 19, 22, 24, 30, 36, 39, 45, 48], "node_range": 15.0, "x": 8.642444, "y": 28.072596}, "10": {"neighbours": [2, 6, 9, 11, 15, 18, 19, 22, 25, 28, 30, 35, 36, 41, 45, 48], "node_range": 15.0, "x": 13.122383, "y": 34.71083}, "11": {"neighbours": [9, 10, 15, 18, 19, 22, 30, 35, 36, 45, 48], "node_range": 15.0, "x": 5.475203, "y": 36.042085}, "12": {"neighbours": [5, 7, 29, 32, 34, 37, 38], "node_range": 15.0, "x": 45.904336, "y": 39.897983}, "13": {"neighbours": [1, 14, 17, 23, 27, 31, 42, 46, 49, 50], "node_range": 15.0, "x": 42.686709, "y": 5.674239}, "14": {"neighbours": [1, 13, 17, 21, 23, 27, 31, 42, 46, 49, 50], "node_range": 15.0, "x": 35.172908, "y": 10.780859}, "15": {"neighbours": [2, 6, 8, 9, 10, 11, 16, 18, 19, 22, 24, 25, 30, 33, 35, 36, 48], "node_range": 15.0, "x": 17.263052, "y": 27.20016}, "16": {"neighbours": [2, 6, 8, 9, 15, 19, 20, 22, 24, 26, 30, 36, 39, 40, 43], "node_range": 15.0, "x": 15.343354, "y": 16.025521}, "17": {"neighbours": [1, 5, 7, 13, 14, 27, 31, 32, 42, 46, 47, 49], "node_range": 15.0, "x": 49.349147, "y": 13.121092}, "18": {"neighbours": [2, 3, 6, 9, 10, 11, 15, 22, 25, 28, 30, 35, 36, 41, 44, 48], "node_range": 15.0, "x": 16.220934, "y": 34.8148}, "19": {"neighbours": [2, 9, 10, 11, 15, 16, 22, 24, 30, 36, 39, 45], "node_range": 15.0, "x": 4.085228, "y": 23.753635}, "20": {"neighbours": [8, 16, 24, 26, 39, 40, 43], "node_range": 15.0, "x": 11.384438, "y": 8.771588}, "21": {"neighbours": [14, 23, 31, 40, 42, 46, 50], "node_range": 15.0, "x": 27.832873, "y": 3.555072}, "22": {"neighbours": [2, 6, 8, 9, 10, 11, 15, 16, 18, 19, 24, 25, 30, 35, 36, 48], "node_range": 15.0, "x": 16.58015, "y": 26.959077}, "23": {"neighbours": [13, 14, 21, 31, 42, 46, 49, 50], "node_range": 15.0, "x": 32.285661, "y": 12.82914}, "24": {"neighbours": [2, 6, 8, 9, 15, 16, 19, 20, 22, 26, 30, 36, 39, 40], "node_range": 15.0, "x": 15.295734, "y": 16.782607}, "25": {"neighbours": [2, 6, 10, 15, 18, 22, 30, 33, 35, 36, 44], "node_range": 15.0, "x": 24.184591, "y": 29.670671}, "26": {"neighbours": [2, 8, 16, 20, 24, 39, 40, 43], "node_range": 15.0, "x": 13.343183, "y": 11.928467}, "27": {"neighbours": [1, 5, 13, 14, 17, 31, 32, 42, 46, 47, 49], "node_range": 15.0, "x": 48.269906, "y": 12.14676}, "28": {"neighbours": [3, 4, 10, 18, 29, 34, 35, 41, 44, 48], "node_range": 15.0, "x": 22.171947, "y": 46.444292}, "29": {"neighbours": [4, 12, 28, 33, 34, 37, 38, 44], "node_range": 15.0, "x": 34.520053, "y": 44.939537}, "30": {"neighbours": [2, 6, 8, 9, 10, 11, 15, 16, 18, 19, 22, 24, 25, 36, 39, 45, 48], "node_range": 15.0, "x": 9.620545, "y": 26.571988}, "31": {"neighbours": [1, 13, 14, 17, 21, 23, 27, 42, 46, 49, 50], "node_range": 15.0, "x": 37.540163, "y": 4.035108}, "32": {"neighbours": [1, 5, 7, 12, 17, 27, 37, 47], "node_range": 15.0, "x": 46.607202, "y": 25.594839}, "33": {"neighbours": [4, 6, 7, 15, 25, 29, 34, 37, 44], "node_range": 15.0, "x": 31.051864, "y": 31.927731}, "34": {"neighbours": [4, 12, 28, 29, 33, 37, 38, 44], "node_range": 15.0, "x": 32.530775, "y": 43.701633}, "35": {"neighbours": [2, 3, 4, 6, 10, 11, 15, 18, 22, 25, 28, 36, 41, 44, 48], "node_range": 15.0, "x": 16.926829, "y": 40.955401}, "36": {"neighbours": [2, 6, 9, 10, 11, 15, 16, 18, 19, 22, 24, 25, 30, 35, 45, 48], "node_range": 15.0, "x": 15.038906, "y": 30.905679}, "37": {"neighbours": [4, 5, 7, 12, 29, 32, 33, 34, 38], "node_range": 15.0, "x": 41.868944, "y": 37.117058}, "38": {"neighbours": [12, 29, 34, 37], "node_range": 15.0, "x": 46.853901, "y": 42.115499}, "39": {"neighbours": [8, 9, 16, 19, 20, 24, 26, 30, 43, 45], "node_range": 15.0, "x": 3.321412, "y": 14.564064}, "40": {"neighbours": [8, 16, 20, 21, 24, 26, 43, 50], "node_range": 15.0, "x": 17.752225, "y": 8.648508}, "41": {"neighbours": [3, 4, 10, 18, 28, 35, 44, 48], "node_range": 15.0, "x": 17.676205, "y": 45.877803}, "42": {"neighbours": [1, 13, 14, 17, 21, 23, 27, 31, 46, 49, 50], "node_range": 15.0, "x": 40.560862, "y": 5.395654}, "43": {"neighbours": [16, 20, 26, 39, 40], "node_range": 15.0, "x": 3.506675, "y": 6.882714}, "44": {"neighbours": [3, 4, 18, 25, 28, 29, 33, 34, 35, 41], "node_range": 15.0, "x": 26.433666, "y": 44.157452}, "45": {"neighbours": [9, 10, 11, 19, 30, 36, 39], "node_range": 15.0, "x": 1.628844, "y": 25.272284}, "46": {"neighbours": [1, 13, 14, 17, 21, 23, 27, 31, 42, 49, 50], "node_range": 15.0, "x": 35.344056, "y": 10.188356}, "47": {"neighbours": [1, 5, 7, 17, 27, 32], "node_range": 15.0, "x": 47.848385, "y": 23.103024}, "48": {"neighbours": [2, 3, 6, 9, 10, 11, 15, 18, 22, 28, 30, 35, 36, 41], "node_range": 15.0, "x": 11.082939, "y": 39.204401}, "49": {"neighbours": [1, 13, 14, 17, 23, 27, 31, 42, 46, 50], "node_range": 15.0, "x": 43.513148, "y": 7.473973}, "50": {"neighbours": [13, 14, 21, 23, 31, 40, 42, 46, 49], "node_range": 15.0, "x": 32.236719, "y": 10.116062}}