{"1": {"neighbours": [10, 11, 14, 16, 17, 22, 25, 27, 29, 31, 45, 49, 50], "node_range": 15.0, "x": 9.87037, "y": 38.682939}, "2": {"neighbours": [10, 14, 22, 27, 29, 50], "node_range": 15.0, "x": 21.590504, "y": 49.776099}, "3": {"neighbours": [5, 7, 12, 13, 16, 23, 26, 33, 47, 50], "node_range": 15.0, "x": 30.391945, "y": 31.091895}, "4": {"neighbours": [9, 15, 24, 36, 38, 40, 42, 44], "node_range": 15.0, "x": 8.809625, "y": 6.661457}, "5": {"neighbours": [3, 7, 12, 13, 16, 23, 33, 37, 39, 47, 50], "node_range": 15.0, "x": 28.171687, "y": 29.383886}, "6": {"neighbours": [18, 19, 20, 23, 28, 30, 34, 35, 39, 43, 46, 48], "node_range": 15.0, "x": 46.632842, "y": 12.693178}, "7": {"neighbours": [3, 5, 8, 13, 18, 20, 23, 24, 35, 36, 37, 38, 39, 43, 44, 47], "node_range": 15.0, "x": 27.750114, "y": 17.996535}, "8": {"neighbours": [7, 13, 18, 19, 20, 21, 23, 28, 34, 35, 36, 37, 38, 39, 43, 44, 47, 48], "node_range": 15.0, "x": 31.22698, "y": 12.867586}, "9": {"neighbours": [4, 15, 40, 42], "node_range": 15.0, "x": 2.072284, "y": 4.229632}, "10": {"neighbours": [1, 2, 14, 22, 27, 29, 31, 45], "node_range": 15.0, "x": 7.698602, "y": 49.602942}, "11": {"neighbours": [1, 13, 16, 17, 24, 25, 37, 42, 49], "node_range": 15.0, "x": 8.3211, "y": 24.224464}, "12": {"neighbours": [3, 5, 23, 26, 32, 33, 35, 47], "node_range": 15.0, "x": 35.964936, "y": 32.7257}, "13": {"neighbours": [3, 5, 7, 8, 11, 15, 16, 17, 24, 36, 37, 38, 39, 47, 49], "node_range": 15.0, "x": 21.797377, "y": 21.128823}, "14": {"neighbours": [1, 2, 10, 22, 27, 29, 45, 50], "node_range": 15.0, "x": 15.002563, "y": 48.480889}, "15": {"neighbours": [4, 9, 13, 24, 36, 37, 38, 40, 44], "node_range": 15.0, "x": 14.576078, "y": 9.584672}, "16": {"neighbours": [1, 3, 5, 11, 13, 17, 24, 25, 27, 29, 33, 47, 49, 50], "node_range": 15.0, "x": 17.703981, "y": 32.221251}, "17": {"neighbours": [1, 11, 13, 16, 24, 25, 36, 37, 42, 49], "node_range": 15.0, "x": 11.504214, "y": 26.796306}, "18": {"neighbours": [6, 7, 8, 19, 20, 21, 23, 28, 34, 35, 39, 43, 48], "node_range": 15.0, "x": 36.607782, "y": 11.26356}, "19": {"neighbours": [6, 8, 18, 20, 21, 28, 34, 39, 43, 46, 48], "node_range": 15.0, "x": 43.588857, "y": 6.031633}, "20": {"neighbours": [6, 7, 8, 18, 19, 21, 23, 28, 34, 35, 39, 43, 44, 48], "node_range": 15.0, "x": 35.338977, "y": 10.363987}, "21": {"neighbours": [8, 18, 19, 20, 43, 44, 46, 48], "node_range": 15.0, "x": 36.504193, "y": 0.824157}, "22": {"neighbours": [1, 2, 10, 14, 27, 29, 45, 50], "node_range": 15.0, "x": 15.363832, "y": 47.712759}, "23": {"neighbours": [3, 5, 6, 7, 8, 12, 18, 20, 26, 28, 30, 34, 35, 39, 43, 47, 48], "node_range": 15.0, "x": 40.031285, "y": 21.82707}, "24": {"neighbours": [4, 7, 11, 13, 15, 16, 17, 25, 36, 37, 38, 40, 42, 47, 49], "node_range": 15.0, "x": 15.34506, "y": 19.471653}, "25": {"neighbours": [1, 11, 16, 17, 24, 31, 42, 49], "node_range": 15.0, "x": 5.98068, "y": 30.006581}, "26": {"neighbours": [3, 12, 23, 30, 32, 33, 35, 41], "node_range": 15.0, "x": 43.956445, "y": 33.388801}, "27": {"neighbours": [1, 2, 10, 14, 16, 22, 29, 45, 50], "node_range": 15.0, "x": 18.876825, "y": 44.929743}, "28": {"neighbours": [6, 8, 18, 19, 20, 23, 30, 34, 35, 39, 43, 46, 48], "node_range": 15.0, "x": 44.269545, "y": 13.835687}, "29": {"neighbours": [1, 2, 10, 14, 16, 22, 27, 31, 45, 50], "node_range": 15.0, "x": 13.813366, "y": 46.515804}, "30": {"neighbours": [6, 23, 26, 28, 34, 35], "node_range": 15.0, "x": 49.379529, "y": 23.974996}, "31": {"neighbours": [1, 10, 25, 29, 45], "node_range": 15.0, "x": 1.280403, "y": 41.622342}, "32": {"neighbours": [12, 26, 33, 41], "node_range": 15.0, "x": 41.148031, "y": 43.392678}, "33": {"neighbours": [3, 5, 12, 16, 26, 32, 47, 50], "node_range": 15.0, "x": 31.544281, "y": 34.262425}, "34": {"neighbours": [6, 8, 18, 19, 20, 23, 28, 30, 35, 39, 43, 48], "node_range": 15.0, "x": 44.318086, "y": 16.861166}, "35": {"neighbours": [6, 7, 8, 12, 18, 20, 23, 26, 28, 30, 34, 39, 43, 48], "node_range": 15.0, "x": 42.096659, "y": 21.428425}, "36": {"neighbours": [4, 7, 8, 13, 15, 17, 24, 37, 38, 39, 40, 44, 47], "node_range": 15.0, "x": 20.65354, "y": 15.434221}, "37": {"neighbours": [5, 7, 8, 11, 13, 15, 17, 24, 36, 38, 39, 40, 44, 47], "node_range": 15.0, "x": 20.787549, "y": 17.40104}, "38": {"neighbours": [4, 7, 8, 13, 15, 24, 36, 37, 40, 44], "node_range": 15.0, "x": 16.991331, "y": 10.112636}, "39": {"neighbours": [5, 6, 7, 8, 13, 18, 19, 20, 23, 28, 34, 35, 36, 37, 43, 47, 48], "node_range": 15.0, "x": 34.176777, "y": 16.146075}, "40": {"neighbours": [4, 9, 15, 24, 36, 37, 38, 44], "node_range": 15.0, "x": 11.067781, "y": 6.156855}, "41": {"neighbours": [26, 32], "node_range": 15.0, "x": 46.652245, "y": 47.82239}, "42": {"neighbours": [4, 9, 11, 17, 24, 25], "node_range": 15.0, "x": 1.222161, "y": 17.695613}, "43": {"neighbours": [6, 7, 8, 18, 19, 20, 21, 23, 28, 34, 35, 39, 46, 48], "node_range": 15.0, "x": 40.00442, "y": 9.743066}, "44": {"neighbours": [4, 7, 8, 15, 20, 21, 36, 37, 38, 40], "node_range": 15.0, "x": 22.46178, "y": 5.292383}, "45": {"neighbours": [1, 10, 14, 22, 27, 29, 31], "node_range": 15.0, "x": 4.406012, "y": 47.946436}, "46": {"neighbours": [6, 19, 21, 28, 43, 48], "node_range": 15.0, "x": 48.488806, "y": 1.152875}, "47": {"neighbours": [3, 5, 7, 8, 12, 13, 16, 23, 24, 33, 36, 37, 39], "node_range": 15.0, "x": 27.395054, "y": 26.457438}, "48": {"neighbours": [6, 8, 18, 19, 20, 21, 23, 28, 34, 35, 39, 43, 46], "node_range": 15.0, "x": 38.015363, "y": 6.997186}, "49": {"neighbours": [1, 11, 13, 16, 17, 24, 25, 50], "node_range": 15.0, "x": 11.636298, "y": 30.491195}, "50": {"neighbours": [1, 2, 3, 5, 14, 16, 22, 27, 29, 33, 49], "node_range": 15.0, "x": 20.215879, "y": 40.299106}}