{"1": {"neighbours": [5, 13, 22, 23, 25, 30, 45, 49], "node_range": 15.0, "x": 48.248787, "y": 24.522373}, "2": {"neighbours": [5, 9, 14, 15, 18, 23, 24, 25, 29, 32, 37, 38, 39, 40, 42, 47], "node_range": 15.0, "x": 29.829073, "y": 30.385698}, "3": {"neighbours": [6, 8, 27, 28, 31, 35, 36, 47], "node_range": 15.0, "x": 21.48513, "y": 7.597634}, "4": {"neighbours": [7, 14, 15, 16, 18, 26, 37, 48], "node_range": 15.0, "x": 7.928897, "y": 33.18103}, "5": {"neighbours": [1, 2, 9, 22, 23, 32, 34, 40, 42, 49], "node_range": 15.0, "x": 41.393809, "y": 31.679411}, "6": {"neighbours": [3, 8, 27, 28, 31, 33, 35], "node_range": 15.0, "x": 15.62827, "y": 2.084313}, "7": {"neighbours": [4, 26, 48], "node_range": 15.0, "x": 2.091909, "y": 32.53771}, "8": {"neighbours": [3, 6, 9, 24, 25, 27, 28, 29, 31, 35, 36, 38, 47], "node_range": 15.0, "x": 22.51575, "y": 14.555449}, "9": {"neighbours": [2, 5, 8, 14, 18, 23, 24, 25, 28, 29, 32, 37, 38, 39, 40, 42, 47], "node_range": 15.0, "x": 29.561534, "y": 26.344078}, "10": {"neighbours": [12, 16, 17, 26], "node_range": 15.0, "x": 5.225568, "y": 48.010271}, "11": {"neighbours": [13, 20, 21, 30, 35, 41, 43, 45, 46], "node_range": 15.0, "x": 40.045403, "y": 1.683683}, "12": {"neighbours": [10, 15, 16, 17, 26, 44], "node_range": 15.0, "x": 12.16227, "y": 48.96436}, "13": {"neighbours": [1, 11, 20, 21, 22, 23, 24, 25, 29, 30, 35, 41, 43, 45, 46, 47, 49], "node_range": 15.0, "x": 39.51428, "y": 12.809326}, "14": {"neighbours": [2, 4, 9, 15, 16, 18, 26, 32, 37, 38, 39, 40, 44], "node_range": 15.0, "x": 19.363263, "y": 31.653822}, "15": {"neighbours": [2, 4, 12, 14, 16, 18, 26, 32, 37, 38, 39, 40, 42, 44], "node_range": 15.0, "x": 17.62234, "y": 37.642483}, "16": {"neighbours": [4, 10, 12, 14, 15, 17, 26, 37, 39, 44], "node_range": 15.0, "x": 14.301758, "y": 44.646414}, "17": {"neighbours": [10, 12, 16, 26], "node_range": 15.0, "x": 7.189137, "y": 49.6129}, "18": {"neighbours": [2, 4, 9, 14, 15, 26, 32, 36, 37, 38, 39, 40, 44, 47], "node_range": 15.0, "x": 20.511966, "y": 29.940515}, "19": {"neighbours": [33, 36, 48], "node_range": 15.0, "x": 6.4289, "y": 14.649942}, "20": {"neighbours": [11, 13, 21, 30, 41, 43, 45, 46], "node_range": 15.0, "x": 44.267585, "y": 2.868038}, "21": {"neighbours": [11, 13, 20, 25, 30, 41, 43, 45, 46, 49], "node_range": 15.0, "x": 46.151605, "y": 6.58247}, "22": {"neighbours": [1, 5, 13, 23, 25, 30, 45, 49], "node_range": 15.0, "x": 46.824531, "y": 24.712078}, "23": {"neighbours": [1, 2, 5, 9, 13, 22, 24, 25, 29, 30, 45, 49], "node_range": 15.0, "x": 42.393447, "y": 23.976703}, "24": {"neighbours": [2, 8, 9, 13, 23, 25, 28, 29, 30, 31, 35, 38, 46, 47, 49], "node_range": 15.0, "x": 33.508827, "y": 17.605789}, "25": {"neighbours": [1, 2, 8, 9, 13, 21, 22, 23, 24, 28, 29, 30, 35, 45, 46, 47, 49], "node_range": 15.0, "x": 36.365276, "y": 16.984054}, "26": {"neighbours": [4, 7, 10, 12, 14, 15, 16, 17, 18, 37, 44, 48], "node_range": 15.0, "x": 8.858314, "y": 35.973887}, "27": {"neighbours": [3, 6, 8, 28, 31, 35, 46, 47], "node_range": 15.0, "x": 23.620422, "y": 2.8794}, "28": {"neighbours": [3, 6, 8, 9, 24, 25, 27, 29, 31, 35, 36, 38, 47], "node_range": 15.0, "x": 23.059543, "y": 13.020014}, "29": {"neighbours": [2, 8, 9, 13, 23, 24, 25, 28, 30, 35, 38, 47], "node_range": 15.0, "x": 31.993485, "y": 19.898529}, "30": {"neighbours": [1, 11, 13, 20, 21, 22, 23, 24, 25, 29, 35, 41, 43, 45, 46, 47, 49], "node_range": 15.0, "x": 40.948962, "y": 12.369808}, "31": {"neighbours": [3, 6, 8, 24, 27, 28, 35, 46, 47], "node_range": 15.0, "x": 23.56329, "y": 7.433386}, "32": {"neighbours": [2, 5, 9, 14, 15, 18, 34, 37, 39, 40, 42, 44, 50], "node_range": 15.0, "x": 31.806911, "y": 39.519359}, "33": {"neighbours": [6, 19, 36], "node_range": 15.0, "x": 4.148901, "y": 6.504835}, "34": {"neighbours": [5, 32, 39, 40, 42, 50], "node_range": 15.0, "x": 39.028771, "y": 43.484658}, "35": {"neighbours": [3, 6, 8, 11, 13, 24, 25, 27, 28, 29, 30, 31, 46, 47], "node_range": 15.0, "x": 28.713668, "y": 8.974736}, "36": {"neighbours": [3, 8, 18, 19, 28, 33, 38, 48], "node_range": 15.0, "x": 12.062862, "y": 17.708944}, "37": {"neighbours": [2, 4, 9, 14, 15, 16, 18, 26, 32, 38, 39, 40, 42, 44], "node_range": 15.0, "x": 20.970278, "y": 31.891755}, "38": {"neighbours": [2, 8, 9, 14, 15, 18, 24, 28, 29, 36, 37, 39, 40, 47], "node_range": 15.0, "x": 22.845709, "y": 23.863123}, "39": {"neighbours": [2, 9, 14, 15, 16, 18, 32, 34, 37, 38, 40, 42, 44], "node_range": 15.0, "x": 26.50541, "y": 37.900867}, "40": {"neighbours": [2, 5, 9, 14, 15, 18, 32, 34, 37, 38, 39, 42, 44], "node_range": 15.0, "x": 28.649448, "y": 35.62446}, "41": {"neighbours": [11, 13, 20, 21, 30, 43, 45, 46, 49], "node_range": 15.0, "x": 48.188024, "y": 5.609705}, "42": {"neighbours": [2, 5, 9, 15, 32, 34, 37, 39, 40, 44, 50], "node_range": 15.0, "x": 31.440625, "y": 41.131267}, "43": {"neighbours": [11, 13, 20, 21, 30, 41, 45, 46, 49], "node_range": 15.0, "x": 47.142249, "y": 3.182484}, "44": {"neighbours": [12, 14, 15, 16, 18, 26, 32, 37, 39, 40, 42], "node_range": 15.0, "x": 21.250387, "y": 43.832325}, "45": {"neighbours": [1, 11, 13, 20, 21, 22, 23, 25, 30, 41, 43, 46, 49], "node_range": 15.0, "x": 47.706271, "y": 11.505314}, "46": {"neighbours": [11, 13, 20, 21, 24, 25, 27, 30, 31, 35, 41, 43, 45], "node_range": 15.0, "x": 38.370143, "y": 5.580116}, "47": {"neighbours": [2, 3, 8, 9, 13, 18, 24, 25, 27, 28, 29, 30, 31, 35, 38], "node_range": 15.0, "x": 27.282106, "y": 17.014764}, "48": {"neighbours": [4, 7, 19, 26, 36], "node_range": 15.0, "x": 0.45116, "y": 24.736131}, "49": {"neighbours": [1, 5, 13, 21, 22, 23, 24, 25, 30, 41, 43, 45], "node_range": 15.0, "x": 47.521381, "y": 18.072113}, "50": {"neighbours": [32, 34, 42], "node_range": 15.0, "x": 38.256788, "y": 48.754258}}