{"1": {"neighbours": [2, 3, 21, 26, 31, 35], "node_range": 8.0, "x": 10.873525, "y": 34.572285}, "2": {"neighbours": [1, 3, 21, 22, 31, 39], "node_range": 8.0, "x": 4.926911, "y": 32.467036}, "3": {"neighbours": [1, 2, 21, 31, 35], "node_range": 8.0, "x": 7.014649, "y": 37.007394}, "4": {"neighbours": [16, 17, 28], "node_range": 8.0, "x": 34.118591, "y": 33.567871}, "5": {"neighbours": [16, 30, 32, 49], "node_range": 8.0, "x": 26.92248, "y": 28.84737}, "6": {"neighbours": [7, 20, 40, 42, 50], "node_range": 8.0, "x": 42.946189, "y": 6.297308}, "7": {"neighbours": [6, 20, 40, 42], "node_range": 8.0, "x": 48.054842, "y": 11.017192}, "8": {"neighbours": [24], "node_range": 8.0, "x": 46.979223, "y": 49.785328}, "9": {"neighbours": [12, 15, 34, 44], "node_range": 8.0, "x": 40.469787, "y": 20.388197}, "10": {"neighbours": [14], "node_range": 8.0, "x": 26.037258, "y": 46.378114}, "11": {"neighbours": [13, 37], "node_range": 8.0, "x": 19.610352, "y": 2.249291}, "12": {"neighbours": [9, 15, 34, 44], "node_range": 8.0, "x": 39.465613, "y": 20.323387}, "13": {"neighbours": [11, 18, 25, 27], "node_range": 8.0, "x": 22.476268, "y": 7.461308}, "14": {"neighbours": [10, 47, 49], "node_range": 8.0, "x": 24.916043, "y": 41.384827}, "15": {"neighbours": [9, 12, 34], "node_range": 8.0, "x": 42.057089, "y": 17.094415}, "16": {"neighbours": [4, 5, 49], "node_range": 8.0, "x": 31.340757, "y": 34.883631}, "17": {"neighbours": [4, 23, 28, 45], "node_range": 8.0, "x": 41.992733, "y": 34.675884}, "18": {"neighbours": [13, 25], "node_range": 8.0, "x": 19.893997, "y": 14.15172}, "19": {"neighbours": [36, 41], "node_range": 8.0, "x": 4.21767, "y": 3.723718}, "20": {"neighbours": [6, 7, 40, 42], "node_range": 8.0, "x": 46.912979, "y": 6.7108}, "21": {"neighbours": [1, 2, 3, 31], "node_range": 8.0, "x": 4.191154, "y": 37.780714}, "22": {"neighbours": [2, 39], "node_range": 8.0, "x": 0.952834, "y": 29.181329}, "23": {"neighbours": [17, 45], "node_range": 8.0, "x": 46.687522, "y": 29.155677}, "24": {"neighbours": [8], "node_range": 8.0, "x": 47.94815, "y": 44.343461}, "25": {"neighbours": [13, 18], "node_range": 8.0, "x": 22.854644, "y": 13.292731}, "26": {"neighbours": [1, 31, 32], "node_range": 8.0, "x": 16.217159, "y": 29.142957}, "27": {"neighbours": [13], "node_range": 8.0, "x": 27.740232, "y": 1.927605}, "28": {"neighbours": [4, 17, 38, 45], "node_range": 8.0, "x": 38.494632, "y": 39.435284}, "29": {"neighbours": [36, 48], "node_range": 8.0, "x": 3.607896, "y": 13.479327}, "30": {"neighbours": [5, 32, 44], "node_range": 8.0, "x": 28.626709, "y": 25.539135}, "31": {"neighbours": [1, 2, 3, 21, 26, 39], "node_range": 8.0, "x": 8.951347, "y": 31.579142}, "32": {"neighbours": [5, 26, 30, 49], "node_range": 8.0, "x": 24.032141, "y": 28.220595}, "33": {"neighbours": [43], "node_range": 8.0, "x": 5.741006, "y": 48.700904}, "34": {"neighbours": [9, 12, 15, 44], "node_range": 8.0, "x": 34.741127, "y": 16.821995}, "35": {"neighbours": [1, 3, 43, 47], "node_range": 8.0, "x": 12.241627, "y": 42.191434}, "36": {"neighbours": [19, 29], "node_range": 8.0, "x": 1.786555, "y": 6.692763}, "37": {"neighbours": [11], "node_range": 8.0, "x": 17.958183, "y": 0.790626}, "38": {"neighbours": [28, 46], "node_range": 8.0, "x": 36.120852, "y": 46.700638}, "39": {"neighbours": [2, 22, 31, 48], "node_range": 8.0, "x": 7.272778, "y": 25.362897}, "40": {"neighbours": [6, 7, 20, 42], "node_range": 8.0, "x": 43.707219, "y": 4.353316}, "41": {"neighbours": [19], "node_range": 8.0, "x": 7.49029, "y": 0.494466}, "42": {"neighbours": [6, 7, 20, 40], "node_range": 8.0, "x": 44.443864, "y": 7.686711}, "43": {"neighbours": [33, 35], "node_range": 8.0, "x": 9.400807, "y": 48.282943}, "44": {"neighbours": [9, 12, 30, 34], "node_range": 8.0, "x": 34.435782, "y": 21.170224}, "45": {"neighbours": [17, 23, 28], "node_range": 8.0, "x": 42.117592, "y": 35.047569}, "46": {"neighbours": [38], "node_range": 8.0, "x": 38.970356, "y": 48.797191}, "47": {"neighbours": [14, 35], "node_range": 8.0, "x": 18.511144, "y": 39.765236}, "48": {"neighbours": [29, 39], "node_range": 8.0, "x": 4.445011, "y": 18.433011}, "49": {"neighbours": [5, 14, 16, 32], "node_range": 8.0, "x": 26.13287, "y": 34.347278}, "50": {"neighbours": [6], "node_range": 8.0, "x": 35.741049, "y": 7.52007}}