{"1": {"neighbours": [6, 33, 49], "node_range": 8.0, "x": 8.716825, "y": 42.546376}, "2": {"neighbours": [14, 24, 26], "node_range": 8.0, "x": 42.350193, "y": 49.570907}, "3": {"neighbours": [4, 31], "node_range": 8.0, "x": 33.795957, "y": 30.018922}, "4": {"neighbours": [3, 31], "node_range": 8.0, "x": 33.758513, "y": 30.225556}, "5": {"neighbours": [6, 17, 37, 39, 44, 48], "node_range": 8.0, "x": 2.873833, "y": 32.370402}, "6": {"neighbours": [1, 5, 39, 44, 49], "node_range": 8.0, "x": 8.696459, "y": 37.850814}, "7": {"neighbours": [23, 30, 48], "node_range": 8.0, "x": 10.714751, "y": 25.409985}, "8": {"neighbours": [35, 47], "node_range": 8.0, "x": 31.097148, "y": 11.477255}, "9": {"neighbours": [22, 25, 28], "node_range": 8.0, "x": 21.904179, "y": 42.392876}, "10": {"neighbours": [21, 36, 46], "node_range": 8.0, "x": 3.696602, "y": 1.918122}, "11": {"neighbours": [45], "node_range": 8.0, "x": 40.400985, "y": 17.27961}, "12": {"neighbours": [50], "node_range": 8.0, "x": 37.854726, "y": 2.298191}, "13": {"neighbours": [29], "node_range": 8.0, "x": 42.835986, "y": 29.478124}, "14": {"neighbours": [2, 24, 26], "node_range": 8.0, "x": 42.477243, "y": 48.5147}, "15": {"neighbours": [19, 20, 32, 38, 41], "node_range": 8.0, "x": 9.388375, "y": 15.350778}, "16": {"neighbours": [40, 43, 50], "node_range": 8.0, "x": 47.072199, "y": 2.266545}, "17": {"neighbours": [5, 37, 39, 44], "node_range": 8.0, "x": 0.142182, "y": 30.416582}, "18": {"neighbours": [21, 34], "node_range": 8.0, "x": 16.018787, "y": 2.582063}, "19": {"neighbours": [15, 20, 32, 36, 41], "node_range": 8.0, "x": 8.122875, "y": 12.907938}, "20": {"neighbours": [15, 19, 32, 38, 41], "node_range": 8.0, "x": 9.288267, "y": 15.040958}, "21": {"neighbours": [10, 18, 32, 36, 46], "node_range": 8.0, "x": 8.094141, "y": 2.361712}, "22": {"neighbours": [9, 25, 28], "node_range": 8.0, "x": 22.410814, "y": 47.743897}, "23": {"neighbours": [7, 30, 48], "node_range": 8.0, "x": 9.232021, "y": 25.622673}, "24": {"neighbours": [2, 14, 26], "node_range": 8.0, "x": 41.428299, "y": 49.694382}, "25": {"neighbours": [9, 22, 28, 42], "node_range": 8.0, "x": 24.684138, "y": 48.121201}, "26": {"neighbours": [2, 14, 24], "node_range": 8.0, "x": 38.86056, "y": 43.421611}, "27": {"neighbours": [49], "node_range": 8.0, "x": 16.168028, "y": 34.721686}, "28": {"neighbours": [9, 22, 25], "node_range": 8.0, "x": 23.505567, "y": 42.076834}, "29": {"neighbours": [13], "node_range": 8.0, "x": 46.782322, "y": 33.858433}, "30": {"neighbours": [7, 23, 48], "node_range": 8.0, "x": 13.056353, "y": 25.194612}, "31": {"neighbours": [3, 4], "node_range": 8.0, "x": 32.648385, "y": 33.167378}, "32": {"neighbours": [15, 19, 20, 21, 36, 41], "node_range": 8.0, "x": 7.794851, "y": 9.81889}, "33": {"neighbours": [1], "node_range": 8.0, "x": 8.305055, "y": 48.294989}, "34": {"neighbours": [18, 47], "node_range": 8.0, "x": 20.163651, "y": 2.459138}, "35": {"neighbours": [8, 47], "node_range": 8.0, "x": 29.748748, "y": 12.84747}, "36": {"neighbours": [10, 19, 21, 32, 46], "node_range": 8.0, "x": 8.439027, "y": 5.30994}, "37": {"neighbours": [5, 17, 48], "node_range": 8.0, "x": 1.015151, "y": 24.750665}, "38": {"neighbours": [15, 20, 41], "node_range": 8.0, "x": 17.090083, "y": 14.190213}, "39": {"neighbours": [5, 6, 17, 44], "node_range": 8.0, "x": 1.849167, "y": 35.253858}, "40": {"neighbours": [16, 43, 45, 50], "node_range": 8.0, "x": 44.49905, "y": 8.135703}, "41": {"neighbours": [15, 19, 20, 32, 38], "node_range": 8.0, "x": 12.607804, "y": 15.914333}, "42": {"neighbours": [25], "node_range": 8.0, "x": 31.114561, "y": 46.127743}, "43": {"neighbours": [16, 40, 50], "node_range": 8.0, "x": 47.594371, "y": 1.752456}, "44": {"neighbours": [5, 6, 17, 39], "node_range": 8.0, "x": 2.530817, "y": 36.178662}, "45": {"neighbours": [11, 40], "node_range": 8.0, "x": 39.781996, "y": 12.614463}, "46": {"neighbours": [10, 21, 36], "node_range": 8.0, "x": 7.096385, "y": 1.00328}, "47": {"neighbours": [8, 34, 35], "node_range": 8.0, "x": 25.668619, "y": 7.96587}, "48": {"neighbours": [5, 7, 23, 30, 37], "node_range": 8.0, "x": 6.371092, "y": 25.279892}, "49": {"neighbours": [1, 6, 27], "node_range": 8.0, "x": 10.631098, "y": 36.993383}, "50": {"neighbours": [12, 16, 40, 43], "node_range": 8.0, "x": 44.902514, "y": 5.056659}}