{"1": {"neighbours": [5, 14, 19, 21, 39, 43], "node_range": 8.0, "x": 48.158362, "y": 46.241308}, "2": {"neighbours": [11, 13, 18, 26, 34, 36], "node_range": 8.0, "x": 32.734056, "y": 29.53045}, "3": {"neighbours": [22, 24, 37, 42, 50], "node_range": 8.0, "x": 15.293923, "y": 42.80655}, "4": {"neighbours": [23, 35], "node_range": 8.0, "x": 4.991788, "y": 29.712982}, "5": {"neighbours": [1, 14, 19, 21, 30, 39, 43], "node_range": 8.0, "x": 46.533327, "y": 43.452036}, "6": {"neighbours": [15, 17], "node_range": 8.0, "x": 43.022364, "y": 16.581876}, "7": {"neighbours": [16], "node_range": 8.0, "x": 0.477787, "y": 6.420152}, "8": {"neighbours": [9, 17, 38, 46], "node_range": 8.0, "x": 32.611786, "y": 11.483684}, "9": {"neighbours": [8, 17, 32, 38, 46], "node_range": 8.0, "x": 30.431541, "y": 15.033277}, "10": {"neighbours": [16, 28, 45, 47, 49], "node_range": 8.0, "x": 9.606466, "y": 1.890321}, "11": {"neighbours": [2, 13, 26, 34, 36], "node_range": 8.0, "x": 30.655459, "y": 31.422016}, "12": {"neighbours": [34, 40], "node_range": 8.0, "x": 31.754655, "y": 42.016867}, "13": {"neighbours": [2, 11, 26, 34, 36], "node_range": 8.0, "x": 26.997188, "y": 30.182666}, "14": {"neighbours": [1, 5, 21, 39, 43], "node_range": 8.0, "x": 40.992401, "y": 45.748583}, "15": {"neighbours": [6, 17], "node_range": 8.0, "x": 41.719508, "y": 17.287604}, "16": {"neighbours": [7, 10, 28, 45, 47], "node_range": 8.0, "x": 5.902988, "y": 1.131506}, "17": {"neighbours": [6, 8, 9, 15, 46], "node_range": 8.0, "x": 37.03111, "y": 14.667385}, "18": {"neighbours": [2, 41], "node_range": 8.0, "x": 40.027159, "y": 29.848475}, "19": {"neighbours": [1, 5, 21, 39], "node_range": 8.0, "x": 49.589919, "y": 49.670953}, "20": {"neighbours": [25, 29], "node_range": 8.0, "x": 13.860931, "y": 28.39872}, "21": {"neighbours": [1, 5, 14, 19, 30, 39, 43], "node_range": 8.0, "x": 48.171414, "y": 43.062182}, "22": {"neighbours": [3, 40, 42], "node_range": 8.0, "x": 21.796886, "y": 42.75307}, "23": {"neighbours": [4], "node_range": 8.0, "x": 6.881192, "y": 22.166281}, "24": {"neighbours": [3, 37, 50], "node_range": 8.0, "x": 9.841161, "y": 42.97461}, "25": {"neighbours": [20, 29, 33], "node_range": 8.0, "x": 16.516154, "y": 22.120417}, "26": {"neighbours": [2, 11, 13, 34, 36], "node_range": 8.0, "x": 30.847286, "y": 30.659564}, "27": {"neighbours": [31], "node_range": 8.0, "x": 28.906674, "y": 0.356695}, "28": {"neighbours": [10, 16, 45, 47, 49], "node_range": 8.0, "x": 8.583667, "y": 0.727086}, "29": {"neighbours": [20, 25, 33], "node_range": 8.0, "x": 16.661043, "y": 21.749592}, "30": {"neighbours": [5, 21, 43], "node_range": 8.0, "x": 46.399288, "y": 38.022736}, "31": {"neighbours": [27, 32, 44, 48], "node_range": 8.0, "x": 25.41142, "y": 5.887614}, "32": {"neighbours": [9, 31, 38, 44, 48], "node_range": 8.0, "x": 23.375987, "y": 13.235293}, "33": {"neighbours": [25, 29], "node_range": 8.0, "x": 16.097832, "y": 18.457492}, "34": {"neighbours": [2, 11, 12, 13, 26], "node_range": 8.0, "x": 32.745464, "y": 34.819044}, "35": {"neighbours": [4], "node_range": 8.0, "x": 7.365002, "y": 33.48466}, "36": {"neighbours": [2, 11, 13, 26, 38], "node_range": 8.0, "x": 32.65089, "y": 24.864646}, "37": {"neighbours": [3, 24, 50], "node_range": 8.0, "x": 12.162101, "y": 47.242471}, "38": {"neighbours": [8, 9, 32, 36], "node_range": 8.0, "x": 29.676976, "y": 17.839523}, "39": {"neighbours": [1, 5, 14, 19, 21], "node_range": 8.0, "x": 43.027609, "y": 47.775169}, "40": {"neighbours": [12, 22], "node_range": 8.0, "x": 29.52843, "y": 43.742082}, "41": {"neighbours": [18], "node_range": 8.0, "x": 47.10465, "y": 26.572977}, "42": {"neighbours": [3, 22], "node_range": 8.0, "x": 20.692923, "y": 47.693846}, "43": {"neighbours": [1, 5, 14, 21, 30], "node_range": 8.0, "x": 45.165015, "y": 38.968507}, "44": {"neighbours": [31, 32, 48], "node_range": 8.0, "x": 24.097233, "y": 7.7048}, "45": {"neighbours": [10, 16, 28, 47, 49], "node_range": 8.0, "x": 9.142789, "y": 4.530664}, "46": {"neighbours": [8, 9, 17], "node_range": 8.0, "x": 34.341907, "y": 9.747696}, "47": {"neighbours": [10, 16, 28, 45], "node_range": 8.0, "x": 6.255623, "y": 0.800539}, "48": {"neighbours": [31, 32, 44], "node_range": 8.0, "x": 20.828618, "y": 10.843971}, "49": {"neighbours": [10, 28, 45], "node_range": 8.0, "x": 14.786123, "y": 2.957038}, "50": {"neighbours": [3, 24, 37], "node_range": 8.0, "x": 11.594441, "y": 42.635951}}