{"1": {"neighbours": [21, 35, 36], "node_range": 8.0, "x": 4.46138, "y": 30.510693}, "2": {"neighbours": [26], "node_range": 8.0, "x": 43.368599, "y": 45.087499}, "3": {"neighbours": [36], "node_range": 8.0, "x": 11.902306, "y": 38.179817}, "4": {"neighbours": [11, 37, 39], "node_range": 8.0, "x": 15.703418, "y": 25.32752}, "5": {"neighbours": [6, 16, 24, 37], "node_range": 8.0, "x": 25.736907, "y": 19.774096}, "6": {"neighbours": [5, 8], "node_range": 8.0, "x": 27.48759, "y": 27.481881}, "7": {"neighbours": [31], "node_range": 8.0, "x": 8.206556, "y": 8.224637}, "8": {"neighbours": [6, 15], "node_range": 8.0, "x": 30.319724, "y": 26.372959}, "9": {"neighbours": [31], "node_range": 8.0, "x": 1.092097, "y": 4.092569}, "10": {"neighbours": [29, 30, 32, 43], "node_range": 8.0, "x": 38.837715, "y": 1.276112}, "11": {"neighbours": [4, 39], "node_range": 8.0, "x": 17.114341, "y": 28.427492}, "12": {"neighbours": [25, 27, 28, 47, 48, 49], "node_range": 8.0, "x": 32.162048, "y": 44.832773}, "13": {"neighbours": [24], "node_range": 8.0, "x": 26.209056, "y": 6.566021}, "14": {"neighbours": [15, 33, 40, 41, 42, 45, 46], "node_range": 8.0, "x": 38.081748, "y": 16.591371}, "15": {"neighbours": [8, 14, 22, 42, 45, 50], "node_range": 8.0, "x": 35.097422, "y": 23.834387}, "16": {"neighbours": [5, 24, 33, 42, 46], "node_range": 8.0, "x": 28.336253, "y": 16.043192}, "17": {"neighbours": [23, 30, 40, 41, 43], "node_range": 8.0, "x": 46.939932, "y": 9.174416}, "18": {"neighbours": [34], "node_range": 8.0, "x": 40.313538, "y": 34.298464}, "19": {"neighbours": [20, 44], "node_range": 8.0, "x": 11.095418, "y": 48.578979}, "20": {"neighbours": [19, 38], "node_range": 8.0, "x": 17.758415, "y": 45.520511}, "21": {"neighbours": [1, 35], "node_range": 8.0, "x": 2.19645, "y": 26.016392}, "22": {"neighbours": [15, 45, 50], "node_range": 8.0, "x": 42.710824, "y": 23.963507}, "23": {"neighbours": [17, 30, 43], "node_range": 8.0, "x": 46.864458, "y": 4.499481}, "24": {"neighbours": [5, 13, 16, 33, 46], "node_range": 8.0, "x": 27.379871, "y": 12.404747}, "25": {"neighbours": [12, 28, 47, 48, 49], "node_range": 8.0, "x": 29.118256, "y": 40.101963}, "26": {"neighbours": [2], "node_range": 8.0, "x": 43.764228, "y": 47.582708}, "27": {"neighbours": [12, 28, 47, 48, 49], "node_range": 8.0, "x": 32.463948, "y": 49.641711}, "28": {"neighbours": [12, 25, 27, 47, 48, 49], "node_range": 8.0, "x": 29.462051, "y": 46.926121}, "29": {"neighbours": [10, 32], "node_range": 8.0, "x": 33.777252, "y": 0.823383}, "30": {"neighbours": [10, 17, 23, 43], "node_range": 8.0, "x": 42.840921, "y": 2.620523}, "31": {"neighbours": [7, 9], "node_range": 8.0, "x": 4.463145, "y": 1.422857}, "32": {"neighbours": [10, 29, 33, 40, 46], "node_range": 8.0, "x": 34.787682, "y": 7.382311}, "33": {"neighbours": [14, 16, 24, 32, 40, 42, 46], "node_range": 8.0, "x": 34.152438, "y": 10.641984}, "34": {"neighbours": [18], "node_range": 8.0, "x": 39.05932, "y": 36.138963}, "35": {"neighbours": [1, 21], "node_range": 8.0, "x": 5.558839, "y": 24.144164}, "36": {"neighbours": [1, 3, 39], "node_range": 8.0, "x": 10.270656, "y": 32.919473}, "37": {"neighbours": [4, 5], "node_range": 8.0, "x": 17.977941, "y": 20.351281}, "38": {"neighbours": [20], "node_range": 8.0, "x": 19.588372, "y": 47.896194}, "39": {"neighbours": [4, 11, 36], "node_range": 8.0, "x": 16.201423, "y": 30.362171}, "40": {"neighbours": [14, 17, 32, 33, 41, 42, 43, 46], "node_range": 8.0, "x": 39.54465, "y": 11.72639}, "41": {"neighbours": [14, 17, 40, 43], "node_range": 8.0, "x": 43.338842, "y": 13.273528}, "42": {"neighbours": [14, 15, 16, 33, 40, 45, 46], "node_range": 8.0, "x": 35.041783, "y": 17.621452}, "43": {"neighbours": [10, 17, 23, 30, 40, 41], "node_range": 8.0, "x": 44.050178, "y": 6.385787}, "44": {"neighbours": [19], "node_range": 8.0, "x": 5.511387, "y": 47.932063}, "45": {"neighbours": [14, 15, 22, 42, 50], "node_range": 8.0, "x": 40.415328, "y": 22.376577}, "46": {"neighbours": [14, 16, 24, 32, 33, 40, 42], "node_range": 8.0, "x": 33.96635, "y": 14.334038}, "47": {"neighbours": [12, 25, 27, 28, 48, 49], "node_range": 8.0, "x": 32.366868, "y": 46.963375}, "48": {"neighbours": [12, 25, 27, 28, 47, 49], "node_range": 8.0, "x": 32.129592, "y": 44.705334}, "49": {"neighbours": [12, 25, 27, 28, 47, 48], "node_range": 8.0, "x": 31.301749, "y": 44.060991}, "50": {"neighbours": [15, 22, 45], "node_range": 8.0, "x": 42.513605, "y": 23.969884}}