{"1": {"neighbours": [20, 35, 43, 44], "node_range": 8.0, "x": 11.190407, "y": 0.752259}, "2": {"neighbours": [20, 27, 35, 44, 45], "node_range": 8.0, "x": 12.700417, "y": 9.687051}, "3": {"neighbours": [8, 17], "node_range": 8.0, "x": 42.772833, "y": 9.430051}, "4": {"neighbours": [16, 31, 49], "node_range": 8.0, "x": 30.200696, "y": 24.711096}, "5": {"neighbours": [31], "node_range": 8.0, "x": 30.049774, "y": 33.683687}, "6": {"neighbours": [7, 23, 25, 34, 38], "node_range": 8.0, "x": 31.50049, "y": 1.660546}, "7": {"neighbours": [6, 19, 23, 34, 50], "node_range": 8.0, "x": 26.192843, "y": 3.778821}, "8": {"neighbours": [3, 17, 23, 38], "node_range": 8.0, "x": 35.473515, "y": 8.609709}, "9": {"neighbours": [15, 34], "node_range": 8.0, "x": 26.184136, "y": 12.331008}, "10": {"neighbours": [27, 33, 48], "node_range": 8.0, "x": 14.814178, "y": 17.474093}, "11": {"neighbours": [14, 28, 39, 46], "node_range": 8.0, "x": 45.142803, "y": 41.932693}, "12": {"neighbours": [24, 26, 29, 32, 41, 42], "node_range": 8.0, "x": 10.751989, "y": 44.723592}, "13": {"neighbours": [21, 30, 31], "node_range": 8.0, "x": 39.767887, "y": 27.672174}, "14": {"neighbours": [11, 18, 39], "node_range": 8.0, "x": 43.60124, "y": 47.657927}, "15": {"neighbours": [9, 16], "node_range": 8.0, "x": 28.229165, "y": 15.75633}, "16": {"neighbours": [4, 15, 49], "node_range": 8.0, "x": 25.848682, "y": 21.988649}, "17": {"neighbours": [3, 8, 38], "node_range": 8.0, "x": 40.846562, "y": 7.528133}, "18": {"neighbours": [14], "node_range": 8.0, "x": 48.930497, "y": 49.867143}, "19": {"neighbours": [7, 20, 34, 45, 50], "node_range": 8.0, "x": 19.986729, "y": 3.297006}, "20": {"neighbours": [1, 2, 19, 35, 44, 45], "node_range": 8.0, "x": 13.53462, "y": 3.390288}, "21": {"neighbours": [13, 30], "node_range": 8.0, "x": 42.540994, "y": 27.15527}, "22": {"neighbours": [48], "node_range": 8.0, "x": 12.354147, "y": 30.213108}, "23": {"neighbours": [6, 7, 8, 25, 34, 38], "node_range": 8.0, "x": 30.931967, "y": 4.727011}, "24": {"neighbours": [12, 26, 29, 41], "node_range": 8.0, "x": 14.188027, "y": 40.681374}, "25": {"neighbours": [6, 23, 38], "node_range": 8.0, "x": 36.569682, "y": 0.224711}, "26": {"neighbours": [12, 24, 41], "node_range": 8.0, "x": 18.500487, "y": 46.376693}, "27": {"neighbours": [2, 10, 33, 40, 45], "node_range": 8.0, "x": 12.118016, "y": 11.580223}, "28": {"neighbours": [11, 36, 39, 46, 47], "node_range": 8.0, "x": 37.775078, "y": 39.684395}, "29": {"neighbours": [12, 24, 32, 42], "node_range": 8.0, "x": 8.117055, "y": 39.057677}, "30": {"neighbours": [13, 21, 31, 46], "node_range": 8.0, "x": 42.59549, "y": 30.68146}, "31": {"neighbours": [4, 5, 13, 30, 49], "node_range": 8.0, "x": 34.782823, "y": 30.129695}, "32": {"neighbours": [12, 29, 42], "node_range": 8.0, "x": 4.702031, "y": 41.577403}, "33": {"neighbours": [10, 27, 48], "node_range": 8.0, "x": 17.736221, "y": 16.569193}, "34": {"neighbours": [6, 7, 9, 19, 23, 45, 50], "node_range": 8.0, "x": 26.060554, "y": 6.334582}, "35": {"neighbours": [1, 2, 20, 43, 44], "node_range": 8.0, "x": 7.541611, "y": 4.301352}, "36": {"neighbours": [28, 39, 46, 47], "node_range": 8.0, "x": 36.514422, "y": 41.785713}, "37": {"neighbours": [40], "node_range": 8.0, "x": 4.341677, "y": 13.842754}, "38": {"neighbours": [6, 8, 17, 23, 25], "node_range": 8.0, "x": 38.476103, "y": 2.368584}, "39": {"neighbours": [11, 14, 28, 36, 46, 47], "node_range": 8.0, "x": 43.197565, "y": 39.820154}, "40": {"neighbours": [27, 37], "node_range": 8.0, "x": 5.207909, "y": 13.273082}, "41": {"neighbours": [12, 24, 26], "node_range": 8.0, "x": 16.591132, "y": 46.619743}, "42": {"neighbours": [12, 29, 32], "node_range": 8.0, "x": 5.995226, "y": 38.696421}, "43": {"neighbours": [1, 35, 44], "node_range": 8.0, "x": 3.625399, "y": 2.439412}, "44": {"neighbours": [1, 2, 20, 35, 43], "node_range": 8.0, "x": 6.687655, "y": 4.806642}, "45": {"neighbours": [2, 19, 20, 27, 34], "node_range": 8.0, "x": 18.63223, "y": 7.437404}, "46": {"neighbours": [11, 28, 30, 36, 39, 47], "node_range": 8.0, "x": 40.412406, "y": 36.173554}, "47": {"neighbours": [28, 36, 39, 46], "node_range": 8.0, "x": 36.530707, "y": 43.113213}, "48": {"neighbours": [10, 22, 33], "node_range": 8.0, "x": 14.020022, "y": 23.472175}, "49": {"neighbours": [4, 16, 31], "node_range": 8.0, "x": 30.843502, "y": 24.291174}, "50": {"neighbours": [7, 19, 34], "node_range": 8.0, "x": 22.742666, "y": 0.513394}}