{"1": {"neighbours": [3, 4, 7, 8, 10, 20, 23, 28, 49], "node_range": 9.0, "x": 9.19069, "y": 8.176827}, "2": {"neighbours": [26, 30, 32, 38, 47], "node_range": 9.0, "x": 28.638572, "y": 41.79528}, "3": {"neighbours": [1, 4, 7, 8, 10, 23, 28, 41, 49], "node_range": 9.0, "x": 7.518207, "y": 3.269563}, "4": {"neighbours": [1, 3, 7, 8, 10, 20, 23, 28, 49], "node_range": 9.0, "x": 9.646146, "y": 8.319889}, "5": {"neighbours": [6, 36], "node_range": 9.0, "x": 0.33982, "y": 39.450685}, "6": {"neighbours": [5, 36], "node_range": 9.0, "x": 5.551817, "y": 44.299002}, "7": {"neighbours": [1, 3, 4, 10, 20, 23, 28, 40, 49], "node_range": 9.0, "x": 12.059917, "y": 6.414059}, "8": {"neighbours": [1, 3, 4, 10, 28, 41], "node_range": 9.0, "x": 1.483037, "y": 6.527897}, "9": {"neighbours": [18, 19, 43, 45, 50], "node_range": 9.0, "x": 6.989692, "y": 26.956038}, "10": {"neighbours": [1, 3, 4, 7, 8, 20, 23, 28, 49], "node_range": 9.0, "x": 8.890558, "y": 9.107975}, "11": {"neighbours": [17, 24, 25, 34, 46], "node_range": 9.0, "x": 35.115263, "y": 4.692188}, "12": {"neighbours": [33, 37, 48], "node_range": 9.0, "x": 44.843272, "y": 40.589386}, "13": {"neighbours": [21, 22, 26, 39, 44], "node_range": 9.0, "x": 33.013004, "y": 25.467649}, "14": {"neighbours": [29, 40], "node_range": 9.0, "x": 23.866445, "y": 5.488771}, "15": {"neighbours": [47], "node_range": 9.0, "x": 38.313872, "y": 47.778259}, "16": {"neighbours": [22, 39], "node_range": 9.0, "x": 20.739411, "y": 22.959572}, "17": {"neighbours": [11, 24, 25, 27, 34, 46], "node_range": 9.0, "x": 37.20521, "y": 5.661268}, "18": {"neighbours": [9, 45, 50], "node_range": 9.0, "x": 2.352413, "y": 28.503092}, "19": {"neighbours": [9, 45, 50], "node_range": 9.0, "x": 14.767637, "y": 29.893751}, "20": {"neighbours": [1, 4, 7, 10, 23, 49], "node_range": 9.0, "x": 13.591972, "y": 10.291111}, "21": {"neighbours": [13, 27, 44], "node_range": 9.0, "x": 32.774442, "y": 17.251731}, "22": {"neighbours": [13, 16, 39], "node_range": 9.0, "x": 24.67594, "y": 22.436481}, "23": {"neighbours": [1, 3, 4, 7, 10, 20, 40, 49], "node_range": 9.0, "x": 14.383346, "y": 8.895901}, "24": {"neighbours": [11, 17, 25, 34, 46], "node_range": 9.0, "x": 34.88492, "y": 2.711874}, "25": {"neighbours": [11, 17, 24, 27, 34, 46], "node_range": 9.0, "x": 40.309865, "y": 7.614092}, "26": {"neighbours": [2, 13, 30], "node_range": 9.0, "x": 32.220991, "y": 34.022874}, "27": {"neighbours": [17, 21, 25, 42], "node_range": 9.0, "x": 39.265538, "y": 13.392199}, "28": {"neighbours": [1, 3, 4, 7, 8, 10, 41, 49], "node_range": 9.0, "x": 4.366027, "y": 5.3264}, "29": {"neighbours": [14], "node_range": 9.0, "x": 23.843435, "y": 9.915997}, "30": {"neighbours": [2, 26, 32, 39], "node_range": 9.0, "x": 28.862744, "y": 33.563923}, "31": {"neighbours": [35, 37, 42], "node_range": 9.0, "x": 47.484973, "y": 25.011656}, "32": {"neighbours": [2, 30, 38], "node_range": 9.0, "x": 22.273401, "y": 37.626085}, "33": {"neighbours": [12, 37, 48], "node_range": 9.0, "x": 49.255734, "y": 41.006177}, "34": {"neighbours": [11, 17, 24, 25, 46], "node_range": 9.0, "x": 36.826028, "y": 1.188538}, "35": {"neighbours": [31, 37, 42], "node_range": 9.0, "x": 45.122806, "y": 26.838936}, "36": {"neighbours": [5, 6], "node_range": 9.0, "x": 1.844617, "y": 43.528482}, "37": {"neighbours": [12, 31, 33, 35], "node_range": 9.0, "x": 48.373981, "y": 33.203125}, "38": {"neighbours": [2, 32], "node_range": 9.0, "x": 20.443792, "y": 44.909614}, "39": {"neighbours": [13, 16, 22, 30], "node_range": 9.0, "x": 24.90813, "y": 25.78741}, "40": {"neighbours": [7, 14, 23, 49], "node_range": 9.0, "x": 17.352661, "y": 2.092476}, "41": {"neighbours": [3, 8, 28], "node_range": 9.0, "x": 3.415744, "y": 0.296476}, "42": {"neighbours": [27, 31, 35], "node_range": 9.0, "x": 43.085722, "y": 19.304455}, "43": {"neighbours": [9], "node_range": 9.0, "x": 7.389903, "y": 18.412593}, "44": {"neighbours": [13, 21], "node_range": 9.0, "x": 34.552993, "y": 23.861973}, "45": {"neighbours": [9, 18, 19, 50], "node_range": 9.0, "x": 9.544752, "y": 28.841673}, "46": {"neighbours": [11, 17, 24, 25, 34], "node_range": 9.0, "x": 40.109316, "y": 1.695764}, "47": {"neighbours": [2, 15], "node_range": 9.0, "x": 33.299768, "y": 44.533036}, "48": {"neighbours": [12, 33], "node_range": 9.0, "x": 47.590196, "y": 44.928892}, "49": {"neighbours": [1, 3, 4, 7, 10, 20, 23, 28, 40], "node_range": 9.0, "x": 12.948706, "y": 3.024335}, "50": {"neighbours": [9, 18, 19, 45], "node_range": 9.0, "x": 10.092261, "y": 29.516998}}