{"1": {"neighbours": [29, 41, 44], "node_range": 9.0, "x": 8.78665, "y": 45.88712}, "2": {"neighbours": [20, 33, 36, 41], "node_range": 9.0, "x": 13.624911, "y": 31.949842}, "3": {"neighbours": [6, 23], "node_range": 9.0, "x": 49.904978, "y": 45.391099}, "4": {"neighbours": [38, 45, 48, 50], "node_range": 9.0, "x": 30.275463, "y": 13.528785}, "5": {"neighbours": [8, 25, 37, 49], "node_range": 9.0, "x": 29.326075, "y": 43.325553}, "6": {"neighbours": [3, 10, 23, 25], "node_range": 9.0, "x": 41.694472, "y": 44.649593}, "7": {"neighbours": [33, 35], "node_range": 9.0, "x": 17.659592, "y": 21.662524}, "8": {"neighbours": [5], "node_range": 9.0, "x": 31.151505, "y": 49.810924}, "9": {"neighbours": [11, 19, 31], "node_range": 9.0, "x": 49.191212, "y": 20.224399}, "10": {"neighbours": [6, 25, 30], "node_range": 9.0, "x": 38.211626, "y": 38.297707}, "11": {"neighbours": [9, 19, 39], "node_range": 9.0, "x": 46.125499, "y": 16.971348}, "12": {"neighbours": [17, 42], "node_range": 9.0, "x": 0.963565, "y": 26.529586}, "13": {"neighbours": [21, 27, 46, 47], "node_range": 9.0, "x": 5.035095, "y": 11.914593}, "14": {"neighbours": [15, 22, 24, 28, 39], "node_range": 9.0, "x": 47.071144, "y": 2.663327}, "15": {"neighbours": [14, 19, 22, 24, 28, 39], "node_range": 9.0, "x": 45.298075, "y": 7.502148}, "16": {"neighbours": [27, 35], "node_range": 9.0, "x": 18.59112, "y": 12.029285}, "17": {"neighbours": [12, 42], "node_range": 9.0, "x": 5.138163, "y": 26.967172}, "18": {"neighbours": [30, 43], "node_range": 9.0, "x": 37.589974, "y": 24.137832}, "19": {"neighbours": [9, 11, 15, 22, 39, 45], "node_range": 9.0, "x": 46.225242, "y": 13.587617}, "20": {"neighbours": [2, 41], "node_range": 9.0, "x": 11.466281, "y": 36.758298}, "21": {"neighbours": [13, 46, 47], "node_range": 9.0, "x": 2.463519, "y": 6.936627}, "22": {"neighbours": [14, 15, 19, 24, 28, 39, 45], "node_range": 9.0, "x": 44.806685, "y": 7.474799}, "23": {"neighbours": [3, 6], "node_range": 9.0, "x": 47.060289, "y": 44.796475}, "24": {"neighbours": [14, 15, 22], "node_range": 9.0, "x": 49.753245, "y": 1.551662}, "25": {"neighbours": [5, 6, 10], "node_range": 9.0, "x": 36.726539, "y": 40.867469}, "26": {"neighbours": [34], "node_range": 9.0, "x": 26.160025, "y": 2.229097}, "27": {"neighbours": [13, 16, 46, 47], "node_range": 9.0, "x": 11.350116, "y": 10.241477}, "28": {"neighbours": [14, 15, 22, 34, 39], "node_range": 9.0, "x": 39.889161, "y": 3.756225}, "29": {"neighbours": [1, 44], "node_range": 9.0, "x": 6.925118, "y": 48.686301}, "30": {"neighbours": [10, 18, 43], "node_range": 9.0, "x": 38.439039, "y": 30.326133}, "31": {"neighbours": [9], "node_range": 9.0, "x": 49.532075, "y": 25.754551}, "32": {"neighbours": [33, 36, 37, 40], "node_range": 9.0, "x": 23.550478, "y": 30.47229}, "33": {"neighbours": [2, 7, 32], "node_range": 9.0, "x": 16.392459, "y": 26.888589}, "34": {"neighbours": [26, 28, 50], "node_range": 9.0, "x": 33.297667, "y": 3.197775}, "35": {"neighbours": [7, 16, 48], "node_range": 9.0, "x": 21.767996, "y": 18.999169}, "36": {"neighbours": [2, 32, 37, 40, 49], "node_range": 9.0, "x": 21.878463, "y": 34.593842}, "37": {"neighbours": [5, 32, 36, 40, 49], "node_range": 9.0, "x": 29.066463, "y": 36.042858}, "38": {"neighbours": [4, 45, 48, 50], "node_range": 9.0, "x": 29.461734, "y": 12.913395}, "39": {"neighbours": [11, 14, 15, 19, 22, 28, 45], "node_range": 9.0, "x": 43.916034, "y": 9.746784}, "40": {"neighbours": [32, 36, 37, 49], "node_range": 9.0, "x": 26.875783, "y": 33.433982}, "41": {"neighbours": [1, 2, 20], "node_range": 9.0, "x": 12.222655, "y": 38.361003}, "42": {"neighbours": [12, 17], "node_range": 9.0, "x": 5.490802, "y": 21.340981}, "43": {"neighbours": [18, 30], "node_range": 9.0, "x": 35.222833, "y": 27.138625}, "44": {"neighbours": [1, 29], "node_range": 9.0, "x": 14.376888, "y": 49.508889}, "45": {"neighbours": [4, 19, 22, 38, 39, 50], "node_range": 9.0, "x": 37.9484, "y": 13.026362}, "46": {"neighbours": [13, 21, 27, 47], "node_range": 9.0, "x": 6.959221, "y": 10.853739}, "47": {"neighbours": [13, 21, 27, 46], "node_range": 9.0, "x": 5.07668, "y": 7.58917}, "48": {"neighbours": [4, 35, 38, 50], "node_range": 9.0, "x": 27.982092, "y": 17.34919}, "49": {"neighbours": [5, 36, 37, 40], "node_range": 9.0, "x": 24.804151, "y": 41.287322}, "50": {"neighbours": [4, 34, 38, 45, 48], "node_range": 9.0, "x": 33.321144, "y": 11.008046}}