{"1": {"neighbours": [6, 14, 15, 32, 36, 37, 48], "node_range": 9.0, "x": 42.242204, "y": 29.846463}, "2": {"neighbours": [13, 29, 43, 49], "node_range": 9.0, "x": 39.405151, "y": 47.471489}, "3": {"neighbours": [30, 44], "node_range": 9.0, "x": 6.788026, "y": 7.38017}, "4": {"neighbours": [7, 12, 31, 34, 39], "node_range": 9.0, "x": 30.110833, "y": 11.543426}, "5": {"neighbours": [9, 26], "node_range": 9.0, "x": 21.224789, "y": 48.100776}, "6": {"neighbours": [1, 14, 15, 32, 36, 37, 48], "node_range": 9.0, "x": 45.782491, "y": 30.912609}, "7": {"neighbours": [4, 12, 28, 31, 34, 39], "node_range": 9.0, "x": 33.836297, "y": 14.007606}, "8": {"neighbours": [22, 28, 36, 45], "node_range": 9.0, "x": 31.720689, "y": 25.14123}, "9": {"neighbours": [5, 26], "node_range": 9.0, "x": 24.67863, "y": 46.730772}, "10": {"neighbours": [11, 23, 27, 47], "node_range": 9.0, "x": 10.678122, "y": 19.815136}, "11": {"neighbours": [10, 17, 23, 27, 47], "node_range": 9.0, "x": 3.29411, "y": 22.370659}, "12": {"neighbours": [4, 7, 28, 31, 34], "node_range": 9.0, "x": 35.854677, "y": 14.420751}, "13": {"neighbours": [2, 29, 43], "node_range": 9.0, "x": 43.89757, "y": 45.793349}, "14": {"neighbours": [1, 6, 15, 29, 36, 37, 48], "node_range": 9.0, "x": 44.400667, "y": 33.275014}, "15": {"neighbours": [1, 6, 14, 32, 37, 48, 50], "node_range": 9.0, "x": 47.33196, "y": 28.043475}, "16": {"neighbours": [18, 24, 25], "node_range": 9.0, "x": 47.134691, "y": 11.436716}, "17": {"neighbours": [11, 23, 47], "node_range": 9.0, "x": 4.078403, "y": 29.13495}, "18": {"neighbours": [16, 28, 32, 37, 50], "node_range": 9.0, "x": 44.547591, "y": 18.142904}, "19": {"neighbours": [21, 40, 41, 42], "node_range": 9.0, "x": 4.584547, "y": 38.540252}, "20": {"neighbours": [40, 42], "node_range": 9.0, "x": 14.476292, "y": 36.31882}, "21": {"neighbours": [19, 41], "node_range": 9.0, "x": 2.331392, "y": 43.110755}, "22": {"neighbours": [8, 45], "node_range": 9.0, "x": 26.376058, "y": 20.258585}, "23": {"neighbours": [10, 11, 17, 27, 38, 47], "node_range": 9.0, "x": 8.278964, "y": 27.523683}, "24": {"neighbours": [16, 25, 35, 46], "node_range": 9.0, "x": 46.126779, "y": 6.421996}, "25": {"neighbours": [16, 24, 35, 46], "node_range": 9.0, "x": 41.599546, "y": 4.388843}, "26": {"neighbours": [5, 9, 33, 49], "node_range": 9.0, "x": 26.566857, "y": 41.861122}, "27": {"neighbours": [10, 11, 23, 38, 47], "node_range": 9.0, "x": 10.992795, "y": 22.188305}, "28": {"neighbours": [7, 8, 12, 18, 31, 32, 37, 50], "node_range": 9.0, "x": 39.087851, "y": 20.807196}, "29": {"neighbours": [2, 13, 14, 43, 49], "node_range": 9.0, "x": 40.431477, "y": 41.278076}, "30": {"neighbours": [3, 44], "node_range": 9.0, "x": 2.819176, "y": 1.586887}, "31": {"neighbours": [4, 7, 12, 28, 34, 39], "node_range": 9.0, "x": 35.299469, "y": 12.814004}, "32": {"neighbours": [1, 6, 15, 18, 28, 37, 50], "node_range": 9.0, "x": 44.364551, "y": 23.676392}, "33": {"neighbours": [26, 45], "node_range": 9.0, "x": 24.010818, "y": 33.367977}, "34": {"neighbours": [4, 7, 12, 31, 39], "node_range": 9.0, "x": 33.385287, "y": 10.604083}, "35": {"neighbours": [24, 25, 46], "node_range": 9.0, "x": 48.545794, "y": 0.106528}, "36": {"neighbours": [1, 6, 8, 14, 37], "node_range": 9.0, "x": 38.265529, "y": 30.679317}, "37": {"neighbours": [1, 6, 14, 15, 18, 28, 32, 36, 48, 50], "node_range": 9.0, "x": 45.24221, "y": 27.02196}, "38": {"neighbours": [23, 27], "node_range": 9.0, "x": 17.028203, "y": 26.80103}, "39": {"neighbours": [4, 7, 31, 34], "node_range": 9.0, "x": 28.183813, "y": 9.603565}, "40": {"neighbours": [19, 20, 42], "node_range": 9.0, "x": 13.422677, "y": 38.731698}, "41": {"neighbours": [19, 21, 42], "node_range": 9.0, "x": 7.632532, "y": 45.977758}, "42": {"neighbours": [19, 20, 40, 41], "node_range": 9.0, "x": 10.721932, "y": 37.963837}, "43": {"neighbours": [2, 13, 29, 49], "node_range": 9.0, "x": 42.996734, "y": 45.8054}, "44": {"neighbours": [3, 30], "node_range": 9.0, "x": 0.220936, "y": 6.337016}, "45": {"neighbours": [8, 22, 33], "node_range": 9.0, "x": 26.09115, "y": 26.476627}, "46": {"neighbours": [24, 25, 35], "node_range": 9.0, "x": 41.416369, "y": 3.836569}, "47": {"neighbours": [10, 11, 17, 23, 27], "node_range": 9.0, "x": 7.600001, "y": 25.101103}, "48": {"neighbours": [1, 6, 14, 15, 37], "node_range": 9.0, "x": 49.323444, "y": 34.195381}, "49": {"neighbours": [2, 26, 29, 43], "node_range": 9.0, "x": 34.253301, "y": 43.893009}, "50": {"neighbours": [15, 18, 28, 32, 37], "node_range": 9.0, "x": 45.598071, "y": 21.246189}}