{"1": {"neighbours": [12, 13, 19, 24, 27, 29, 33, 47, 50], "node_range": 9.0, "x": 36.292837, "y": 40.276986}, "2": {"neighbours": [5, 8, 11, 14, 41, 43, 44, 49], "node_range": 9.0, "x": 41.23105, "y": 21.406346}, "3": {"neighbours": [7, 18, 20, 25, 32], "node_range": 9.0, "x": 16.277869, "y": 29.548034}, "4": {"neighbours": [12], "node_range": 9.0, "x": 26.847698, "y": 48.422681}, "5": {"neighbours": [2, 14, 17, 41, 49], "node_range": 9.0, "x": 48.347313, "y": 20.74119}, "6": {"neighbours": [21, 22, 26], "node_range": 9.0, "x": 42.524803, "y": 6.893283}, "7": {"neighbours": [3, 18, 20, 25, 32, 38], "node_range": 9.0, "x": 15.085779, "y": 34.685259}, "8": {"neighbours": [2, 13, 16, 17, 29, 41, 43, 44, 49], "node_range": 9.0, "x": 41.00348, "y": 27.612958}, "9": {"neighbours": [34, 40, 45], "node_range": 9.0, "x": 22.472698, "y": 10.972837}, "10": {"neighbours": [36, 40], "node_range": 9.0, "x": 11.170013, "y": 8.735465}, "11": {"neighbours": [2, 14, 41, 42, 43, 49], "node_range": 9.0, "x": 37.632833, "y": 17.241932}, "12": {"neighbours": [1, 4, 46, 47], "node_range": 9.0, "x": 27.901889, "y": 40.499077}, "13": {"neighbours": [1, 8, 16, 24, 29, 33, 44, 47, 50], "node_range": 9.0, "x": 36.443123, "y": 33.834895}, "14": {"neighbours": [2, 5, 11, 21, 41, 49], "node_range": 9.0, "x": 45.181826, "y": 19.003651}, "15": {"neighbours": [25, 48], "node_range": 9.0, "x": 7.195071, "y": 29.084697}, "16": {"neighbours": [8, 13, 24, 29, 43, 44, 49], "node_range": 9.0, "x": 35.054358, "y": 29.166371}, "17": {"neighbours": [5, 8], "node_range": 9.0, "x": 49.140936, "y": 29.056941}, "18": {"neighbours": [3, 7, 20, 25, 32, 38], "node_range": 9.0, "x": 16.39035, "y": 32.188226}, "19": {"neighbours": [1, 27, 33, 37, 50], "node_range": 9.0, "x": 38.97463, "y": 45.204551}, "20": {"neighbours": [3, 7, 18, 32, 45], "node_range": 9.0, "x": 17.681761, "y": 26.403683}, "21": {"neighbours": [6, 14, 22], "node_range": 9.0, "x": 47.732678, "y": 11.421305}, "22": {"neighbours": [6, 21, 26], "node_range": 9.0, "x": 44.496724, "y": 9.219497}, "23": {"neighbours": [31], "node_range": 9.0, "x": 26.286465, "y": 2.376741}, "24": {"neighbours": [1, 13, 16, 29, 33, 44, 47, 50], "node_range": 9.0, "x": 37.715098, "y": 36.142439}, "25": {"neighbours": [3, 7, 15, 18, 32, 38, 39], "node_range": 9.0, "x": 9.380693, "y": 33.615824}, "26": {"neighbours": [6, 22], "node_range": 9.0, "x": 48.990145, "y": 1.775159}, "27": {"neighbours": [1, 19, 37], "node_range": 9.0, "x": 36.407908, "y": 47.882084}, "28": {"neighbours": [36], "node_range": 9.0, "x": 0.096562, "y": 5.811965}, "29": {"neighbours": [1, 8, 13, 16, 24, 43, 44, 47, 50], "node_range": 9.0, "x": 35.555423, "y": 31.773577}, "30": {"neighbours": [39], "node_range": 9.0, "x": 0.657443, "y": 43.75273}, "31": {"neighbours": [23, 40], "node_range": 9.0, "x": 23.57434, "y": 1.930209}, "32": {"neighbours": [3, 7, 18, 20, 25, 38, 46], "node_range": 9.0, "x": 17.580446, "y": 33.019281}, "33": {"neighbours": [1, 13, 19, 24, 50], "node_range": 9.0, "x": 42.998207, "y": 37.850135}, "34": {"neighbours": [9, 42], "node_range": 9.0, "x": 29.295811, "y": 13.673691}, "35": {"neighbours": [48], "node_range": 9.0, "x": 5.433203, "y": 18.760309}, "36": {"neighbours": [10, 28], "node_range": 9.0, "x": 5.832603, "y": 2.612388}, "37": {"neighbours": [19, 27], "node_range": 9.0, "x": 43.576999, "y": 47.99725}, "38": {"neighbours": [7, 18, 25, 32], "node_range": 9.0, "x": 11.292987, "y": 39.338355}, "39": {"neighbours": [25, 30], "node_range": 9.0, "x": 1.381404, "y": 37.513903}, "40": {"neighbours": [9, 10, 31], "node_range": 9.0, "x": 18.021529, "y": 6.278165}, "41": {"neighbours": [2, 5, 8, 11, 14, 43, 49], "node_range": 9.0, "x": 40.961969, "y": 19.327744}, "42": {"neighbours": [11, 34], "node_range": 9.0, "x": 33.124736, "y": 13.633997}, "43": {"neighbours": [2, 8, 11, 16, 29, 41, 44, 49], "node_range": 9.0, "x": 34.881714, "y": 23.10528}, "44": {"neighbours": [2, 8, 13, 16, 24, 29, 43, 49, 50], "node_range": 9.0, "x": 38.579492, "y": 29.583418}, "45": {"neighbours": [9, 20], "node_range": 9.0, "x": 16.903032, "y": 17.514965}, "46": {"neighbours": [12, 32, 47], "node_range": 9.0, "x": 26.120227, "y": 34.435862}, "47": {"neighbours": [1, 12, 13, 24, 29, 46, 50], "node_range": 9.0, "x": 32.49159, "y": 38.283055}, "48": {"neighbours": [15, 35], "node_range": 9.0, "x": 6.896369, "y": 22.603951}, "49": {"neighbours": [2, 5, 8, 11, 14, 16, 41, 43, 44], "node_range": 9.0, "x": 40.062393, "y": 23.890031}, "50": {"neighbours": [1, 13, 19, 24, 29, 33, 44, 47], "node_range": 9.0, "x": 39.321274, "y": 37.948112}}