{"1": {"neighbours": [10, 15, 29, 43, 44], "node_range": 9.0, "x": 32.443745, "y": 34.833859}, "2": {"neighbours": [6, 14, 20, 22, 23, 25, 30, 38, 47], "node_range": 9.0, "x": 20.102789, "y": 9.188539}, "3": {"neighbours": [7, 27], "node_range": 9.0, "x": 45.502536, "y": 12.938293}, "4": {"neighbours": [7, 8, 18, 43], "node_range": 9.0, "x": 42.657165, "y": 21.723075}, "5": {"neighbours": [19, 42], "node_range": 9.0, "x": 0.593014, "y": 43.08398}, "6": {"neighbours": [2, 13, 14, 20, 25, 28, 30, 32, 38], "node_range": 9.0, "x": 28.573306, "y": 10.854114}, "7": {"neighbours": [3, 4, 13, 28, 32], "node_range": 9.0, "x": 39.85567, "y": 17.193265}, "8": {"neighbours": [4, 21, 43], "node_range": 9.0, "x": 34.422993, "y": 25.028311}, "9": {"neighbours": [48], "node_range": 9.0, "x": 29.727211, "y": 49.937414}, "10": {"neighbours": [1, 15, 29, 44, 48], "node_range": 9.0, "x": 30.361741, "y": 37.509486}, "11": {"neighbours": [22, 23, 26, 33, 36, 40, 47], "node_range": 9.0, "x": 11.441543, "y": 16.941204}, "12": {"neighbours": [16, 26, 37, 40, 50], "node_range": 9.0, "x": 2.321497, "y": 6.616672}, "13": {"neighbours": [6, 7, 28, 32], "node_range": 9.0, "x": 35.483707, "y": 11.031872}, "14": {"neighbours": [2, 6, 22, 30, 33, 38], "node_range": 9.0, "x": 23.62567, "y": 17.073014}, "15": {"neighbours": [1, 10, 21, 49], "node_range": 9.0, "x": 26.899646, "y": 32.501458}, "16": {"neighbours": [12, 37, 50], "node_range": 9.0, "x": 0.867856, "y": 2.353478}, "17": {"neighbours": [35, 45], "node_range": 9.0, "x": 16.991273, "y": 43.547975}, "18": {"neighbours": [4], "node_range": 9.0, "x": 47.637217, "y": 22.273211}, "19": {"neighbours": [5, 42], "node_range": 9.0, "x": 6.184986, "y": 49.250096}, "20": {"neighbours": [2, 6, 25, 30, 38], "node_range": 9.0, "x": 27.686099, "y": 4.958023}, "21": {"neighbours": [8, 15], "node_range": 9.0, "x": 29.350951, "y": 24.773934}, "22": {"neighbours": [2, 11, 14, 23, 25, 30, 33, 36, 38, 47], "node_range": 9.0, "x": 17.829627, "y": 16.342245}, "23": {"neighbours": [2, 11, 22, 25, 30, 38, 39, 47], "node_range": 9.0, "x": 16.284625, "y": 9.694352}, "24": {"neighbours": [43], "node_range": 9.0, "x": 47.469692, "y": 33.940679}, "25": {"neighbours": [2, 6, 20, 22, 23, 30, 38, 47], "node_range": 9.0, "x": 20.836646, "y": 8.023822}, "26": {"neighbours": [11, 12, 36, 40, 50], "node_range": 9.0, "x": 2.700976, "y": 15.253587}, "27": {"neighbours": [3], "node_range": 9.0, "x": 49.563891, "y": 7.872474}, "28": {"neighbours": [6, 7, 13, 32], "node_range": 9.0, "x": 34.87816, "y": 15.138656}, "29": {"neighbours": [1, 10, 43, 44], "node_range": 9.0, "x": 39.269231, "y": 37.755988}, "30": {"neighbours": [2, 6, 14, 20, 22, 23, 25, 33, 38, 47], "node_range": 9.0, "x": 22.767537, "y": 10.677229}, "31": {"neighbours": [34, 36, 46], "node_range": 9.0, "x": 9.342696, "y": 26.965481}, "32": {"neighbours": [6, 7, 13, 28], "node_range": 9.0, "x": 36.765768, "y": 9.115555}, "33": {"neighbours": [11, 14, 22, 30, 47], "node_range": 9.0, "x": 19.122113, "y": 18.77097}, "34": {"neighbours": [31, 46], "node_range": 9.0, "x": 4.477647, "y": 31.900344}, "35": {"neighbours": [17, 45], "node_range": 9.0, "x": 16.226669, "y": 44.958959}, "36": {"neighbours": [11, 22, 26, 31, 40], "node_range": 9.0, "x": 9.977211, "y": 20.064732}, "37": {"neighbours": [12, 16, 39, 41, 50], "node_range": 9.0, "x": 8.731806, "y": 4.299492}, "38": {"neighbours": [2, 6, 14, 20, 22, 23, 25, 30, 47], "node_range": 9.0, "x": 22.261239, "y": 9.130668}, "39": {"neighbours": [23, 37, 41], "node_range": 9.0, "x": 13.516432, "y": 1.44716}, "40": {"neighbours": [11, 12, 26, 36, 50], "node_range": 9.0, "x": 3.85129, "y": 13.626072}, "41": {"neighbours": [37, 39], "node_range": 9.0, "x": 10.410126, "y": 1.811623}, "42": {"neighbours": [5, 19], "node_range": 9.0, "x": 5.719554, "y": 40.97334}, "43": {"neighbours": [1, 4, 8, 24, 29], "node_range": 9.0, "x": 39.744416, "y": 30.174565}, "44": {"neighbours": [1, 10, 29], "node_range": 9.0, "x": 35.410596, "y": 40.173994}, "45": {"neighbours": [17, 35, 49], "node_range": 9.0, "x": 14.655717, "y": 36.204293}, "46": {"neighbours": [31, 34], "node_range": 9.0, "x": 4.861738, "y": 30.263467}, "47": {"neighbours": [2, 11, 22, 23, 25, 30, 33, 38], "node_range": 9.0, "x": 16.09887, "y": 11.579424}, "48": {"neighbours": [9, 10], "node_range": 9.0, "x": 26.124076, "y": 43.749598}, "49": {"neighbours": [15, 45], "node_range": 9.0, "x": 21.867714, "y": 32.852957}, "50": {"neighbours": [12, 16, 26, 37, 40], "node_range": 9.0, "x": 1.917686, "y": 7.999925}}