{"1": {"neighbours": [4, 12, 25, 28, 78], "node_range": 20, "x": 68.700926, "y": 86.346991}, "2": {"neighbours": [14, 21, 59, 61, 80, 85], "node_range": 20, "x": 58.480006, "y": 111.786013}, "3": {"neighbours": [15, 30, 57, 81, 87, 96, 123], "node_range": 20, "x": 113.888827, "y": 145.051363}, "4": {"neighbours": [1, 12, 28, 46, 66, 78, 82], "node_range": 20, "x": 80.519958, "y": 77.513465}, "5": {"neighbours": [26, 34, 41, 42, 74, 76], "node_range": 20, "x": 66.311326, "y": 24.795275}, "6": {"neighbours": [9, 40, 49, 58, 95, 97, 110, 140], "node_range": 20, "x": 14.513034, "y": 123.899597}, "7": {"neighbours": [10, 19, 39, 47, 52, 56, 67, 75, 77, 99, 101, 111, 119, 125, 135, 147], "node_range": 20, "x": 127.668237, "y": 20.824169}, "8": {"neighbours": [22, 145], "node_range": 20, "x": 1.332735, "y": 60.819673}, "9": {"neighbours": [6, 40, 58, 93, 95, 97, 105, 140, 144], "node_range": 20, "x": 23.713827, "y": 109.014772}, "10": {"neighbours": [7, 19, 39, 52, 56, 67, 77, 99, 101, 119, 131, 135, 147], "node_range": 20, "x": 121.893467, "y": 29.675381}, "11": {"neighbours": [17, 47, 133, 139], "node_range": 20, "x": 96.779224, "y": 3.690562}, "12": {"neighbours": [1, 4, 28, 46, 78, 83, 90, 126], "node_range": 20, "x": 68.421459, "y": 69.022069}, "13": {"neighbours": [15, 24, 43, 57, 64, 96, 123, 136], "node_range": 20, "x": 135.411349, "y": 135.904867}, "14": {"neighbours": [2, 59, 61, 85], "node_range": 20, "x": 68.814766, "y": 107.109599}, "15": {"neighbours": [3, 13, 43, 57, 64, 96, 123, 136], "node_range": 20, "x": 123.817537, "y": 137.020241}, "16": {"neighbours": [47, 75, 77, 111, 125, 135, 139, 147], "node_range": 20, "x": 120.318405, "y": 0.102397}, "17": {"neighbours": [11, 34, 74, 130, 133], "node_range": 20, "x": 85.189449, "y": 8.587901}, "18": {"neighbours": [73, 107, 118], "node_range": 20, "x": 5.115187, "y": 87.883767}, "19": {"neighbours": [7, 10, 32, 39, 52, 67, 99, 101, 119, 131], "node_range": 20, "x": 118.189258, "y": 35.691536}, "20": {"neighbours": [104, 127], "node_range": 20, "x": 135.949133, "y": 102.904871}, "21": {"neighbours": [2, 59, 68, 80, 85, 112, 150], "node_range": 20, "x": 57.121693, "y": 127.746473}, "22": {"neighbours": [8, 100], "node_range": 20, "x": 4.881309, "y": 49.302035}, "23": {"neighbours": [26, 37, 45, 51, 54, 76, 109, 117, 121], "node_range": 20, "x": 43.424797, "y": 26.483896}, "24": {"neighbours": [13, 43, 64, 136], "node_range": 20, "x": 147.990798, "y": 126.085248}, "25": {"neighbours": [1, 28, 50, 59, 98], "node_range": 20, "x": 53.974663, "y": 91.775744}, "26": {"neighbours": [5, 23, 34, 41, 42, 48, 121, 130], "node_range": 20, "x": 58.191143, "y": 13.457624}, "27": {"neighbours": [31, 45, 51, 76, 83, 90, 120, 126], "node_range": 20, "x": 50.442774, "y": 48.858432}, "28": {"neighbours": [1, 4, 12, 25, 78, 126], "node_range": 20, "x": 60.861065, "y": 81.088344}, "29": {"neighbours": [37, 54, 62, 63, 65, 91, 106, 132, 146, 149], "node_range": 20, "x": 21.493145, "y": 5.943547}, "30": {"neighbours": [3, 53, 81, 87, 138], "node_range": 20, "x": 96.76011, "y": 140.199928}, "31": {"neighbours": [27, 36, 83, 108, 115], "node_range": 20, "x": 69.789806, "y": 47.262103}, "32": {"neighbours": [19, 39, 52, 92, 99, 101, 114, 119, 148], "node_range": 20, "x": 130.182504, "y": 50.149217}, "33": {"neighbours": [69, 79, 88, 92, 94, 113, 114, 137], "node_range": 20, "x": 125.776693, "y": 80.286191}, "34": {"neighbours": [5, 17, 26, 41, 42, 74, 130, 133], "node_range": 20, "x": 69.927895, "y": 19.932033}, "35": {"neighbours": [53, 55, 60, 70, 87, 102, 116, 143], "node_range": 20, "x": 96.396742, "y": 116.388366}, "36": {"neighbours": [31, 38, 46, 84, 108, 115], "node_range": 20, "x": 81.948055, "y": 52.74819}, "37": {"neighbours": [23, 29, 48, 54, 65, 91, 106, 109, 121, 146, 149], "node_range": 20, "x": 35.173343, "y": 9.156271}, "38": {"neighbours": [36, 84, 108, 115, 131, 141], "node_range": 20, "x": 95.827886, "y": 51.515421}, "39": {"neighbours": [7, 10, 19, 32, 52, 56, 67, 99, 101, 119], "node_range": 20, "x": 125.369205, "y": 35.937983}, "40": {"neighbours": [6, 9, 49, 58, 95, 97, 105, 110, 140, 144], "node_range": 20, "x": 20.281991, "y": 118.067792}, "41": {"neighbours": [5, 26, 34, 42, 48, 121, 130], "node_range": 20, "x": 57.624509, "y": 9.596164}, "42": {"neighbours": [5, 26, 34, 41, 74, 76, 130], "node_range": 20, "x": 64.944661, "y": 22.159772}, "43": {"neighbours": [13, 15, 24, 64, 96, 104, 123, 136], "node_range": 20, "x": 132.149292, "y": 125.530587}, "44": {"neighbours": [54, 72, 91, 100, 106, 117, 128, 132], "node_range": 20, "x": 18.328906, "y": 31.037833}, "45": {"neighbours": [23, 27, 51, 76, 109, 117, 121], "node_range": 20, "x": 45.249523, "y": 34.696627}, "46": {"neighbours": [4, 12, 36, 66, 78], "node_range": 20, "x": 80.285249, "y": 68.673002}, "47": {"neighbours": [7, 11, 16, 75, 77, 111, 125, 135, 139, 147], "node_range": 20, "x": 116.664395, "y": 4.867715}, "48": {"neighbours": [26, 37, 41, 65, 121, 146, 149], "node_range": 20, "x": 43.377396, "y": 1.78149}, "49": {"neighbours": [6, 40, 58, 95, 97, 110, 140], "node_range": 20, "x": 11.291778, "y": 127.151717}, "50": {"neighbours": [25, 71, 93, 98, 103, 120, 126], "node_range": 20, "x": 39.889792, "y": 82.429997}, "51": {"neighbours": [23, 27, 45, 72, 76, 109, 117], "node_range": 20, "x": 36.47898, "y": 40.269529}, "52": {"neighbours": [7, 10, 19, 32, 39, 56, 77, 99, 101, 119, 135], "node_range": 20, "x": 136.770974, "y": 31.396353}, "53": {"neighbours": [30, 35, 70, 81, 87, 138], "node_range": 20, "x": 91.264461, "y": 130.612859}, "54": {"neighbours": [23, 29, 37, 44, 65, 72, 91, 106, 109, 117, 121, 132, 146, 149], "node_range": 20, "x": 31.675246, "y": 18.445543}, "55": {"neighbours": [35, 60, 116, 143], "node_range": 20, "x": 99.599289, "y": 98.499244}, "56": {"neighbours": [7, 10, 39, 52, 75, 77, 99, 101, 119, 135], "node_range": 20, "x": 137.999649, "y": 30.407076}, "57": {"neighbours": [3, 13, 15, 96, 123, 136], "node_range": 20, "x": 122.924455, "y": 143.497992}, "58": {"neighbours": [6, 9, 40, 49, 95, 97, 105, 110, 140, 144], "node_range": 20, "x": 15.050517, "y": 112.862001}, "59": {"neighbours": [2, 14, 21, 25, 61, 85], "node_range": 20, "x": 53.797299, "y": 109.606164}, "60": {"neighbours": [35, 55, 116, 143], "node_range": 20, "x": 91.537237, "y": 109.765353}, "61": {"neighbours": [2, 14, 59, 70, 85], "node_range": 20, "x": 70.192226, "y": 110.426805}, "62": {"neighbours": [29, 63, 65, 106, 124], "node_range": 20, "x": 9.555456, "y": 1.255596}, "63": {"neighbours": [29, 62, 65, 106, 124, 132], "node_range": 20, "x": 6.510686, "y": 5.976358}, "64": {"neighbours": [13, 15, 24, 43, 96, 104, 123, 136], "node_range": 20, "x": 136.756667, "y": 126.095728}, "65": {"neighbours": [29, 37, 48, 54, 62, 63, 91, 106, 146, 149], "node_range": 20, "x": 25.916455, "y": 3.084852}, "66": {"neighbours": [4, 46, 82, 141], "node_range": 20, "x": 97.342096, "y": 74.84992}, "67": {"neighbours": [7, 10, 19, 39, 99, 101, 119, 131, 147], "node_range": 20, "x": 114.485276, "y": 27.313964}, "68": {"neighbours": [21, 80, 86, 112, 134, 150], "node_range": 20, "x": 55.338857, "y": 140.546565}, "69": {"neighbours": [33, 88, 92, 94, 113, 114, 137, 148], "node_range": 20, "x": 129.900591, "y": 72.317687}, "70": {"neighbours": [35, 53, 61, 80, 87, 138, 150], "node_range": 20, "x": 80.212265, "y": 127.019585}, "71": {"neighbours": [50, 90, 98, 120, 122, 126, 142], "node_range": 20, "x": 40.901719, "y": 69.294481}, "72": {"neighbours": [44, 51, 54, 91, 100, 106, 109, 117, 128, 132], "node_range": 20, "x": 20.83632, "y": 28.107388}, "73": {"neighbours": [18, 107, 118, 145], "node_range": 20, "x": 9.61363, "y": 79.850054}, "74": {"neighbours": [5, 17, 34, 42, 84, 108, 115, 133], "node_range": 20, "x": 77.516728, "y": 25.499409}, "75": {"neighbours": [7, 16, 47, 56, 77, 111, 125, 135, 147], "node_range": 20, "x": 135.323146, "y": 10.846088}, "76": {"neighbours": [5, 23, 27, 42, 45, 51, 109, 117, 121], "node_range": 20, "x": 49.827189, "y": 34.792103},