{"1": {"neighbours": [5, 6, 7, 36, 69, 86, 93, 96], "node_range": 15, "x": 93.397367, "y": 52.315439}, "2": {"neighbours": [19, 39, 49, 55, 72, 75], "node_range": 15, "x": 95.292652, "y": 95.078158}, "3": {"neighbours": [4, 11, 20, 26, 44, 46, 66, 68], "node_range": 15, "x": 12.808014, "y": 20.812666}, "4": {"neighbours": [3, 41, 46, 48], "node_range": 15, "x": 7.388233, "y": 13.429914}, "5": {"neighbours": [1, 7, 34, 36, 51, 69, 86, 96], "node_range": 15, "x": 84.814771, "y": 63.787903}, "6": {"neighbours": [1, 7, 69, 86, 93], "node_range": 15, "x": 98.972317, "y": 51.536776}, "7": {"neighbours": [1, 5, 6, 36, 69, 86, 93, 96], "node_range": 15, "x": 94.484769, "y": 53.877093}, "8": {"neighbours": [13, 15, 51, 63, 81, 89], "node_range": 15, "x": 62.199296, "y": 71.262308}, "9": {"neighbours": [28, 35, 74, 77, 85, 88, 90, 99], "node_range": 15, "x": 27.098074, "y": 75.300856}, "10": {"neighbours": [18, 60, 67, 84, 85, 91], "node_range": 15, "x": 40.828153, "y": 96.652772}, "11": {"neighbours": [3, 26, 42, 66, 73], "node_range": 15, "x": 2.908604, "y": 30.537241}, "12": {"neighbours": [25, 31, 79, 87, 97], "node_range": 15, "x": 71.84117, "y": 23.390548}, "13": {"neighbours": [8, 43, 63, 81, 91, 94, 98], "node_range": 15, "x": 53.561758, "y": 81.128389}, "14": {"neighbours": [24, 37, 58, 59, 64, 78, 87, 97], "node_range": 15, "x": 67.218022, "y": 6.120371}, "15": {"neighbours": [8, 51, 63, 89], "node_range": 15, "x": 63.394264, "y": 66.238729}, "16": {"neighbours": [30, 53, 56, 90, 98], "node_range": 15, "x": 43.438093, "y": 60.017668}, "17": {"neighbours": [21, 32, 64, 82], "node_range": 15, "x": 42.675929, "y": 4.19435}, "18": {"neighbours": [10, 23, 43, 60, 67, 84, 91], "node_range": 15, "x": 43.944024, "y": 97.805009}, "19": {"neighbours": [2, 39, 49, 55, 72, 75], "node_range": 15, "x": 82.058061, "y": 94.88524}, "20": {"neighbours": [3, 44, 68, 82], "node_range": 15, "x": 27.20167, "y": 19.674635}, "21": {"neighbours": [17, 32, 64, 82], "node_range": 15, "x": 40.38593, "y": 10.960054}, "22": {"neighbours": [38, 54, 79, 83], "node_range": 15, "x": 91.132624, "y": 9.839508}, "23": {"neighbours": [18, 40, 43, 60, 91, 95], "node_range": 15, "x": 58.505039, "y": 96.826847}, "24": {"neighbours": [14, 37, 58, 59, 78, 87], "node_range": 15, "x": 69.243313, "y": 1.085653}, "25": {"neighbours": [12, 31, 87, 97], "node_range": 15, "x": 70.022892, "y": 25.81589}, "26": {"neighbours": [3, 11, 44, 66, 68, 73], "node_range": 15, "x": 13.985485, "y": 27.119976}, "27": {"neighbours": [29, 62, 100], "node_range": 15, "x": 89.907161, "y": 36.53811}, "28": {"neighbours": [9, 35, 43, 67, 85, 88, 90, 94], "node_range": 15, "x": 36.158416, "y": 81.514691}, "29": {"neighbours": [27, 38, 54, 62, 100], "node_range": 15, "x": 93.363954, "y": 34.116955}, "30": {"neighbours": [16, 53, 56, 74, 90, 98], "node_range": 15, "x": 38.795012, "y": 62.427}, "31": {"neighbours": [12, 25, 87, 97], "node_range": 15, "x": 62.925332, "y": 22.357645}, "32": {"neighbours": [17, 21], "node_range": 15, "x": 32.146724, "y": 1.243944}, "33": {"neighbours": [45, 47, 50, 61], "node_range": 15, "x": 7.048939, "y": 56.037463}, "34": {"neighbours": [5, 36, 51, 69, 76, 92, 96], "node_range": 15, "x": 79.48091, "y": 70.861144}, "35": {"neighbours": [9, 28, 74, 77, 85, 88, 90, 99], "node_range": 15, "x": 26.978395, "y": 75.130584}, "36": {"neighbours": [1, 5, 7, 34, 69, 86, 93, 96], "node_range": 15, "x": 86.662571, "y": 62.388874}, "37": {"neighbours": [14, 24, 58, 59, 78, 79, 83, 87], "node_range": 15, "x": 74.566497, "y": 4.555575}, "38": {"neighbours": [22, 29, 54, 62, 79, 83, 100], "node_range": 15, "x": 88.326286, "y": 20.203372}, "39": {"neighbours": [2, 19, 49, 55, 72, 76, 92], "node_range": 15, "x": 83.638032, "y": 86.483974}, "40": {"neighbours": [23, 91, 92, 95], "node_range": 15, "x": 67.556535, "y": 89.032128}, "41": {"neighbours": [4, 46, 48], "node_range": 15, "x": 0.707501, "y": 4.082483}, "42": {"neighbours": [11, 66, 73], "node_range": 15, "x": 1.824909, "y": 38.9554}, "43": {"neighbours": [13, 18, 23, 28, 60, 81, 91, 94], "node_range": 15, "x": 50.511793, "y": 84.602609}, "44": {"neighbours": [3, 20, 26, 68], "node_range": 15, "x": 25.079805, "y": 26.480002}, "45": {"neighbours": [33, 47, 50, 74, 77, 99], "node_range": 15, "x": 13.064721, "y": 66.974009}, "46": {"neighbours": [3, 4, 41, 48], "node_range": 15, "x": 4.319739, "y": 8.871901}, "47": {"neighbours": [33, 45, 50, 61, 77, 99], "node_range": 15, "x": 10.399017, "y": 62.450088}, "48": {"neighbours": [4, 41, 46], "node_range": 15, "x": 11.867847, "y": 0.689236}, "49": {"neighbours": [2, 19, 39, 55, 72, 75], "node_range": 15, "x": 82.581156, "y": 94.758139}, "50": {"neighbours": [33, 45, 47, 61, 74], "node_range": 15, "x": 16.005843, "y": 52.573382}, "51": {"neighbours": [5, 8, 15, 34, 92], "node_range": 15, "x": 74.498394, "y": 74.54754}, "52": {"neighbours": [57, 80], "node_range": 15, "x": 51.040691, "y": 36.284011}, "53": {"neighbours": [16, 30, 56, 74, 90], "node_range": 15, "x": 30.998931, "y": 57.545479}, "54": {"neighbours": [22, 29, 38, 62, 79, 83, 100], "node_range": 15, "x": 93.317552, "y": 21.008116}, "55": {"neighbours": [2, 19, 39, 49, 72, 75, 76], "node_range": 15, "x": 90.830736, "y": 88.784066}, "56": {"neighbours": [16, 30, 53, 74, 90, 94, 98], "node_range": 15, "x": 40.168808, "y": 64.214705}, "57": {"neighbours": [52, 80], "node_range": 15, "x": 45.341185, "y": 35.367279}, "58": {"neighbours": [14, 24, 37, 59, 64, 78, 87], "node_range": 15, "x": 62.74661, "y": 5.336077}, "59": {"neighbours": [14, 24, 37, 58, 64, 78], "node_range": 15, "x": 61.007743, "y": 0.995141}, "60": {"neighbours": [10, 18, 23, 43, 67, 84, 91, 95], "node_range": 15, "x": 47.715008, "y": 99.097421}, "61": {"neighbours": [33, 47, 50], "node_range": 15, "x": 1.81403, "y": 54.929251}, "62": {"neighbours": [27, 29, 38, 54, 100], "node_range": 15, "x": 90.957826, "y": 32.506809}, "63": {"neighbours": [8, 13, 15, 81, 89, 98], "node_range": 15, "x": 57.003165, "y": 68.653519}, "64": {"neighbours": [14, 17, 21, 58, 59], "node_range": 15, "x": 52.737674, "y": 6.549339}, "65": {"neighbours": [70, 71, 99], "node_range": 15, "x": 5.561169, "y": 82.135962}, "66": {"neighbours": [3, 11, 26, 42, 73], "node_range": 15, "x": 8.320198, "y": 29.5082}, "67": {"neighbours": [10, 18, 28, 60, 84, 85], "node_range": 15, "x": 37.874499, "y": 94.607832}, "68": {"neighbours": [3, 20, 26, 44, 82], "node_range": 15, "x": 25.238612, "y": 19.00816}, "69": {"neighbours": [1, 5, 6, 7, 34, 36, 86, 93, 96], "node_range": 15, "x": 88.952348, "y": 59.295106}, "70": {"neighbours": [65, 71, 99], "node_range": 15, "x": 7.419886, "y": 84.576178}, "71": {"neighbours": [65, 70, 99], "node_range": 15, "x": 3.664499, "y": 82.299887}, "72": {"neighbours": [2, 19, 39, 49, 55, 75, 76], "node_range": 15, "x": 94.522932, "y": 90.377925}, "73": {"neighbours": [11, 26, 42, 66], "node_range": 15, "x": 2.151274, "y": 34.257021}, "74": {"neighbours": [9, 30, 35, 45, 50, 53, 56, 77, 90], "node_range": 15, "x": 26.483315, "y": 62.353076}, "75": {"neighbours": [2, 19, 49, 55, 72], "node_range": 15, "x": 94.367479, "y": 97.341858}, "76": {"neighbours": [34, 39, 55, 72, 92], "node_range": 15, "x": 89.040187, "y": 78.569666}, "77": {"neighbours": [9, 35, 45, 47, 74, 99], "node_range": 15, "x": 20.269727, "y": 71.987633}, "78": {"neighbours": [14, 24, 37, 58, 59, 79, 87], "node_range": 15, "x": 73.615651, "y": 5.940483}, "79": {"neighbours": [12, 22, 37, 38, 54, 78, 83, 87, 97], "node_range": 15, "x": 80.811115, "y": 15.20839}, "80": {"neighbours": [52, 57], "node_range": 15, "x": 43.701424, "y": 29.4832}, "81": {"neighbours": [8, 13, 43, 63, 94, 98], "node_range": 15, "x": 52.81909, "y": 77.361635}, "82": {"neighbours": [17, 20, 21, 68], "node_range": 15, "x": 35.799061, "y": 15.798639}, "83": {"neighbours": [22, 37, 38, 54, 79], "node_range": 15, "x": 88.813322, "y": 9.156685}, "84": {"neighbours": [10, 18, 60, 67, 85], "node_range": 15, "x": 35.968787, "y": 97.807477},