{"1": {"neighbours": [4, 5], "node_range": 2, "x": 2.365824, "y": 4.296016}, "2": {"neighbours": [3, 4], "node_range": 2, "x": 4.936639, "y": 3.663994}, "3": {"neighbours": [2, 4], "node_range": 2, "x": 4.511761, "y": 2.280711}, "4": {"neighbours": [1, 2, 3, 5], "node_range": 2, "x": 3.45504, "y": 3.607218}, "5": {"neighbours": [1, 4], "node_range": 2, "x": 1.818097, "y": 4.335776}}