{"1": {"neighbours": [7, 11, 22, 25, 41], "node_range": 10, "x": 40.065367, "y": 17.296199}, "2": {"neighbours": [14, 20, 24, 29, 30, 44, 46], "node_range": 10, "x": 41.960882, "y": 46.268749}, "3": {"neighbours": [4, 5, 7, 26, 35, 38, 41], "node_range": 10, "x": 34.989831, "y": 27.479129}, "4": {"neighbours": [3, 5, 26, 38, 44], "node_range": 10, "x": 39.73714, "y": 30.461133}, "5": {"neighbours": [3, 4, 14, 26, 35, 38], "node_range": 10, "x": 32.887714, "y": 36.987692}, "6": {"neighbours": [13, 32, 36, 50], "node_range": 10, "x": 15.762099, "y": 30.174196}, "7": {"neighbours": [1, 3, 27, 35, 39, 41], "node_range": 10, "x": 31.917482, "y": 19.387552}, "8": {"neighbours": [23, 42, 48], "node_range": 10, "x": 16.273203, "y": 14.093337}, "9": {"neighbours": [11, 25, 43], "node_range": 10, "x": 45.708295, "y": 6.651338}, "10": {"neighbours": [34, 37, 50], "node_range": 10, "x": 0.092396, "y": 32.64446}, "11": {"neighbours": [1, 9, 25], "node_range": 10, "x": 38.799979, "y": 9.558471}, "12": {"neighbours": [26, 29, 30, 44], "node_range": 10, "x": 49.046926, "y": 34.386844}, "13": {"neighbours": [6, 32, 36, 45, 50], "node_range": 10, "x": 8.7111, "y": 25.27174}, "14": {"neighbours": [2, 5, 29, 46, 47], "node_range": 10, "x": 34.969331, "y": 44.512065}, "15": {"neighbours": [18, 28, 45], "node_range": 10, "x": 4.016732, "y": 15.040555}, "16": {"neighbours": [21, 40], "node_range": 10, "x": 21.635167, "y": 40.629171}, "17": {"neighbours": [18, 31, 33], "node_range": 10, "x": 2.492698, "y": 2.694228}, "18": {"neighbours": [15, 17, 28, 33], "node_range": 10, "x": 1.452336, "y": 9.49219}, "19": {"neighbours": [23, 31, 48, 49], "node_range": 10, "x": 19.023839, "y": 3.812222}, "20": {"neighbours": [2, 24, 29, 30, 44, 46], "node_range": 10, "x": 46.17908, "y": 44.912685}, "21": {"neighbours": [16, 34, 36, 40, 50], "node_range": 10, "x": 12.017436, "y": 41.603893}, "22": {"neighbours": [1, 25, 41], "node_range": 10, "x": 42.904097, "y": 19.179488}, "23": {"neighbours": [8, 19, 31, 48, 49], "node_range": 10, "x": 17.384591, "y": 7.388945}, "24": {"neighbours": [2, 20, 29, 30, 46], "node_range": 10, "x": 46.48218, "y": 48.941417}, "25": {"neighbours": [1, 9, 11, 22], "node_range": 10, "x": 46.620033, "y": 10.473719}, "26": {"neighbours": [3, 4, 5, 12, 29, 30, 38, 44], "node_range": 10, "x": 40.41469, "y": 33.279052}, "27": {"neighbours": [7, 39, 41], "node_range": 10, "x": 28.902717, "y": 18.126844}, "28": {"neighbours": [15, 18, 45], "node_range": 10, "x": 0.682625, "y": 14.990747}, "29": {"neighbours": [2, 12, 14, 20, 24, 26, 30, 44, 46], "node_range": 10, "x": 42.420328, "y": 41.368264}, "30": {"neighbours": [2, 12, 20, 24, 26, 29, 44, 46], "node_range": 10, "x": 45.654473, "y": 40.855637}, "31": {"neighbours": [17, 19, 23, 49], "node_range": 10, "x": 12.412162, "y": 2.861015}, "32": {"neighbours": [6, 13, 34, 36, 50], "node_range": 10, "x": 12.08564, "y": 28.335211}, "33": {"neighbours": [17, 18], "node_range": 10, "x": 0.564467, "y": 4.045332}, "34": {"neighbours": [10, 21, 32, 36, 37, 50], "node_range": 10, "x": 8.086245, "y": 37.372633}, "35": {"neighbours": [3, 5, 7, 38, 39], "node_range": 10, "x": 28.556532, "y": 28.532093}, "36": {"neighbours": [6, 13, 21, 32, 34, 50], "node_range": 10, "x": 10.361396, "y": 33.586073}, "37": {"neighbours": [10, 34], "node_range": 10, "x": 0.669662, "y": 40.110181}, "38": {"neighbours": [3, 4, 5, 26, 35], "node_range": 10, "x": 31.784933, "y": 33.579612}, "39": {"neighbours": [7, 27, 35, 41, 42, 48], "node_range": 10, "x": 24.571915, "y": 20.840439}, "40": {"neighbours": [16, 21], "node_range": 10, "x": 20.17995, "y": 42.947872}, "41": {"neighbours": [1, 3, 7, 22, 27, 39], "node_range": 10, "x": 34.401056, "y": 19.08523}, "42": {"neighbours": [8, 39, 45, 48], "node_range": 10, "x": 17.120598, "y": 19.557472}, "43": {"neighbours": [9], "node_range": 10, "x": 43.539728, "y": 0.335873}, "44": {"neighbours": [2, 4, 12, 20, 26, 29, 30], "node_range": 10, "x": 45.893757, "y": 37.91184}, "45": {"neighbours": [13, 15, 28, 42], "node_range": 10, "x": 7.611675, "y": 19.294732}, "46": {"neighbours": [2, 14, 20, 24, 29, 30], "node_range": 10, "x": 41.484564, "y": 47.998916}, "47": {"neighbours": [14], "node_range": 10, "x": 31.398863, "y": 48.752818}, "48": {"neighbours": [8, 19, 23, 39, 42], "node_range": 10, "x": 19.513239, "y": 13.561305}, "49": {"neighbours": [19, 23, 31], "node_range": 10, "x": 15.059452, "y": 1.757985}, "50": {"neighbours": [6, 10, 13, 21, 32, 34, 36], "node_range": 10, "x": 8.234616, "y": 33.438793}}