{"1": {"neighbours": [164], "node_range": 20, "x": 69.434604, "y": 140.757948}, "2": {"neighbours": [149, 185], "node_range": 20, "x": 53.709052, "y": 12.317537}, "3": {"neighbours": [20, 26, 43, 50, 130, 135, 139, 169, 177], "node_range": 20, "x": 135.259638, "y": 162.774232}, "4": {"neighbours": [13, 67, 88, 101], "node_range": 20, "x": 158.689171, "y": 93.100651}, "5": {"neighbours": [31, 44, 59, 66, 118, 152, 171, 174], "node_range": 20, "x": 24.835824, "y": 174.990929}, "6": {"neighbours": [35, 54, 63, 80, 163, 187], "node_range": 20, "x": 136.692037, "y": 69.230651}, "7": {"neighbours": [39, 89], "node_range": 20, "x": 119.63988, "y": 24.05952}, "8": {"neighbours": [21, 93, 106, 129, 159, 196], "node_range": 20, "x": 180.808497, "y": 119.667372}, "9": {"neighbours": [22, 51, 56, 97, 117, 184, 199], "node_range": 20, "x": 60.529861, "y": 181.321473}, "10": {"neighbours": [52, 95, 172], "node_range": 20, "x": 96.69077, "y": 19.608516}, "11": {"neighbours": [50, 102, 112, 159, 169], "node_range": 20, "x": 154.168376, "y": 138.01674}, "12": {"neighbours": [30, 42, 90, 91, 99, 111, 136, 140], "node_range": 20, "x": 109.988645, "y": 108.89686}, "13": {"neighbours": [4, 88, 101, 106], "node_range": 20, "x": 167.76677, "y": 92.998302}, "14": {"neighbours": [17, 25, 28, 45, 57, 110, 123], "node_range": 20, "x": 76.545009, "y": 73.472349}, "15": {"neighbours": [25, 28, 45, 46, 120, 168], "node_range": 20, "x": 51.15539, "y": 77.966446}, "16": {"neighbours": [62, 94, 182, 190], "node_range": 20, "x": 195.970513, "y": 21.100243}, "17": {"neighbours": [14, 28, 57, 77, 110, 123], "node_range": 20, "x": 81.904267, "y": 67.338575}, "18": {"neighbours": [61, 64, 180, 196], "node_range": 20, "x": 195.698677, "y": 88.164531}, "19": {"neighbours": [144, 185], "node_range": 20, "x": 28.18993, "y": 0.420872}, "20": {"neighbours": [3, 26, 43, 92, 135, 139], "node_range": 20, "x": 122.404191, "y": 165.527899}, "21": {"neighbours": [8, 93, 159], "node_range": 20, "x": 168.215138, "y": 122.413148}, "22": {"neighbours": [9, 51, 117, 184], "node_range": 20, "x": 44.409526, "y": 185.749134}, "23": {"neighbours": [44, 100, 148], "node_range": 20, "x": 6.192429, "y": 146.199437}, "24": {"neighbours": [52, 77, 89, 95, 96], "node_range": 20, "x": 108.522695, "y": 46.535212}, "25": {"neighbours": [14, 15, 28, 45, 46, 57, 123], "node_range": 20, "x": 65.483336, "y": 86.298978}, "26": {"neighbours": [3, 20, 43, 58, 92, 135, 139, 153, 177, 178, 183], "node_range": 20, "x": 122.137177, "y": 176.271455}, "27": {"neighbours": [36, 65, 81, 121, 146], "node_range": 20, "x": 104.464266, "y": 144.235188}, "28": {"neighbours": [14, 15, 17, 25, 45, 46, 57, 123], "node_range": 20, "x": 64.42863, "y": 76.205569}, "29": {"neighbours": [71, 76, 78, 86, 107, 142, 193], "node_range": 20, "x": 192.062483, "y": 178.340198}, "30": {"neighbours": [12, 67, 90, 111, 136, 143, 154, 155, 187], "node_range": 20, "x": 124.032725, "y": 99.933537}, "31": {"neighbours": [5, 44, 59, 66, 118, 152, 171, 174], "node_range": 20, "x": 23.798598, "y": 171.061931}, "32": {"neighbours": [113, 160, 189], "node_range": 20, "x": 45.200045, "y": 115.948235}, "33": {"neighbours": [58, 60, 92, 114, 141, 146, 150, 151, 178], "node_range": 20, "x": 101.185274, "y": 171.823677}, "34": {"neighbours": [38, 84, 188, 192], "node_range": 20, "x": 167.246524, "y": 29.238706}, "35": {"neighbours": [6, 54, 63, 80, 162], "node_range": 20, "x": 134.590011, "y": 60.263758}, "36": {"neighbours": [27, 81, 91, 140], "node_range": 20, "x": 91.05235, "y": 133.143129}, "37": {"neighbours": [181], "node_range": 20, "x": 17.258514, "y": 88.748578}, "38": {"neighbours": [34, 84, 188, 192], "node_range": 20, "x": 168.649099, "y": 20.554578}, "39": {"neighbours": [7, 82, 89, 104, 165, 191], "node_range": 20, "x": 122.62282, "y": 20.086527}, "40": {"neighbours": [53, 108, 125, 134, 137, 161, 168, 186], "node_range": 20, "x": 32.351864, "y": 53.869078}, "41": {"neighbours": [131, 156, 165, 191], "node_range": 20, "x": 147.446554, "y": 5.605105}, "42": {"neighbours": [12, 90, 143, 176, 194], "node_range": 20, "x": 101.827809, "y": 93.975723}, "43": {"neighbours": [3, 20, 26, 135, 139, 177, 183], "node_range": 20, "x": 130.518762, "y": 167.336653}, "44": {"neighbours": [5, 23, 31, 59, 85, 171], "node_range": 20, "x": 13.60307, "y": 161.886944}, "45": {"neighbours": [14, 15, 25, 28, 46, 70, 123], "node_range": 20, "x": 61.352452, "y": 73.755043}, "46": {"neighbours": [15, 25, 28, 45, 123, 160], "node_range": 20, "x": 57.193551, "y": 86.313615}, "47": {"neighbours": [68, 113], "node_range": 20, "x": 47.622209, "y": 137.633965}, "48": {"neighbours": [133, 145, 148, 181], "node_range": 20, "x": 3.18059, "y": 115.776218}, "49": {"neighbours": [61, 64, 69, 105, 157], "node_range": 20, "x": 179.394681, "y": 70.818154}, "50": {"neighbours": [3, 11, 169], "node_range": 20, "x": 149.122399, "y": 153.589434}, "51": {"neighbours": [9, 22, 117, 152, 184], "node_range": 20, "x": 44.821657, "y": 183.419078}, "52": {"neighbours": [10, 24, 89, 95, 96, 166, 172], "node_range": 20, "x": 95.812578, "y": 37.941426}, "53": {"neighbours": [40, 70, 79, 161, 168], "node_range": 20, "x": 45.436389, "y": 50.96753}, "54": {"neighbours": [6, 35, 63, 162, 163, 195], "node_range": 20, "x": 144.37652, "y": 58.066788}, "55": {"neighbours": [68, 97, 117, 152, 179, 184], "node_range": 20, "x": 50.74625, "y": 163.649105}, "56": {"neighbours": [9, 60, 117, 141, 170, 199], "node_range": 20, "x": 79.293605, "y": 182.470663}, "57": {"neighbours": [14, 17, 25, 28, 110, 123, 176, 194], "node_range": 20, "x": 83.694998, "y": 78.079028}, "58": {"neighbours": [26, 33, 60, 75, 92, 114, 150, 151, 153, 178], "node_range": 20, "x": 109.317416, "y": 183.996614}, "59": {"neighbours": [5, 31, 44, 66, 118, 152, 171, 174], "node_range": 20, "x": 22.350583, "y": 174.650284}, "60": {"neighbours": [33, 56, 58, 75, 92, 114, 141, 150, 151, 170, 178], "node_range": 20, "x": 97.815077, "y": 187.875889}, "61": {"neighbours": [18, 49, 64, 105, 180], "node_range": 20, "x": 183.905235, "y": 74.928524}, "62": {"neighbours": [16, 94, 190], "node_range": 20, "x": 197.376763, "y": 33.49324}, "63": {"neighbours": [6, 35, 54, 162, 195], "node_range": 20, "x": 131.390152, "y": 53.107135}, "64": {"neighbours": [18, 49, 61, 105, 180], "node_range": 20, "x": 194.628737, "y": 75.287885}, "65": {"neighbours": [27, 99, 121, 124, 130], "node_range": 20, "x": 112.776265, "y": 135.379789}, "66": {"neighbours": [5, 31, 59, 85, 109, 118, 119, 171, 174], "node_range": 20, "x": 17.37015, "y": 182.426709}, "67": {"neighbours": [4, 30, 80, 88, 101, 154, 155, 187], "node_range": 20, "x": 140.56208, "y": 89.443852}, "68": {"neighbours": [47, 55, 113, 179], "node_range": 20, "x": 48.357368, "y": 145.821352}, "69": {"neighbours": [49, 94, 105, 157], "node_range": 20, "x": 190.094371, "y": 54.201378}, "70": {"neighbours": [45, 53, 79, 161, 168], "node_range": 20, "x": 53.810681, "y": 56.427748}, "71": {"neighbours": [29, 76, 78, 86, 107, 142, 193], "node_range": 20, "x": 188.536462, "y": 178.74259}, "72": {"neighbours": [74, 158, 160, 173], "node_range": 20, "x": 69.069963, "y": 112.936746}, "73": {"neighbours": [116, 125, 132, 167, 198], "node_range": 20, "x": 32.061476, "y": 29.542645}, "74": {"neighbours": [72, 91, 158, 164, 173], "node_range": 20, "x": 76.142728, "y": 117.504369}, "75": {"neighbours": [58, 60, 92, 114, 150, 151, 153, 178], "node_range": 20, "x": 104.475284, "y": 194.340948}, "76": {"neighbours": [29, 71, 78, 83, 86, 107, 193], "node_range": 20, "x": 185.27268, "y": 187.974331}, "77": {"neighbours": [17, 24, 96, 110], "node_range": 20, "x": 96.02939, "y": 58.488764}, "78": {"neighbours": [29, 71, 76, 83, 86, 107], "node_range": 20, "x": 179.199169, "y": 191.348417}, "79": {"neighbours": [53, 70, 166], "node_range": 20, "x": 64.327907, "y": 52.492753}, "80": {"neighbours": [6, 35, 67, 154, 155, 187], "node_range": 20, "x": 134.579612, "y": 79.492458}, "81": {"neighbours": [27, 36, 91, 164], "node_range": 20,